frame,time,sun_area_px,uncovered,frame_max,frame_mean,lx,temp_c,rh_pct,obscuration,sun_alt_deg
0,2026-08-12 19:25:41,7826,1.0008,228.0000,56.0790,9160.7481,,,0.0000,18.2798
1,2026-08-12 19:25:43,7821,1.0001,228.0000,56.0690,9158.1757,,,0.0000,18.2734
2,2026-08-12 19:25:45,7820,1.0000,228.0000,56.0580,9149.0708,,,0.0000,18.2670
3,2026-08-12 19:25:47,7830,1.0013,228.0000,56.0930,9145.5626,,,0.0000,18.2606
4,2026-08-12 19:25:49,7832,1.0015,228.0000,56.0960,9137.8466,,,0.0000,18.2542
5,2026-08-12 19:25:51,7831,1.0014,228.0000,56.0710,9129.7285,,,0.0000,18.2479
6,2026-08-12 19:25:53,7832,1.0015,228.0000,56.0840,9123.1464,,,0.0000,18.2417
7,2026-08-12 19:25:55,7824,1.0005,228.0000,56.0410,9117.7626,,,0.0000,18.2355
8,2026-08-12 19:25:57,7819,0.9999,228.0000,56.0230,9109.5029,,,0.0000,18.2293
9,2026-08-12 19:25:59,7832,1.0015,229.0000,56.0610,9105.4306,,,0.0000,18.2231
10,2026-08-12 19:26:01,7823,1.0004,229.0000,56.0120,9103.3137,,,0.0000,18.2168
11,2026-08-12 19:26:03,7826,1.0008,229.0000,55.9750,9098.7766,,,0.0000,18.2104
12,2026-08-12 19:26:05,7826,1.0008,228.0000,55.9170,9093.2589,,,0.0000,18.2040
13,2026-08-12 19:26:07,7829,1.0012,228.0000,55.9260,9081.5356,35.3000,25.3000,0.0000,18.1976
14,2026-08-12 19:26:09,7822,1.0003,228.0000,55.8910,9077.9234,35.3200,24.3400,0.0000,18.1912
15,2026-08-12 19:26:11,7819,0.9999,228.0000,55.8490,9074.2902,35.3400,23.3800,0.0000,18.1849
16,2026-08-12 19:26:13,7830,1.0013,228.0000,55.8920,9071.8979,35.3600,22.4200,0.0000,18.1787
17,2026-08-12 19:26:15,7823,1.0004,228.0000,55.8490,9068.3723,35.3800,21.4600,0.0000,18.1725
18,2026-08-12 19:26:17,7824,1.0005,228.0000,55.8210,9062.8737,35.4000,20.5000,0.0000,18.1663
19,2026-08-12 19:26:19,7821,1.0001,228.0000,55.7830,9052.8301,35.4000,20.7800,0.0000,18.1601
20,2026-08-12 19:26:21,7824,1.0005,228.0000,55.7570,9052.6133,35.4000,21.0600,0.0000,18.1538
21,2026-08-12 19:26:23,7814,0.9992,228.0000,55.6850,9049.9904,35.4000,21.3400,0.0000,18.1474
22,2026-08-12 19:26:25,7828,1.0010,227.0000,55.7220,9048.3076,35.4000,21.6200,0.0000,18.1410
23,2026-08-12 19:26:27,7828,1.0010,227.0000,55.6930,9044.4500,35.4000,21.9000,0.0000,18.1346
24,2026-08-12 19:26:29,7819,0.9999,228.0000,55.6220,9036.1669,35.4200,21.7200,0.0000,18.1282
25,2026-08-12 19:26:31,7817,0.9996,228.0000,55.5440,9023.7785,35.4400,21.5400,0.0000,18.1219
26,2026-08-12 19:26:33,7835,1.0019,228.0000,55.6090,9018.7647,35.4600,21.3600,0.0000,18.1157
27,2026-08-12 19:26:35,7823,1.0004,227.0000,55.5100,9013.6222,35.4800,21.1800,0.0000,18.1095
28,2026-08-12 19:26:37,7826,1.0008,228.0000,55.4920,9004.3142,35.5000,21.0000,0.0000,18.1033
29,2026-08-12 19:26:39,7843,1.0029,228.0000,55.5440,8997.2783,35.5200,20.9600,0.0000,18.0971
30,2026-08-12 19:26:41,7831,1.0014,227.0000,55.1870,8995.1198,35.5400,20.9200,0.0000,18.0908
31,2026-08-12 19:26:43,7825,1.0006,227.0000,55.2010,8991.8453,35.5600,20.8800,0.0000,18.0844
32,2026-08-12 19:26:45,7829,1.0012,227.0000,55.2070,8987.8955,35.5800,20.8400,0.0000,18.0780
33,2026-08-12 19:26:47,7822,1.0003,227.0000,55.1620,8984.2413,35.6000,20.8000,0.0000,18.0716
34,2026-08-12 19:26:49,7829,1.0012,227.0000,55.1730,8980.9050,35.6200,20.7400,0.0000,18.0652
35,2026-08-12 19:26:51,7820,1.0000,227.0000,55.1560,8978.2665,35.6400,20.6800,0.0000,18.0589
36,2026-08-12 19:26:53,7828,1.0010,227.0000,55.1520,8972.9664,35.6600,20.6200,0.0000,18.0527
37,2026-08-12 19:26:55,7830,1.0013,228.0000,55.1270,8965.9880,35.6800,20.5600,0.0000,18.0465
38,2026-08-12 19:26:57,7825,1.0006,227.0000,55.1080,8961.4883,35.7000,20.5000,0.0000,18.0403
39,2026-08-12 19:26:59,7823,1.0004,227.0000,55.0700,8954.0209,35.7200,20.5800,0.0000,18.0341
40,2026-08-12 19:27:01,7826,1.0008,227.0000,55.0750,8947.2423,35.7400,20.6600,0.0000,18.0278
41,2026-08-12 19:27:03,7827,1.0009,227.0000,55.0750,8942.9234,35.7600,20.7400,0.0000,18.0214
42,2026-08-12 19:27:05,7828,1.0010,227.0000,55.0540,8938.1735,35.7800,20.8200,0.0000,18.0150
43,2026-08-12 19:27:07,7817,0.9996,228.0000,55.0070,8931.4781,35.8000,20.9000,0.0000,18.0086
44,2026-08-12 19:27:09,7827,1.0009,228.0000,55.0010,8926.2163,35.8000,20.9000,0.0000,18.0022
45,2026-08-12 19:27:11,7828,1.0010,228.0000,54.9910,8921.1152,35.8000,20.9000,0.0000,17.9959
46,2026-08-12 19:27:13,7825,1.0006,227.0000,54.9900,8913.5725,35.8000,20.9000,0.0000,17.9897
47,2026-08-12 19:27:15,7828,1.0010,227.0000,54.9340,8904.5781,35.8000,20.9000,0.0000,17.9835
48,2026-08-12 19:27:17,7825,1.0006,227.0000,54.9320,8897.8681,35.8000,20.9000,0.0000,17.9773
49,2026-08-12 19:27:19,7826,1.0008,227.0000,54.9100,8894.0370,35.8400,20.9200,0.0000,17.9711
50,2026-08-12 19:27:21,7825,1.0006,227.0000,54.8890,8891.4694,35.8800,20.9400,0.0000,17.9648
51,2026-08-12 19:27:23,7818,0.9997,227.0000,54.8560,8886.3843,35.9200,20.9600,0.0000,17.9584
52,2026-08-12 19:27:25,7814,0.9992,227.0000,54.7800,8884.0988,35.9600,20.9800,0.0000,17.9520
53,2026-08-12 19:27:27,7821,1.0001,227.0000,54.7990,8877.9982,36.0000,21.0000,0.0000,17.9456
54,2026-08-12 19:27:29,7816,0.9995,226.0000,54.7540,8868.6519,36.0000,20.9000,0.0000,17.9392
55,2026-08-12 19:27:31,7824,1.0005,227.0000,54.7880,8862.4805,36.0000,20.8000,0.0000,17.9329
56,2026-08-12 19:27:33,7823,1.0004,227.0000,54.7750,8858.6862,36.0000,20.7000,0.0000,17.9267
57,2026-08-12 19:27:35,7825,1.0006,228.0000,54.7430,8851.8816,36.0000,20.6000,0.0000,17.9205
58,2026-08-12 19:27:37,7823,1.0004,227.0000,54.7460,8848.8084,36.0000,20.5000,0.0000,17.9143
59,2026-08-12 19:27:39,7828,1.0010,228.0000,54.7300,8842.3513,36.0200,20.4400,0.0000,17.9081
60,2026-08-12 19:27:41,7822,1.0003,227.0000,54.6070,8829.3213,36.0400,20.3800,0.0000,17.9018
61,2026-08-12 19:27:43,7816,0.9995,227.0000,54.6040,8821.5691,36.0600,20.3200,0.0000,17.8954
62,2026-08-12 19:27:45,7820,1.0000,227.0000,54.6070,8819.9804,36.0800,20.2600,0.0000,17.8890
63,2026-08-12 19:27:47,7820,1.0000,227.0000,54.6160,8814.9399,36.1000,20.2000,0.0000,17.8826
64,2026-08-12 19:27:49,7819,0.9999,226.0000,54.5880,8809.2312,36.1200,20.2600,0.0000,17.8762
65,2026-08-12 19:27:51,7816,0.9995,226.0000,54.5640,8802.4972,36.1400,20.3200,0.0000,17.8699
66,2026-08-12 19:27:53,7816,0.9995,226.0000,54.5230,8798.8056,36.1600,20.3800,0.0000,17.8637
67,2026-08-12 19:27:55,7806,0.9982,226.0000,54.5060,8797.5029,36.1800,20.4400,0.0000,17.8575
68,2026-08-12 19:27:57,7812,0.9990,227.0000,54.5130,8791.8648,36.2000,20.5000,0.0000,17.8513
69,2026-08-12 19:27:59,7822,1.0003,227.0000,54.5190,8787.2577,36.2200,20.5400,0.0000,17.8451
70,2026-08-12 19:28:01,7817,0.9996,227.0000,54.4830,8785.0822,36.2400,20.5800,0.0000,17.8388
71,2026-08-12 19:28:03,7815,0.9994,227.0000,54.4230,8781.1371,36.2600,20.6200,0.0000,17.8324
72,2026-08-12 19:28:05,7819,0.9999,226.0000,54.4290,8777.1677,36.2800,20.6600,0.0000,17.8260
73,2026-08-12 19:28:07,7821,1.0001,227.0000,54.4800,8773.0144,36.3000,20.7000,0.0000,17.8196
74,2026-08-12 19:28:09,7820,1.0000,227.0000,54.4330,8768.8887,36.3200,20.6800,0.0000,17.8132
75,2026-08-12 19:28:11,7816,0.9995,226.0000,54.4410,8755.6197,36.3400,20.6600,0.0000,17.8069
76,2026-08-12 19:28:13,7817,0.9996,228.0000,54.4350,8749.2175,36.3600,20.6400,0.0000,17.8007
77,2026-08-12 19:28:15,7819,0.9999,226.0000,54.4320,8744.7196,36.3800,20.6200,0.0000,17.7945
78,2026-08-12 19:28:17,7826,1.0008,226.0000,54.4320,8737.9663,36.4000,20.6000,0.0000,17.7883
79,2026-08-12 19:28:19,7825,1.0006,227.0000,54.4390,8736.0828,36.4200,20.6000,0.0000,17.7821
80,2026-08-12 19:28:21,7831,1.0014,227.0000,54.4470,8730.8297,36.4400,20.6000,0.0000,17.7758
81,2026-08-12 19:28:23,7819,0.9999,227.0000,54.4060,8725.9003,36.4600,20.6000,0.0000,17.7694
82,2026-08-12 19:28:25,7825,1.0006,227.0000,54.4230,8722.8854,36.4800,20.6000,0.0000,17.7630
83,2026-08-12 19:28:27,7824,1.0005,227.0000,54.4230,8714.9520,36.5000,20.6000,0.0000,17.7566
84,2026-08-12 19:28:29,7825,1.0006,226.0000,54.3910,8710.3123,36.5000,20.5600,0.0000,17.7502
85,2026-08-12 19:28:31,7829,1.0012,227.0000,54.4030,8707.4927,36.5000,20.5200,0.0000,17.7439
86,2026-08-12 19:28:33,7828,1.0010,228.0000,54.3890,8707.0957,36.5000,20.4800,0.0000,17.7377
87,2026-08-12 19:28:35,7818,0.9997,227.0000,54.3500,8701.2413,36.5000,20.4400,0.0000,17.7315
88,2026-08-12 19:28:37,7816,0.9995,227.0000,54.3470,8696.1528,36.5000,20.4000,0.0000,17.7253
89,2026-08-12 19:28:39,7819,0.9999,226.0000,54.3520,8690.6376,36.5200,20.4000,0.0000,17.7191
90,2026-08-12 19:28:41,7819,0.9999,226.0000,54.1900,8688.1734,36.5400,20.4000,0.0000,17.7128
91,2026-08-12 19:28:43,7815,0.9994,227.0000,54.2300,8683.7942,36.5600,20.4000,0.0000,17.7064
92,2026-08-12 19:28:45,7822,1.0003,227.0000,54.2340,8681.2580,36.5800,20.4000,0.0000,17.7000
93,2026-08-12 19:28:47,7813,0.9991,228.0000,54.2190,8671.1482,36.6000,20.4000,0.0000,17.6936
94,2026-08-12 19:28:49,7816,0.9995,228.0000,54.2420,8668.0967,36.6200,20.3400,0.0000,17.6872
95,2026-08-12 19:28:51,7822,1.0003,227.0000,54.2920,8667.3306,36.6400,20.2800,0.0000,17.6809
96,2026-08-12 19:28:53,7815,0.9994,227.0000,54.2570,8663.3342,36.6600,20.2200,0.0000,17.6747
97,2026-08-12 19:28:55,7823,1.0004,227.0000,54.2880,8661.9167,36.6800,20.1600,0.0000,17.6685
98,2026-08-12 19:28:57,7816,0.9995,227.0000,54.2680,8661.1880,36.7000,20.1000,0.0000,17.6623
99,2026-08-12 19:28:59,7819,0.9999,227.0000,54.2810,8658.7391,36.7000,20.0200,0.0000,17.6561
100,2026-08-12 19:29:01,7818,0.9997,227.0000,54.2810,8655.3622,36.7000,19.9400,0.0000,17.6498
101,2026-08-12 19:29:03,7810,0.9987,227.0000,54.2340,8652.1151,36.7000,19.8600,0.0000,17.6434
102,2026-08-12 19:29:05,7808,0.9985,227.0000,54.2700,8649.6836,36.7000,19.7800,0.0000,17.6370
103,2026-08-12 19:29:07,7824,1.0005,227.0000,54.3280,8644.0983,36.7000,19.7000,0.0000,17.6306
104,2026-08-12 19:29:09,7823,1.0004,227.0000,54.3160,8641.7575,36.7200,19.6000,0.0000,17.6242
105,2026-08-12 19:29:11,7817,0.9996,227.0000,54.3140,8636.0535,36.7400,19.5000,0.0000,17.6179
106,2026-08-12 19:29:13,7818,0.9997,227.0000,54.2640,8633.4607,36.7600,19.4000,0.0000,17.6117
107,2026-08-12 19:29:15,7819,0.9999,227.0000,54.2950,8631.2885,36.7800,19.3000,0.0000,17.6055
108,2026-08-12 19:29:17,7822,1.0003,227.0000,54.3140,8627.1786,36.8000,19.2000,0.0000,17.5993
109,2026-08-12 19:29:19,7815,0.9994,227.0000,54.2900,8624.3425,36.8000,19.2600,0.0000,17.5931
110,2026-08-12 19:29:21,7818,0.9997,226.0000,54.2850,8623.2309,36.8000,19.3200,0.0000,17.5868
111,2026-08-12 19:29:23,7825,1.0006,226.0000,54.2940,8622.6535,36.8000,19.3800,0.0000,17.5804
112,2026-08-12 19:29:25,7819,0.9999,227.0000,54.2720,8619.8174,36.8000,19.4400,0.0000,17.5740
113,2026-08-12 19:29:27,7820,1.0000,227.0000,54.3030,8619.4133,36.8000,19.5000,0.0000,17.5676
114,2026-08-12 19:29:29,7817,0.9996,227.0000,54.2690,8616.4864,36.8200,19.6600,0.0000,17.5612
115,2026-08-12 19:29:31,7809,0.9986,227.0000,54.2690,8613.7146,36.8400,19.8200,0.0000,17.5549
116,2026-08-12 19:29:33,7823,1.0004,227.0000,54.2900,8611.3092,36.8600,19.9800,0.0000,17.5487
117,2026-08-12 19:29:35,7826,1.0008,227.0000,54.2780,8603.0055,36.8800,20.1400,0.0000,17.5425
118,2026-08-12 19:29:37,7828,1.0010,227.0000,54.1360,8599.0884,36.9000,20.3000,0.0000,17.5363
119,2026-08-12 19:29:39,7824,1.0005,227.0000,54.1580,8594.7269,36.9000,20.3400,0.0000,17.5301
120,2026-08-12 19:29:41,7824,1.0005,227.0000,54.0880,8589.7656,36.9000,20.3800,0.0000,17.5238
121,2026-08-12 19:29:43,7819,0.9999,227.0000,54.1250,8586.0905,36.9000,20.4200,0.0000,17.5174
122,2026-08-12 19:29:45,7814,0.9992,227.0000,54.1050,8585.7305,36.9000,20.4600,0.0000,17.5110
123,2026-08-12 19:29:47,7821,1.0001,227.0000,54.1690,8585.4600,36.9000,20.5000,0.0000,17.5046
124,2026-08-12 19:29:49,7825,1.0006,227.0000,54.2090,8583.0690,36.9200,20.4200,0.0000,17.4982
125,2026-08-12 19:29:51,7822,1.0003,227.0000,54.1940,8578.1198,36.9400,20.3400,0.0000,17.4919
126,2026-08-12 19:29:53,7821,1.0001,226.0000,54.1830,8572.9079,36.9600,20.2600,0.0000,17.4857
127,2026-08-12 19:29:55,7819,0.9999,228.0000,54.1790,8569.5991,36.9800,20.1800,0.0000,17.4795
128,2026-08-12 19:29:57,7816,0.9995,227.0000,54.1920,8568.8335,37.0000,20.1000,0.0000,17.4733
129,2026-08-12 19:29:59,7822,1.0003,228.0000,54.1850,8564.3484,37.0000,19.9800,0.0000,17.4671
130,2026-08-12 19:30:01,7824,1.0005,227.0000,54.1870,8561.9529,37.0000,19.8600,0.0000,17.4608
131,2026-08-12 19:30:03,7813,0.9991,226.0000,54.1970,8555.9264,37.0000,19.7400,0.0000,17.4544
132,2026-08-12 19:30:05,7814,0.9992,227.0000,54.1690,8550.5205,37.0000,19.6200,0.0000,17.4480
133,2026-08-12 19:30:07,7825,1.0006,227.0000,54.1840,8546.1048,37.0000,19.5000,0.0000,17.4416
134,2026-08-12 19:30:09,7816,0.9995,225.0000,54.1850,8541.5304,37.0200,19.5600,0.0000,17.4352
135,2026-08-12 19:30:11,7822,1.0003,226.0000,54.2060,8537.1244,37.0400,19.6200,0.0000,17.4289
136,2026-08-12 19:30:13,7826,1.0008,227.0000,54.1990,8534.9336,37.0600,19.6800,0.0000,17.4227
137,2026-08-12 19:30:15,7830,1.0013,227.0000,54.2070,8533.2158,37.0800,19.7400,0.0000,17.4165
138,2026-08-12 19:30:17,7821,1.0001,227.0000,54.2000,8531.6952,37.1000,19.8000,0.0000,17.4103
139,2026-08-12 19:30:19,7819,0.9999,227.0000,54.1830,8521.1302,37.1000,19.8200,0.0000,17.4041
140,2026-08-12 19:30:21,7819,0.9999,228.0000,54.1740,8515.3097,37.1000,19.8400,0.0000,17.3978
141,2026-08-12 19:30:23,7812,0.9990,228.0000,54.1600,8510.1098,37.1000,19.8600,0.0000,17.3914
142,2026-08-12 19:30:25,7821,1.0001,228.0000,54.1480,8503.8332,37.1000,19.8800,0.0000,17.3850
143,2026-08-12 19:30:27,7817,0.9996,227.0000,54.1670,8501.3642,37.1000,19.9000,0.0000,17.3786
144,2026-08-12 19:30:29,7813,0.9991,227.0000,54.1330,8498.4531,37.1000,19.8400,0.0000,17.3722
145,2026-08-12 19:30:31,7815,0.9994,228.0000,54.1180,8496.6838,37.1000,19.7800,0.0000,17.3659
146,2026-08-12 19:30:33,7825,1.0006,227.0000,54.1780,8495.2289,37.1000,19.7200,0.0000,17.3597
147,2026-08-12 19:30:35,7819,0.9999,226.0000,54.1460,8490.5185,37.1000,19.6600,0.0000,17.3535
148,2026-08-12 19:30:37,7818,0.9997,227.0000,54.1320,8489.3344,37.1000,19.6000,0.0000,17.3473
149,2026-08-12 19:30:39,7811,0.9988,227.0000,54.1150,8484.0991,37.1000,19.5000,0.0000,17.3411
150,2026-08-12 19:30:41,7817,0.9996,227.0000,53.8740,8480.9662,37.1000,19.4000,0.0000,17.3348
151,2026-08-12 19:30:43,7816,0.9995,228.0000,53.9180,8470.2097,37.1000,19.3000,0.0000,17.3284
152,2026-08-12 19:30:45,7812,0.9990,227.0000,53.8850,8466.4375,37.1000,19.2000,0.0000,17.3220
153,2026-08-12 19:30:47,7811,0.9988,227.0000,53.9040,8463.5259,37.1000,19.1000,0.0000,17.3156
154,2026-08-12 19:30:49,7815,0.9994,228.0000,53.9250,8456.1325,37.1200,19.2000,0.0000,17.3092
155,2026-08-12 19:30:51,7825,1.0006,227.0000,53.9580,8449.7899,37.1400,19.3000,0.0000,17.3029
156,2026-08-12 19:30:53,7821,1.0001,227.0000,53.9060,8446.6208,37.1600,19.4000,0.0000,17.2967
157,2026-08-12 19:30:55,7815,0.9994,227.0000,53.8980,8444.8012,37.1800,19.5000,0.0000,17.2905
158,2026-08-12 19:30:57,7814,0.9992,227.0000,53.9050,8441.3089,37.2000,19.6000,0.0000,17.2843
159,2026-08-12 19:30:59,7807,0.9983,227.0000,53.8720,8436.2790,37.2000,19.6000,0.0000,17.2781
160,2026-08-12 19:31:01,7819,0.9999,228.0000,53.9320,8435.0788,37.2000,19.6000,0.0000,17.2718
161,2026-08-12 19:31:03,7814,0.9992,227.0000,53.8840,8429.9366,37.2000,19.6000,0.0000,17.2654
162,2026-08-12 19:31:05,7820,1.0000,227.0000,53.8910,8425.2662,37.2000,19.6000,0.0000,17.2590
163,2026-08-12 19:31:07,7805,0.9981,228.0000,53.8550,8416.7767,37.2000,19.6000,0.0000,17.2526
164,2026-08-12 19:31:09,7816,0.9995,228.0000,53.9000,8411.5888,37.2000,19.6000,0.0000,17.2462
165,2026-08-12 19:31:11,7817,0.9996,228.0000,53.8840,8408.3410,37.2000,19.6000,0.0000,17.2399
166,2026-08-12 19:31:13,7815,0.9994,227.0000,53.8820,8405.8229,37.2000,19.6000,0.0000,17.2337
167,2026-08-12 19:31:15,7828,1.0010,226.0000,53.8910,8399.8995,37.2000,19.6000,0.0000,17.2275
168,2026-08-12 19:31:17,7826,1.0008,227.0000,53.8920,8398.1333,37.2000,19.6000,0.0000,17.2213
169,2026-08-12 19:31:19,7824,1.0005,227.0000,53.8540,8393.2968,37.2200,19.6000,0.0000,17.2151
170,2026-08-12 19:31:21,7822,1.0003,226.0000,53.8700,8385.2854,37.2400,19.6000,0.0000,17.2088
171,2026-08-12 19:31:23,7820,1.0000,228.0000,53.8880,8383.3898,37.2600,19.6000,0.0000,17.2024
172,2026-08-12 19:31:25,7830,1.0013,227.0000,53.8910,8378.7480,37.2800,19.6000,0.0000,17.1960
173,2026-08-12 19:31:27,7824,1.0005,227.0000,53.8450,8377.0812,37.3000,19.6000,0.0000,17.1896
174,2026-08-12 19:31:29,7825,1.0006,227.0000,53.8340,8373.4097,37.3000,19.6200,0.0000,17.1832
175,2026-08-12 19:31:31,7815,0.9994,227.0000,53.8380,8369.6674,37.3000,19.6400,0.0000,17.1769
176,2026-08-12 19:31:33,7823,1.0004,227.0000,53.8620,8366.7756,37.3000,19.6600,0.0000,17.1707
177,2026-08-12 19:31:35,7827,1.0009,228.0000,53.8370,8363.9873,37.3000,19.6800,0.0000,17.1645
178,2026-08-12 19:31:37,7828,1.0010,227.0000,53.8570,8358.1802,37.3000,19.7000,0.0000,17.1583
179,2026-08-12 19:31:39,7813,0.9991,227.0000,53.7810,8350.4094,37.3000,19.7400,0.0000,17.1521
180,2026-08-12 19:31:41,7819,0.9999,227.0000,53.6670,8347.0508,37.3000,19.7800,0.0000,17.1458
181,2026-08-12 19:31:43,7818,0.9997,227.0000,53.6570,8346.7056,37.3000,19.8200,0.0000,17.1394
182,2026-08-12 19:31:45,7818,0.9997,228.0000,53.7020,8344.1933,37.3000,19.8600,0.0000,17.1330
183,2026-08-12 19:31:47,7829,1.0012,228.0000,53.7370,8339.1890,37.3000,19.9000,0.0000,17.1266
184,2026-08-12 19:31:49,7821,1.0001,227.0000,53.7180,8332.4598,37.3200,19.7600,0.0000,17.1202
185,2026-08-12 19:31:51,7819,0.9999,227.0000,53.6980,8328.0844,37.3400,19.6200,0.0000,17.1139
186,2026-08-12 19:31:53,7822,1.0003,228.0000,53.7260,8321.5666,37.3600,19.4800,0.0000,17.1077
187,2026-08-12 19:31:55,7830,1.0013,228.0000,53.7080,8317.6688,37.3800,19.3400,0.0000,17.1015
188,2026-08-12 19:31:57,7829,1.0012,227.0000,53.7400,8316.3679,37.4000,19.2000,0.0000,17.0953
189,2026-08-12 19:31:59,7827,1.0009,226.0000,53.7100,8316.1579,37.4000,19.2400,0.0000,17.0891
190,2026-08-12 19:32:01,7826,1.0008,227.0000,53.7350,8314.8611,37.4000,19.2800,0.0000,17.0828
191,2026-08-12 19:32:03,7824,1.0005,227.0000,53.7150,8307.5386,37.4000,19.3200,0.0000,17.0764
192,2026-08-12 19:32:05,7823,1.0004,227.0000,53.7230,8301.4804,37.4000,19.3600,0.0000,17.0700
193,2026-08-12 19:32:07,7826,1.0008,227.0000,53.7190,8301.4199,37.4000,19.4000,0.0000,17.0636
194,2026-08-12 19:32:09,7825,1.0006,227.0000,53.7200,8298.2182,37.4000,19.3800,0.0000,17.0572
195,2026-08-12 19:32:11,7817,0.9996,227.0000,53.7110,8295.2372,37.4000,19.3600,0.0000,17.0509
196,2026-08-12 19:32:13,7815,0.9994,227.0000,53.6940,8292.1002,37.4000,19.3400,0.0000,17.0447
197,2026-08-12 19:32:15,7824,1.0005,226.0000,53.7080,8289.6074,37.4000,19.3200,0.0000,17.0385
198,2026-08-12 19:32:17,7821,1.0001,226.0000,53.6650,8281.5624,37.4000,19.3000,0.0000,17.0323
199,2026-08-12 19:32:19,7823,1.0004,225.0000,53.6940,8280.3537,37.4200,19.3200,0.0000,17.0261
200,2026-08-12 19:32:21,7820,1.0000,227.0000,53.7210,8276.9981,37.4400,19.3400,0.0000,17.0198
201,2026-08-12 19:32:23,7819,0.9999,227.0000,53.6850,8272.1950,37.4600,19.3600,0.0000,17.0134
202,2026-08-12 19:32:25,7806,0.9982,228.0000,53.6440,8269.4193,37.4800,19.3800,0.0000,17.0070
203,2026-08-12 19:32:27,7811,0.9988,228.0000,53.6320,8266.9531,37.5000,19.4000,0.0000,17.0006
204,2026-08-12 19:32:29,7810,0.9987,227.0000,53.6520,8264.3422,37.5000,19.4400,0.0000,16.9942
205,2026-08-12 19:32:31,7822,1.0003,226.0000,53.6330,8258.6037,37.5000,19.4800,0.0000,16.9879
206,2026-08-12 19:32:33,7814,0.9992,227.0000,53.6300,8249.7802,37.5000,19.5200,0.0000,16.9817
207,2026-08-12 19:32:35,7814,0.9992,228.0000,53.6500,8247.6985,37.5000,19.5600,0.0000,16.9755
208,2026-08-12 19:32:37,7813,0.9991,227.0000,53.6430,8243.3413,37.5000,19.6000,0.0000,16.9693
209,2026-08-12 19:32:39,7818,0.9997,227.0000,53.6310,8238.5956,37.5000,19.6200,0.0000,16.9631
210,2026-08-12 19:32:41,7818,0.9997,227.0000,53.5490,8236.8081,37.5000,19.6400,0.0000,16.9568
211,2026-08-12 19:32:43,7816,0.9995,227.0000,53.5830,8234.0271,37.5000,19.6600,0.0000,16.9504
212,2026-08-12 19:32:45,7821,1.0001,227.0000,53.5760,8230.6563,37.5000,19.6800,0.0000,16.9440
213,2026-08-12 19:32:47,7819,0.9999,226.0000,53.5710,8224.0697,37.5000,19.7000,0.0000,16.9376
214,2026-08-12 19:32:49,7822,1.0003,227.0000,53.5660,8220.8952,37.5200,19.6800,0.0000,16.9312
215,2026-08-12 19:32:51,7816,0.9995,227.0000,53.5470,8218.0830,37.5400,19.6600,0.0000,16.9249
216,2026-08-12 19:32:53,7816,0.9995,227.0000,53.5170,8215.9206,37.5600,19.6400,0.0000,16.9187
217,2026-08-12 19:32:55,7810,0.9987,227.0000,53.4760,8209.6922,37.5800,19.6200,0.0000,16.9125
218,2026-08-12 19:32:57,7810,0.9987,227.0000,53.4090,8208.0674,37.6000,19.6000,0.0000,16.9063
219,2026-08-12 19:32:59,0,0.0000,2.0000,1.6630,8206.9672,37.6000,19.6400,0.0000,16.9001
220,2026-08-12 19:33:01,7810,0.9987,227.0000,52.8020,8199.2364,37.6000,19.6800,0.0000,16.8939
221,2026-08-12 19:33:03,7807,0.9983,227.0000,53.0190,8196.7968,37.6000,19.7200,0.0000,16.8877
222,2026-08-12 19:33:05,7815,0.9994,227.0000,53.1460,8195.4841,37.6000,19.7600,0.0000,16.8815
223,2026-08-12 19:33:07,7813,0.9991,227.0000,53.1960,8192.9972,37.6000,19.8000,0.0000,16.8753
224,2026-08-12 19:33:09,7807,0.9983,227.0000,53.2350,8190.0381,37.6000,19.6800,0.0000,16.8691
225,2026-08-12 19:33:11,7816,0.9995,227.0000,53.3130,8189.1760,37.6000,19.5600,0.0000,16.8628
226,2026-08-12 19:33:13,7823,1.0004,227.0000,53.3640,8187.0988,37.6000,19.4400,0.0000,16.8564
227,2026-08-12 19:33:15,7807,0.9983,227.0000,53.3300,8184.2632,37.6000,19.3200,0.0000,16.8500
228,2026-08-12 19:33:17,7810,0.9987,227.0000,53.3740,8183.6931,37.6000,19.2000,0.0000,16.8436
229,2026-08-12 19:33:19,7810,0.9987,227.0000,53.3420,8182.6364,37.6200,19.1600,0.0000,16.8372
230,2026-08-12 19:33:21,7814,0.9992,227.0000,53.3210,8179.6769,37.6400,19.1200,0.0000,16.8309
231,2026-08-12 19:33:23,7816,0.9995,226.0000,53.3460,8175.9231,37.6600,19.0800,0.0000,16.8247
232,2026-08-12 19:33:25,7816,0.9995,227.0000,53.3380,8169.8051,37.6800,19.0400,0.0000,16.8185
233,2026-08-12 19:33:27,7811,0.9988,227.0000,53.3050,8160.5275,37.7000,19.0000,0.0000,16.8123
234,2026-08-12 19:33:29,7816,0.9995,225.0000,53.1960,8154.2814,37.7000,18.9200,0.0000,16.8061
235,2026-08-12 19:33:31,7822,1.0003,227.0000,53.1840,8148.2277,37.7000,18.8400,0.0000,16.7998
236,2026-08-12 19:33:33,7806,0.9982,226.0000,53.1650,8145.3230,37.7000,18.7600,0.0000,16.7934
237,2026-08-12 19:33:35,7809,0.9986,226.0000,53.1760,8144.2297,37.7000,18.6800,0.0000,16.7870
238,2026-08-12 19:33:37,7819,0.9999,227.0000,53.1920,8137.3813,37.7000,18.6000,0.0000,16.7806
239,2026-08-12 19:33:39,7824,1.0005,226.0000,53.2150,8131.5788,37.7000,18.5200,0.0000,16.7742
240,2026-08-12 19:33:41,7821,1.0001,227.0000,53.1110,8129.1384,37.7000,18.4400,0.0000,16.7679
241,2026-08-12 19:33:43,7802,0.9977,227.0000,53.1090,8127.4053,37.7000,18.3600,0.0000,16.7617
242,2026-08-12 19:33:45,7812,0.9990,226.0000,53.0710,8127.4053,37.7000,18.2800,0.0000,16.7555
243,2026-08-12 19:33:47,7810,0.9987,227.0000,53.0840,8128.2659,37.7000,18.2000,0.0000,16.7493
244,2026-08-12 19:33:49,7819,0.9999,227.0000,53.1170,8129.3628,37.7000,18.2600,0.0000,16.7431
245,2026-08-12 19:33:51,7818,0.9997,227.0000,53.1000,8318.2320,37.7000,18.3200,0.0000,16.7368
246,2026-08-12 19:33:53,7822,1.0003,228.0000,53.1090,8371.8779,37.7000,18.3800,0.0000,16.7304
247,2026-08-12 19:33:55,7824,1.0005,227.0000,53.1020,8384.2432,37.7000,18.4400,0.0000,16.7240
248,2026-08-12 19:33:57,7819,0.9999,228.0000,53.0620,8385.5899,37.7000,18.5000,0.0000,16.7176
249,2026-08-12 19:33:59,7816,0.9995,228.0000,53.0540,8385.3261,37.7000,18.4800,0.0000,16.7112
250,2026-08-12 19:34:01,7820,1.0000,227.0000,53.0620,8380.1108,37.7000,18.4600,0.0000,16.7049
251,2026-08-12 19:34:03,7817,0.9996,228.0000,53.0340,8366.5957,37.7000,18.4400,0.0000,16.6987
252,2026-08-12 19:34:05,7822,1.0003,228.0000,53.0400,8331.5538,37.7000,18.4200,0.0000,16.6925
253,2026-08-12 19:34:07,7821,1.0001,228.0000,53.0260,8112.0818,37.7000,18.4000,0.0000,16.6863
254,2026-08-12 19:34:09,7806,0.9982,228.0000,52.9990,8057.1460,37.7000,18.4600,0.0000,16.6801
255,2026-08-12 19:34:11,7819,0.9999,228.0000,53.0500,8051.8570,37.7000,18.5200,0.0000,16.6738
256,2026-08-12 19:34:13,7815,0.9994,228.0000,52.9920,8046.4963,37.7000,18.5800,0.0000,16.6674
257,2026-08-12 19:34:15,7819,0.9999,228.0000,53.0090,8045.1398,37.7000,18.6400,0.0000,16.6610
258,2026-08-12 19:34:17,7817,0.9996,228.0000,52.9750,8040.1740,37.7000,18.7000,0.0000,16.6546
259,2026-08-12 19:34:19,7813,0.9991,228.0000,52.9760,8035.7036,37.7000,18.7800,0.0000,16.6482
260,2026-08-12 19:34:21,7811,0.9988,228.0000,52.9820,8032.9311,37.7000,18.8600,0.0000,16.6419
261,2026-08-12 19:34:23,7817,0.9996,228.0000,52.9740,8027.2171,37.7000,18.9400,0.0000,16.6357
262,2026-08-12 19:34:25,7818,0.9997,228.0000,52.9620,8021.5432,37.7000,19.0200,0.0000,16.6295
263,2026-08-12 19:34:27,7821,1.0001,226.0000,52.9630,8013.1807,37.7000,19.1000,0.0000,16.6233
264,2026-08-12 19:34:29,7813,0.9991,228.0000,52.9170,8005.2305,37.7000,19.0400,0.0000,16.6171
265,2026-08-12 19:34:31,7812,0.9990,227.0000,52.9420,8005.2305,37.7000,18.9800,0.0000,16.6108
266,2026-08-12 19:34:33,7821,1.0001,228.0000,52.9460,8005.2305,37.7000,18.9200,0.0000,16.6044
267,2026-08-12 19:34:35,7814,0.9992,228.0000,52.9200,8005.2305,37.7000,18.8600,0.0000,16.5980
268,2026-08-12 19:34:37,7816,0.9995,228.0000,52.9080,8040.3890,37.7000,18.8000,0.0000,16.5916
269,2026-08-12 19:34:39,7809,0.9986,228.0000,52.8790,8431.1943,37.7000,18.7000,0.0000,16.5852
270,2026-08-12 19:34:41,7812,0.9990,227.0000,52.6420,8954.0280,37.7000,18.6000,0.0000,16.5789
271,2026-08-12 19:34:43,7806,0.9982,227.0000,52.6640,8958.3301,37.7000,18.5000,0.0000,16.5727
272,2026-08-12 19:34:45,7817,0.9996,227.0000,52.6640,8958.3301,37.7000,18.4000,0.0000,16.5665
273,2026-08-12 19:34:47,7813,0.9991,226.0000,52.6200,8958.3301,37.7000,18.3000,0.0000,16.5603
274,2026-08-12 19:34:49,7811,0.9988,227.0000,52.6540,8950.2111,37.7000,18.3400,0.0000,16.5541
275,2026-08-12 19:34:51,7807,0.9983,227.0000,52.6360,8840.4395,37.7000,18.3800,0.0000,16.5479
276,2026-08-12 19:34:53,7816,0.9995,227.0000,52.5980,8208.1805,37.7000,18.4200,0.0000,16.5417
277,2026-08-12 19:34:55,6773,0.8661,100.0000,17.0070,7978.5326,37.7000,18.4600,0.0000,16.5355
278,2026-08-12 19:34:57,7815,0.9994,226.0000,52.0410,7966.3737,37.7000,18.5000,0.0000,16.5293
279,2026-08-12 19:34:59,7803,0.9978,227.0000,52.2420,7965.2629,37.7000,18.4800,0.0000,16.5231
280,2026-08-12 19:35:01,7814,0.9992,227.0000,52.3160,7963.1354,37.7000,18.4600,0.0000,16.5168
281,2026-08-12 19:35:03,7820,1.0000,228.0000,52.4080,7958.5387,37.7000,18.4400,0.0000,16.5104
282,2026-08-12 19:35:05,7818,0.9997,227.0000,52.4120,7953.9919,37.7000,18.4200,0.0000,16.5040
283,2026-08-12 19:35:07,7814,0.9992,225.0000,52.3390,7945.3759,37.7000,18.4000,0.0000,16.4976
284,2026-08-12 19:35:09,7806,0.9982,227.0000,52.3360,7938.4727,37.6800,18.3600,0.0000,16.4912
285,2026-08-12 19:35:11,7815,0.9994,227.0000,52.4060,7936.3361,37.6600,18.3200,0.0000,16.4849
286,2026-08-12 19:35:13,7810,0.9987,226.0000,52.4270,7935.8403,37.6400,18.2800,0.0000,16.4787
287,2026-08-12 19:35:15,7816,0.9995,227.0000,52.3140,7931.9733,37.6200,18.2400,0.0000,16.4725
288,2026-08-12 19:35:17,7809,0.9986,227.0000,52.2400,7927.5636,37.6000,18.2000,0.0000,16.4663
289,2026-08-12 19:35:19,7815,0.9994,227.0000,52.3280,7925.5737,37.6200,18.2600,0.0000,16.4601
290,2026-08-12 19:35:21,7815,0.9994,227.0000,52.3640,7914.7739,37.6400,18.3200,0.0000,16.4538
291,2026-08-12 19:35:23,7822,1.0003,226.0000,52.3860,7910.9712,37.6600,18.3800,0.0000,16.4474
292,2026-08-12 19:35:25,7809,0.9986,227.0000,52.4260,7906.6100,37.6800,18.4400,0.0000,16.4410
293,2026-08-12 19:35:27,7807,0.9983,227.0000,52.4350,7901.0776,37.7000,18.5000,0.0000,16.4346
294,2026-08-12 19:35:29,7809,0.9986,227.0000,52.4450,7901.0776,37.6800,18.5000,0.0000,16.4282
295,2026-08-12 19:35:31,7808,0.9985,227.0000,52.4360,7900.2302,37.6600,18.5000,0.0000,16.4219
296,2026-08-12 19:35:33,7810,0.9987,226.0000,52.4760,7898.3931,37.6400,18.5000,0.0000,16.4157
297,2026-08-12 19:35:35,7813,0.9991,227.0000,52.5070,7894.6910,37.6200,18.5000,0.0000,16.4095
298,2026-08-12 19:35:37,7809,0.9986,227.0000,52.4940,7891.4863,37.6000,18.5000,0.0000,16.4033
299,2026-08-12 19:35:39,7815,0.9994,227.0000,52.5060,7881.6263,37.6000,18.5000,0.0000,16.3971
300,2026-08-12 19:35:41,7817,0.9996,226.0000,52.4030,7875.8082,37.6000,18.5000,0.0000,16.3908
301,2026-08-12 19:35:43,7820,1.0000,226.0000,52.4370,7871.2070,37.6000,18.5000,0.0000,16.3844
302,2026-08-12 19:35:45,7820,1.0000,227.0000,52.4310,7864.3875,37.6000,18.5000,0.0000,16.3780
303,2026-08-12 19:35:47,7820,1.0000,227.0000,52.4490,7859.1178,37.6000,18.5000,0.0000,16.3716
304,2026-08-12 19:35:49,7816,0.9995,227.0000,52.4930,7858.1103,37.6000,18.5600,0.0000,16.3652
305,2026-08-12 19:35:51,7810,0.9987,226.0000,52.4770,7849.7279,37.6000,18.6200,0.0000,16.3589
306,2026-08-12 19:35:53,7815,0.9994,227.0000,52.5000,7845.1218,37.6000,18.6800,0.0000,16.3527
307,2026-08-12 19:35:55,7817,0.9996,227.0000,52.5050,7843.2922,37.6000,18.7400,0.0000,16.3465
308,2026-08-12 19:35:57,7817,0.9996,227.0000,52.5250,7841.9111,37.6000,18.8000,0.0000,16.3403
309,2026-08-12 19:35:59,7816,0.9995,226.0000,52.5170,7839.4029,37.6000,18.7600,0.0000,16.3341
310,2026-08-12 19:36:01,7823,1.0004,226.0000,52.5700,7835.9492,37.6000,18.7200,0.0000,16.3278
311,2026-08-12 19:36:03,7803,0.9978,227.0000,52.5460,7833.7540,37.6000,18.6800,0.0000,16.3214
312,2026-08-12 19:36:05,7813,0.9991,227.0000,52.5590,7829.2673,37.6000,18.6400,0.0000,16.3150
313,2026-08-12 19:36:07,7809,0.9986,227.0000,52.5550,7825.0430,37.6000,18.6000,0.0000,16.3086
314,2026-08-12 19:36:09,7817,0.9996,227.0000,52.5790,7821.0229,37.6000,18.4600,0.0000,16.3022
315,2026-08-12 19:36:11,7821,1.0001,227.0000,52.6010,7820.1980,37.6000,18.3200,0.0000,16.2959
316,2026-08-12 19:36:13,7817,0.9996,227.0000,52.5630,7818.3398,37.6000,18.1800,0.0000,16.2897
317,2026-08-12 19:36:15,7813,0.9991,227.0000,52.5610,7815.5055,37.6000,18.0400,0.0000,16.2835
318,2026-08-12 19:36:17,7808,0.9985,227.0000,52.5910,7807.0153,37.6000,17.9000,0.0000,16.2773
319,2026-08-12 19:36:19,7815,0.9994,226.0000,52.6210,7805.9858,37.6000,17.9200,0.0000,16.2711
320,2026-08-12 19:36:21,7798,0.9972,226.0000,52.5980,7805.4231,37.6000,17.9400,0.0000,16.2649
321,2026-08-12 19:36:23,7808,0.9985,227.0000,52.6160,7805.2954,37.6000,17.9600,0.0001,16.2587
322,2026-08-12 19:36:25,7813,0.9991,226.0000,52.6470,7802.6383,37.6000,17.9800,0.0001,16.2525
323,2026-08-12 19:36:27,7812,0.9990,227.0000,52.6370,7794.1383,37.6000,18.0000,0.0002,16.2463
324,2026-08-12 19:36:29,7805,0.9981,227.0000,52.6310,7789.7814,37.5800,17.9400,0.0002,16.2401
325,2026-08-12 19:36:31,7803,0.9978,227.0000,52.6010,7782.4686,37.5600,17.8800,0.0003,16.2338
326,2026-08-12 19:36:33,7804,0.9980,227.0000,52.6390,7779.3034,37.5400,17.8200,0.0004,16.2274
327,2026-08-12 19:36:35,7808,0.9985,228.0000,52.6330,7777.0363,37.5200,17.7600,0.0005,16.2210
328,2026-08-12 19:36:37,7810,0.9987,228.0000,52.6210,7776.4209,37.5000,17.7000,0.0005,16.2146
329,2026-08-12 19:36:39,7814,0.9992,227.0000,52.6240,7775.6709,37.5000,17.6800,0.0006,16.2082
330,2026-08-12 19:36:41,7810,0.9987,227.0000,52.5090,7767.5431,37.5000,17.6600,0.0007,16.2019
331,2026-08-12 19:36:43,7815,0.9994,226.0000,52.5360,7763.7941,37.5000,17.6400,0.0008,16.1957
332,2026-08-12 19:36:45,7803,0.9978,227.0000,52.5120,7759.9656,37.5000,17.6200,0.0009,16.1895
333,2026-08-12 19:36:47,7804,0.9980,226.0000,52.5120,7759.3733,37.5000,17.6000,0.0010,16.1833
334,2026-08-12 19:36:49,7804,0.9980,227.0000,52.5130,7756.5383,37.5000,17.5600,0.0011,16.1771
335,2026-08-12 19:36:51,7811,0.9988,227.0000,52.5110,7754.5824,37.5000,17.5200,0.0012,16.1708
336,2026-08-12 19:36:53,7800,0.9974,228.0000,52.4920,7749.2707,37.5000,17.4800,0.0013,16.1644
337,2026-08-12 19:36:55,7805,0.9981,228.0000,52.4630,7745.7832,37.5000,17.4400,0.0014,16.1580
338,2026-08-12 19:36:57,7796,0.9969,228.0000,52.4740,7743.4318,37.5000,17.4000,0.0015,16.1516
339,2026-08-12 19:36:59,7800,0.9974,227.0000,52.4940,7736.6049,37.4800,17.4400,0.0017,16.1452
340,2026-08-12 19:37:01,7804,0.9980,227.0000,52.4780,7733.0181,37.4600,17.4800,0.0018,16.1389
341,2026-08-12 19:37:03,7799,0.9973,227.0000,52.4300,7728.0390,37.4400,17.5200,0.0019,16.1327
342,2026-08-12 19:37:05,7796,0.9969,227.0000,52.4310,7722.3679,37.4200,17.5600,0.0020,16.1265
343,2026-08-12 19:37:07,7798,0.9972,227.0000,52.4020,7721.1015,37.4000,17.6000,0.0022,16.1203
344,2026-08-12 19:37:09,7799,0.9973,226.0000,52.4320,7719.9843,37.4000,17.6200,0.0023,16.1141
345,2026-08-12 19:37:11,7799,0.9973,227.0000,52.4160,7718.4626,37.4000,17.6400,0.0024,16.1078
346,2026-08-12 19:37:13,7794,0.9967,227.0000,52.3940,7712.9014,37.4000,17.6600,0.0026,16.1014
347,2026-08-12 19:37:15,7789,0.9960,228.0000,52.3790,7707.0998,37.4000,17.6800,0.0027,16.0950
348,2026-08-12 19:37:17,7797,0.9971,227.0000,52.3820,7698.6380,37.4000,17.7000,0.0029,16.0886
349,2026-08-12 19:37:19,7787,0.9958,227.0000,52.3680,7690.3196,37.4000,17.7800,0.0030,16.0822
350,2026-08-12 19:37:21,7800,0.9974,227.0000,52.4070,7687.3882,37.4000,17.8600,0.0031,16.0759
351,2026-08-12 19:37:23,7781,0.9950,227.0000,52.3540,7684.7045,37.4000,17.9400,0.0033,16.0697
352,2026-08-12 19:37:25,7788,0.9959,226.0000,52.3510,7679.1944,37.4000,18.0200,0.0034,16.0635
353,2026-08-12 19:37:27,7780,0.9949,227.0000,52.3370,7677.1055,37.4000,18.1000,0.0036,16.0573
354,2026-08-12 19:37:29,7780,0.9949,227.0000,52.3340,7675.2257,37.4000,18.1000,0.0037,16.0511
355,2026-08-12 19:37:31,7789,0.9960,227.0000,52.3440,7671.1062,37.4000,18.1000,0.0039,16.0449
356,2026-08-12 19:37:33,7782,0.9951,228.0000,52.3280,7657.8232,37.4000,18.1000,0.0041,16.0387
357,2026-08-12 19:37:35,7780,0.9949,227.0000,52.3190,7653.9252,37.4000,18.1000,0.0042,16.0325
358,2026-08-12 19:37:37,7773,0.9940,228.0000,52.2590,7651.8906,37.4000,18.1000,0.0044,16.0263
359,2026-08-12 19:37:39,7774,0.9941,227.0000,52.2600,7645.7187,37.3800,18.1600,0.0046,16.0201
360,2026-08-12 19:37:41,7767,0.9932,227.0000,52.1230,7640.0944,37.3600,18.2200,0.0047,16.0138
361,2026-08-12 19:37:43,7767,0.9932,228.0000,52.1400,7629.5313,37.3400,18.2800,0.0049,16.0074
362,2026-08-12 19:37:45,7770,0.9936,226.0000,52.1600,7626.9082,37.3200,18.3400,0.0051,16.0010
363,2026-08-12 19:37:47,7770,0.9936,227.0000,52.1760,7624.9530,37.3000,18.4000,0.0052,15.9946
364,2026-08-12 19:37:49,7767,0.9932,227.0000,52.1610,7617.4987,37.3000,18.4600,0.0054,15.9882
365,2026-08-12 19:37:51,7762,0.9926,227.0000,52.1590,7614.8737,37.3000,18.5200,0.0056,15.9819
366,2026-08-12 19:37:53,7774,0.9941,227.0000,52.1810,7610.3706,37.3000,18.5800,0.0058,15.9757
367,2026-08-12 19:37:55,7767,0.9932,227.0000,52.1610,7608.6930,37.3000,18.6400,0.0060,15.9695
368,2026-08-12 19:37:57,7753,0.9914,228.0000,52.1500,7603.3913,37.3000,18.7000,0.0061,15.9633
369,2026-08-12 19:37:59,7759,0.9922,227.0000,52.1510,7597.5466,37.3000,18.6400,0.0063,15.9571
370,2026-08-12 19:38:01,7750,0.9910,227.0000,52.0960,7594.9531,37.3000,18.5800,0.0065,15.9508
371,2026-08-12 19:38:03,7751,0.9912,227.0000,52.0670,7592.0568,37.3000,18.5200,0.0067,15.9444
372,2026-08-12 19:38:05,7752,0.9913,227.0000,52.0540,7588.3042,37.3000,18.4600,0.0069,15.9380
373,2026-08-12 19:38:07,7747,0.9907,227.0000,52.0280,7582.7149,37.3000,18.4000,0.0071,15.9316
374,2026-08-12 19:38:09,7753,0.9914,226.0000,52.0690,7578.9106,37.3000,18.3400,0.0073,15.9252
375,2026-08-12 19:38:11,7742,0.9900,227.0000,52.0210,7574.4940,37.3000,18.2800,0.0075,15.9189
376,2026-08-12 19:38:13,7741,0.9899,227.0000,52.0250,7568.6142,37.3000,18.2200,0.0077,15.9127
377,2026-08-12 19:38:15,7747,0.9907,227.0000,52.0250,7565.4164,37.3000,18.1600,0.0079,15.9065
378,2026-08-12 19:38:17,7751,0.9912,226.0000,52.0350,7561.8154,37.3000,18.1000,0.0081,15.9003
379,2026-08-12 19:38:19,7752,0.9913,226.0000,52.0370,7557.2244,37.3000,17.9800,0.0083,15.8941
380,2026-08-12 19:38:21,7740,0.9898,227.0000,52.0170,7552.0479,37.3000,17.8600,0.0085,15.8878
381,2026-08-12 19:38:23,7739,0.9896,227.0000,51.9820,7545.2882,37.3000,17.7400,0.0087,15.8814
382,2026-08-12 19:38:25,7736,0.9893,226.0000,51.9120,7541.9523,37.3000,17.6200,0.0089,15.8750
383,2026-08-12 19:38:27,7739,0.9896,226.0000,51.9170,7536.8046,37.3000,17.5000,0.0091,15.8686
384,2026-08-12 19:38:29,7737,0.9894,226.0000,51.9360,7529.9570,37.3000,17.5800,0.0093,15.8622
385,2026-08-12 19:38:31,7745,0.9904,226.0000,51.9210,7527.5183,37.3000,17.6600,0.0095,15.8559
386,2026-08-12 19:38:33,7738,0.9895,227.0000,51.9300,7522.5040,37.3000,17.7400,0.0098,15.8497
387,2026-08-12 19:38:35,7732,0.9887,227.0000,51.8690,7516.3376,37.3000,17.8200,0.0100,15.8435
388,2026-08-12 19:38:37,7728,0.9882,227.0000,51.8500,7512.9420,37.3000,17.9000,0.0102,15.8373
389,2026-08-12 19:38:39,7722,0.9875,227.0000,51.8350,7503.9233,37.3000,17.9000,0.0104,15.8311
390,2026-08-12 19:38:41,7716,0.9867,227.0000,51.6690,7502.3203,37.3000,17.9000,0.0106,15.8249
391,2026-08-12 19:38:43,7718,0.9870,227.0000,51.6610,7491.3388,37.3000,17.9000,0.0109,15.8187
392,2026-08-12 19:38:45,7710,0.9859,226.0000,51.6820,7488.4055,37.3000,17.9000,0.0111,15.8125
393,2026-08-12 19:38:47,7719,0.9871,227.0000,51.6790,7481.7283,37.3000,17.9000,0.0113,15.8063
394,2026-08-12 19:38:49,7714,0.9864,227.0000,51.6520,7473.5197,37.2800,17.8000,0.0115,15.8001
395,2026-08-12 19:38:51,7719,0.9871,227.0000,51.6490,7467.9990,37.2600,17.7000,0.0118,15.7938
396,2026-08-12 19:38:53,7716,0.9867,227.0000,51.6280,7462.6903,37.2400,17.6000,0.0120,15.7874
397,2026-08-12 19:38:55,7709,0.9858,227.0000,51.6410,7460.2075,37.2200,17.5000,0.0122,15.7810
398,2026-08-12 19:38:57,7705,0.9853,227.0000,51.6270,7454.1531,37.2000,17.4000,0.0125,15.7746
399,2026-08-12 19:38:59,7707,0.9855,227.0000,51.6410,7446.6467,37.2000,17.4200,0.0127,15.7682
400,2026-08-12 19:39:01,7711,0.9861,226.0000,51.5850,7442.9723,37.2000,17.4400,0.0129,15.7619
401,2026-08-12 19:39:03,7699,0.9845,227.0000,51.6040,7440.2958,37.2000,17.4600,0.0132,15.7557
402,2026-08-12 19:39:05,7700,0.9847,227.0000,51.5740,7433.0727,37.2000,17.4800,0.0134,15.7495
403,2026-08-12 19:39:07,7700,0.9847,226.0000,51.5440,7428.9817,37.2000,17.5000,0.0136,15.7433
404,2026-08-12 19:39:09,7698,0.9844,226.0000,51.5690,7421.5836,37.2000,17.7000,0.0139,15.7371
405,2026-08-12 19:39:11,7695,0.9840,227.0000,51.5690,7418.6964,37.2000,17.9000,0.0141,15.7308
406,2026-08-12 19:39:13,7691,0.9835,227.0000,51.5540,7415.8827,37.2000,18.1000,0.0144,15.7244
407,2026-08-12 19:39:15,7689,0.9832,227.0000,51.4930,7413.0778,37.2000,18.3000,0.0146,15.7180
408,2026-08-12 19:39:17,7687,0.9830,227.0000,51.4950,7406.7418,37.2000,18.5000,0.0149,15.7116
409,2026-08-12 19:39:19,7687,0.9830,227.0000,51.5060,7395.4963,37.2000,18.3200,0.0151,15.7052
410,2026-08-12 19:39:21,7683,0.9825,227.0000,51.4950,7392.4779,37.2000,18.1400,0.0153,15.6989
411,2026-08-12 19:39:23,7681,0.9822,227.0000,51.4860,7389.5202,37.2000,17.9600,0.0156,15.6927
412,2026-08-12 19:39:25,7680,0.9821,227.0000,51.4740,7387.8076,37.2000,17.7800,0.0159,15.6865
413,2026-08-12 19:39:27,7672,0.9811,228.0000,51.4570,7383.1615,37.2000,17.6000,0.0161,15.6803
414,2026-08-12 19:39:29,7679,0.9820,227.0000,51.4620,7376.0781,37.2000,17.7600,0.0164,15.6741
415,2026-08-12 19:39:31,7676,0.9816,226.0000,51.4270,7374.2272,37.2000,17.9200,0.0166,15.6679
416,2026-08-12 19:39:33,7671,0.9809,227.0000,51.4370,7372.9211,37.2000,18.0800,0.0169,15.6617
417,2026-08-12 19:39:35,7673,0.9812,226.0000,51.4030,7363.3158,37.2000,18.2400,0.0171,15.6555
418,2026-08-12 19:39:37,7668,0.9806,227.0000,51.3630,7360.1335,37.2000,18.4000,0.0174,15.6493
419,2026-08-12 19:39:39,7665,0.9802,227.0000,51.3380,7353.9046,37.2000,18.2600,0.0177,15.6431
420,2026-08-12 19:39:41,7668,0.9806,226.0000,51.2820,7347.7136,37.2000,18.1200,0.0179,15.6368
421,2026-08-12 19:39:43,7660,0.9795,227.0000,51.2960,7345.7488,37.2000,17.9800,0.0182,15.6304
422,2026-08-12 19:39:45,7668,0.9806,227.0000,51.2970,7341.7115,37.2000,17.8400,0.0184,15.6240
423,2026-08-12 19:39:47,7652,0.9785,227.0000,51.2840,7329.5247,37.2000,17.7000,0.0187,15.6176
424,2026-08-12 19:39:49,7655,0.9789,227.0000,51.2730,7322.4765,37.2000,17.7600,0.0190,15.6112
425,2026-08-12 19:39:51,7656,0.9790,227.0000,51.2540,7320.3263,37.2000,17.8200,0.0192,15.6049
426,2026-08-12 19:39:53,7656,0.9790,227.0000,51.2240,7316.9629,37.2000,17.8800,0.0195,15.5987
427,2026-08-12 19:39:55,7654,0.9788,227.0000,51.2370,7312.5922,37.2000,17.9400,0.0198,15.5925
428,2026-08-12 19:39:57,7659,0.9794,226.0000,51.2420,7310.4030,37.2000,18.0000,0.0201,15.5863
429,2026-08-12 19:39:59,7646,0.9777,226.0000,51.1870,7305.4991,37.2000,18.1200,0.0203,15.5801
430,2026-08-12 19:40:01,7646,0.9777,226.0000,51.1670,7301.7044,37.2000,18.2400,0.0206,15.5738
431,2026-08-12 19:40:03,7637,0.9766,226.0000,51.1200,7300.2603,37.2000,18.3600,0.0209,15.5674
432,2026-08-12 19:40:05,7644,0.9775,226.0000,51.1540,7296.5200,37.2000,18.4800,0.0212,15.5610
433,2026-08-12 19:40:07,7636,0.9765,227.0000,51.0950,7288.0184,37.2000,18.6000,0.0214,15.5546
434,2026-08-12 19:40:09,7635,0.9763,226.0000,51.0850,7279.6589,37.2000,18.5800,0.0217,15.5482
435,2026-08-12 19:40:11,7643,0.9774,227.0000,51.0870,7275.9529,37.2000,18.5600,0.0220,15.5419
436,2026-08-12 19:40:13,7632,0.9760,226.0000,51.0610,7266.6937,37.2000,18.5400,0.0223,15.5357
437,2026-08-12 19:40:15,7627,0.9753,226.0000,51.0700,7264.6731,37.2000,18.5200,0.0226,15.5295
438,2026-08-12 19:40:17,7632,0.9760,226.0000,51.0630,7263.1289,37.2000,18.5000,0.0229,15.5233
439,2026-08-12 19:40:19,7625,0.9751,227.0000,50.9890,7257.1575,37.2000,18.4800,0.0231,15.5171
440,2026-08-12 19:40:21,7614,0.9737,226.0000,50.9800,7251.9758,37.2000,18.4600,0.0234,15.5109
441,2026-08-12 19:40:23,7618,0.9742,226.0000,50.9780,7248.6455,37.2000,18.4400,0.0237,15.5047
442,2026-08-12 19:40:25,7617,0.9740,226.0000,50.9410,7247.6858,37.2000,18.4200,0.0240,15.4985
443,2026-08-12 19:40:27,7605,0.9725,226.0000,50.9120,7240.6528,37.2000,18.4000,0.0243,15.4923
444,2026-08-12 19:40:29,7612,0.9734,226.0000,50.9020,7236.7597,37.1800,18.2200,0.0246,15.4861
445,2026-08-12 19:40:31,7596,0.9714,226.0000,50.8390,7230.7185,37.1600,18.0400,0.0249,15.4798
446,2026-08-12 19:40:33,7601,0.9720,226.0000,50.8730,7221.4218,37.1400,17.8600,0.0252,15.4734
447,2026-08-12 19:40:35,7602,0.9721,226.0000,50.8290,7216.7554,37.1200,17.6800,0.0255,15.4670
448,2026-08-12 19:40:37,7598,0.9716,226.0000,50.8030,7214.7232,37.1000,17.5000,0.0258,15.4606
449,2026-08-12 19:40:39,7590,0.9706,226.0000,50.7780,7211.7562,37.1000,17.5600,0.0261,15.4542
450,2026-08-12 19:40:41,7578,0.9691,226.0000,50.5210,7200.4235,37.1000,17.6200,0.0264,15.4479
451,2026-08-12 19:40:43,7595,0.9712,225.0000,50.5800,7192.3253,37.1000,17.6800,0.0267,15.4417
452,2026-08-12 19:40:45,7594,0.9711,225.0000,50.5980,7186.1640,37.1000,17.7400,0.0270,15.4355
453,2026-08-12 19:40:47,7593,0.9710,226.0000,50.5870,7183.4340,37.1000,17.8000,0.0272,15.4293
454,2026-08-12 19:40:49,7576,0.9688,226.0000,50.5480,7177.9582,37.0800,17.8000,0.0275,15.4231
455,2026-08-12 19:40:51,7583,0.9697,225.0000,50.5200,7176.9238,37.0600,17.8000,0.0279,15.4168
456,2026-08-12 19:40:53,7580,0.9693,225.0000,50.5280,7171.5676,37.0400,17.8000,0.0282,15.4104
457,2026-08-12 19:40:55,7572,0.9683,226.0000,50.4930,7163.1659,37.0200,17.8000,0.0285,15.4040
458,2026-08-12 19:40:57,7580,0.9693,225.0000,50.4780,7158.0719,37.0000,17.8000,0.0288,15.3976
459,2026-08-12 19:40:59,7575,0.9687,226.0000,50.4640,7153.3109,37.0000,17.7600,0.0291,15.3912
460,2026-08-12 19:41:01,7570,0.9680,226.0000,50.4610,7149.4360,37.0000,17.7200,0.0294,15.3849
461,2026-08-12 19:41:03,7576,0.9688,226.0000,50.4440,7139.7451,37.0000,17.6800,0.0297,15.3787
462,2026-08-12 19:41:05,7571,0.9682,225.0000,50.3720,7134.5585,37.0000,17.6400,0.0300,15.3725
463,2026-08-12 19:41:07,7554,0.9660,225.0000,50.3230,7128.7670,37.0000,17.6000,0.0303,15.3663
464,2026-08-12 19:41:09,7556,0.9662,225.0000,50.3470,7126.9812,37.0000,17.7200,0.0306,15.3601
465,2026-08-12 19:41:11,7574,0.9685,225.0000,50.3500,7119.6041,37.0000,17.8400,0.0309,15.3539
466,2026-08-12 19:41:13,7555,0.9661,225.0000,50.2800,7117.0219,37.0000,17.9600,0.0313,15.3477
467,2026-08-12 19:41:15,7557,0.9664,225.0000,50.2740,7112.9257,37.0000,18.0800,0.0316,15.3415
468,2026-08-12 19:41:17,7557,0.9664,225.0000,50.2810,7111.6440,37.0000,18.2000,0.0319,15.3353
469,2026-08-12 19:41:19,7554,0.9660,225.0000,50.2170,7100.0512,36.9800,18.1800,0.0322,15.3291
470,2026-08-12 19:41:21,7558,0.9665,226.0000,50.1950,7091.4330,36.9600,18.1600,0.0325,15.3228
471,2026-08-12 19:41:23,7553,0.9659,225.0000,50.1630,7088.4631,36.9400,18.1400,0.0329,15.3164
472,2026-08-12 19:41:25,7552,0.9657,225.0000,50.1740,7084.5832,36.9200,18.1200,0.0332,15.3100
473,2026-08-12 19:41:27,7542,0.9645,225.0000,50.1300,7082.5141,36.9000,18.1000,0.0335,15.3036
474,2026-08-12 19:41:29,7541,0.9643,224.0000,50.1050,7072.0879,36.8800,18.1200,0.0338,15.2972
475,2026-08-12 19:41:31,7543,0.9646,225.0000,50.1060,7067.8366,36.8600,18.1400,0.0341,15.2909
476,2026-08-12 19:41:33,7542,0.9645,224.0000,50.0680,7063.9204,36.8400,18.1600,0.0345,15.2847
477,2026-08-12 19:41:35,7541,0.9643,225.0000,50.0610,7052.7503,36.8200,18.1800,0.0348,15.2785
478,2026-08-12 19:41:37,7529,0.9628,224.0000,50.0170,7048.7885,36.8000,18.2000,0.0351,15.2723
479,2026-08-12 19:41:39,7533,0.9633,225.0000,49.9940,7041.9212,36.8000,18.1600,0.0355,15.2661
480,2026-08-12 19:41:41,7523,0.9620,225.0000,49.7200,7034.4262,36.8000,18.1200,0.0358,15.2598
481,2026-08-12 19:41:43,7525,0.9623,224.0000,49.7810,7032.0988,36.8000,18.0800,0.0361,15.2534
482,2026-08-12 19:41:45,7525,0.9623,224.0000,49.7170,7025.3470,36.8000,18.0400,0.0364,15.2470
483,2026-08-12 19:41:47,7518,0.9614,224.0000,49.7240,7017.8288,36.8000,18.0000,0.0368,15.2406
484,2026-08-12 19:41:49,7513,0.9607,225.0000,49.6940,7007.7815,36.8000,18.1000,0.0371,15.2342
485,2026-08-12 19:41:51,7522,0.9619,224.0000,49.6790,7002.0095,36.8000,18.2000,0.0374,15.2279
486,2026-08-12 19:41:53,7508,0.9601,225.0000,49.6000,6996.0532,36.8000,18.3000,0.0378,15.2217
487,2026-08-12 19:41:55,7516,0.9611,225.0000,49.6440,6992.2982,36.8000,18.4000,0.0381,15.2155
488,2026-08-12 19:41:57,7513,0.9607,225.0000,49.6300,6987.7448,36.8000,18.5000,0.0385,15.2093
489,2026-08-12 19:41:59,7504,0.9596,225.0000,49.5120,6981.3495,36.8200,18.4400,0.0388,15.2031
490,2026-08-12 19:42:01,7502,0.9593,224.0000,49.4900,6977.7988,36.8400,18.3800,0.0391,15.1969
491,2026-08-12 19:42:03,7497,0.9587,225.0000,49.4700,6975.1608,36.8600,18.3200,0.0395,15.1907
492,2026-08-12 19:42:05,7498,0.9588,225.0000,49.4740,6964.7795,36.8800,18.2600,0.0398,15.1845
493,2026-08-12 19:42:07,7488,0.9575,224.0000,49.4250,6963.4069,36.9000,18.2000,0.0402,15.1783
494,2026-08-12 19:42:09,7479,0.9564,225.0000,49.3740,6959.7699,36.9000,18.2600,0.0405,15.1721
495,2026-08-12 19:42:11,7475,0.9559,225.0000,49.3160,6953.8872,36.9000,18.3200,0.0408,15.1658
496,2026-08-12 19:42:13,7487,0.9574,225.0000,49.3310,6941.0781,36.9000,18.3800,0.0412,15.1594
497,2026-08-12 19:42:15,7470,0.9552,225.0000,49.2980,6929.8884,36.9000,18.4400,0.0415,15.1530
498,2026-08-12 19:42:17,7470,0.9552,225.0000,49.2580,6928.0512,36.9000,18.5000,0.0419,15.1466
499,2026-08-12 19:42:19,7473,0.9556,225.0000,49.2650,6924.8796,36.9000,18.3600,0.0422,15.1402
500,2026-08-12 19:42:21,7467,0.9549,224.0000,49.2160,6920.0627,36.9000,18.2200,0.0426,15.1339
501,2026-08-12 19:42:23,7463,0.9543,224.0000,49.1870,6913.7986,36.9000,18.0800,0.0429,15.1277
502,2026-08-12 19:42:25,7455,0.9533,225.0000,49.1580,6903.1284,36.9000,17.9400,0.0433,15.1215
503,2026-08-12 19:42:27,7457,0.9536,225.0000,49.1190,6900.6765,36.9000,17.8000,0.0436,15.1153
504,2026-08-12 19:42:29,7456,0.9535,225.0000,49.1040,6894.0979,36.9000,17.8800,0.0440,15.1091
505,2026-08-12 19:42:31,7459,0.9538,225.0000,49.0380,6889.7180,36.9000,17.9600,0.0443,15.1029
506,2026-08-12 19:42:33,7456,0.9535,225.0000,49.0130,6874.4116,36.9000,18.0400,0.0447,15.0967
507,2026-08-12 19:42:35,7450,0.9527,225.0000,49.0040,6871.4189,36.9000,18.1200,0.0450,15.0905
508,2026-08-12 19:42:37,7446,0.9522,224.0000,48.9690,6869.1571,36.9000,18.2000,0.0454,15.0843
509,2026-08-12 19:42:39,7451,0.9528,225.0000,48.9790,6864.2230,36.9000,18.1600,0.0457,15.0781
510,2026-08-12 19:42:41,7438,0.9512,225.0000,48.6760,6852.7715,36.9000,18.1200,0.0461,15.0718
511,2026-08-12 19:42:43,7436,0.9509,225.0000,48.7140,6845.9340,36.9000,18.0800,0.0465,15.0654
512,2026-08-12 19:42:45,7428,0.9499,225.0000,48.6690,6842.6784,36.9000,18.0400,0.0468,15.0590
513,2026-08-12 19:42:47,7426,0.9496,225.0000,48.6370,6835.6558,36.9000,18.0000,0.0472,15.0526
514,2026-08-12 19:42:49,7422,0.9491,225.0000,48.6110,6829.2931,36.8800,18.0200,0.0475,15.0462
515,2026-08-12 19:42:51,7415,0.9482,225.0000,48.5700,6823.5416,36.8600,18.0400,0.0479,15.0399
516,2026-08-12 19:42:53,7416,0.9483,225.0000,48.5280,6819.4998,36.8400,18.0600,0.0483,15.0337
517,2026-08-12 19:42:55,7420,0.9488,225.0000,48.4900,6813.0388,36.8200,18.0800,0.0486,15.0275
518,2026-08-12 19:42:57,7410,0.9476,225.0000,48.4700,6806.6789,36.8000,18.1000,0.0490,15.0213
519,2026-08-12 19:42:59,7410,0.9476,225.0000,48.4220,6802.0068,36.8000,18.1400,0.0494,15.0151
520,2026-08-12 19:43:01,7408,0.9473,225.0000,48.4030,6792.8673,36.8000,18.1800,0.0497,15.0088
521,2026-08-12 19:43:03,7402,0.9465,225.0000,48.3650,6787.0941,36.8000,18.2200,0.0501,15.0024
522,2026-08-12 19:43:05,7401,0.9464,225.0000,48.3750,6778.6939,36.8000,18.2600,0.0505,14.9960
523,2026-08-12 19:43:07,7391,0.9451,225.0000,48.3140,6772.5499,36.8000,18.3000,0.0508,14.9896
524,2026-08-12 19:43:09,7393,0.9454,225.0000,48.2980,6765.0882,36.8000,18.3000,0.0512,14.9832
525,2026-08-12 19:43:11,7389,0.9449,225.0000,48.2670,6758.5643,36.8000,18.3000,0.0516,14.9769
526,2026-08-12 19:43:13,7386,0.9445,225.0000,48.2020,6753.3651,36.8000,18.3000,0.0519,14.9707
527,2026-08-12 19:43:15,7385,0.9444,225.0000,48.2020,6746.6945,36.8000,18.3000,0.0523,14.9645
528,2026-08-12 19:43:17,7381,0.9439,225.0000,48.1750,6738.4152,36.8000,18.3000,0.0527,14.9583
529,2026-08-12 19:43:19,7374,0.9430,225.0000,48.1810,6736.4040,36.8000,18.3000,0.0531,14.9521
530,2026-08-12 19:43:21,7372,0.9427,225.0000,48.1510,6732.1298,36.8000,18.3000,0.0534,14.9459
531,2026-08-12 19:43:23,7367,0.9421,225.0000,48.0930,6722.4553,36.8000,18.3000,0.0538,14.9397
532,2026-08-12 19:43:25,7366,0.9419,225.0000,48.0780,6717.4970,36.8000,18.3000,0.0542,14.9335
533,2026-08-12 19:43:27,7361,0.9413,224.0000,48.0410,6712.8050,36.8000,18.3000,0.0546,14.9273
534,2026-08-12 19:43:29,7364,0.9417,225.0000,47.9740,6707.6801,36.8000,18.4000,0.0549,14.9211
535,2026-08-12 19:43:31,7361,0.9413,225.0000,47.9390,6694.7712,36.8000,18.5000,0.0553,14.9148
536,2026-08-12 19:43:33,7360,0.9412,225.0000,47.9190,6685.5343,36.8000,18.6000,0.0557,14.9084
537,2026-08-12 19:43:35,7352,0.9402,225.0000,47.9250,6683.0564,36.8000,18.7000,0.0561,14.9020
538,2026-08-12 19:43:37,7346,0.9394,225.0000,47.9020,6675.5223,36.8000,18.8000,0.0565,14.8956
539,2026-08-12 19:43:39,7343,0.9390,225.0000,47.8530,6666.9784,36.8000,18.8600,0.0568,14.8892
540,2026-08-12 19:43:41,7345,0.9393,224.0000,47.6110,6658.7202,36.8000,18.9200,0.0572,14.8829
541,2026-08-12 19:43:43,7333,0.9377,224.0000,47.6080,6652.8261,36.8000,18.9800,0.0576,14.8767
542,2026-08-12 19:43:45,7339,0.9385,224.0000,47.6000,6650.1245,36.8000,19.0400,0.0580,14.8705
543,2026-08-12 19:43:47,7335,0.9380,224.0000,47.5360,6647.8986,36.8000,19.1000,0.0584,14.8643
544,2026-08-12 19:43:49,7335,0.9380,225.0000,47.5270,6645.1083,36.7800,18.9600,0.0588,14.8581
545,2026-08-12 19:43:51,7330,0.9373,224.0000,47.4820,6631.0356,36.7600,18.8200,0.0592,14.8519
546,2026-08-12 19:43:53,7336,0.9381,224.0000,47.4350,6624.4424,36.7400,18.6800,0.0595,14.8457
547,2026-08-12 19:43:55,7324,0.9366,224.0000,47.3860,6613.0597,36.7200,18.5400,0.0599,14.8395
548,2026-08-12 19:43:57,7324,0.9366,224.0000,47.4120,6609.4211,36.7000,18.4000,0.0603,14.8333
549,2026-08-12 19:43:59,7326,0.9368,224.0000,47.3760,6601.4683,36.7000,18.4600,0.0607,14.8271
550,2026-08-12 19:44:01,7315,0.9354,224.0000,47.3340,6597.3556,36.7000,18.5200,0.0611,14.8208
551,2026-08-12 19:44:03,7311,0.9349,224.0000,47.2830,6592.7107,36.7000,18.5800,0.0615,14.8144
552,2026-08-12 19:44:05,7313,0.9352,224.0000,47.2860,6584.7212,36.7000,18.6400,0.0619,14.8080
553,2026-08-12 19:44:07,7294,0.9327,224.0000,47.2050,6576.5169,36.7000,18.7000,0.0623,14.8016
554,2026-08-12 19:44:09,7299,0.9334,224.0000,47.2010,6567.2152,36.7000,18.6600,0.0627,14.7952
555,2026-08-12 19:44:11,7295,0.9329,224.0000,47.1380,6553.5411,36.7000,18.6200,0.0631,14.7889
556,2026-08-12 19:44:13,7296,0.9330,224.0000,47.1340,6547.5846,36.7000,18.5800,0.0635,14.7827
557,2026-08-12 19:44:15,7300,0.9335,224.0000,47.1160,6544.8041,36.7000,18.5400,0.0639,14.7765
558,2026-08-12 19:44:17,7303,0.9339,224.0000,46.9200,6539.0854,36.7000,18.5000,0.0643,14.7703
559,2026-08-12 19:44:19,7299,0.9334,224.0000,46.8280,6533.3949,36.7000,18.5400,0.0647,14.7641
560,2026-08-12 19:44:21,7297,0.9331,224.0000,46.8210,6527.6035,36.7000,18.5800,0.0651,14.7579
561,2026-08-12 19:44:23,7292,0.9325,224.0000,46.8430,6521.4969,36.7000,18.6200,0.0655,14.7517
562,2026-08-12 19:44:25,7290,0.9322,224.0000,46.8210,6514.4028,36.7000,18.6600,0.0659,14.7455
563,2026-08-12 19:44:27,7284,0.9315,224.0000,46.8150,6497.4307,36.7000,18.7000,0.0663,14.7393
564,2026-08-12 19:44:29,7280,0.9309,224.0000,46.7770,6494.8858,36.7000,18.7200,0.0667,14.7331
565,2026-08-12 19:44:31,7271,0.9298,224.0000,46.7150,6485.8577,36.7000,18.7400,0.0671,14.7268
566,2026-08-12 19:44:33,7268,0.9294,224.0000,46.7030,6480.1823,36.7000,18.7600,0.0675,14.7204
567,2026-08-12 19:44:35,7262,0.9286,224.0000,46.6850,6473.3115,36.7000,18.7800,0.0679,14.7140
568,2026-08-12 19:44:37,7253,0.9275,224.0000,46.6610,6469.5678,36.7000,18.8000,0.0683,14.7076
569,2026-08-12 19:44:39,7255,0.9277,224.0000,46.5890,6465.4769,36.6800,18.7600,0.0687,14.7012
570,2026-08-12 19:44:41,7243,0.9262,223.0000,46.3680,6462.3169,36.6600,18.7200,0.0691,14.6949
571,2026-08-12 19:44:43,7244,0.9263,223.0000,46.3570,6443.8586,36.6400,18.6800,0.0695,14.6887
572,2026-08-12 19:44:45,7253,0.9275,223.0000,46.3530,6434.7475,36.6200,18.6400,0.0699,14.6825
573,2026-08-12 19:44:47,7236,0.9253,224.0000,46.3100,6430.5404,36.6000,18.6000,0.0703,14.6763
574,2026-08-12 19:44:49,7240,0.9258,224.0000,46.2880,6424.9878,36.6000,18.6600,0.0707,14.6701
575,2026-08-12 19:44:51,7232,0.9248,224.0000,46.2070,6414.4211,36.6000,18.7200,0.0711,14.6638
576,2026-08-12 19:44:53,7229,0.9244,224.0000,46.2130,6409.3607,36.6000,18.7800,0.0716,14.6574
577,2026-08-12 19:44:55,7239,0.9257,223.0000,46.1960,6405.4483,36.6000,18.8400,0.0720,14.6510
578,2026-08-12 19:44:57,7226,0.9240,224.0000,46.1560,6400.6842,36.6000,18.9000,0.0724,14.6446
579,2026-08-12 19:44:59,7220,0.9233,224.0000,46.0910,6392.8281,36.6000,18.9600,0.0728,14.6382
580,2026-08-12 19:45:01,7227,0.9242,224.0000,46.0600,6383.4233,36.6000,19.0200,0.0732,14.6319
581,2026-08-12 19:45:03,7220,0.9233,223.0000,46.0170,6377.1878,36.6000,19.0800,0.0736,14.6257
582,2026-08-12 19:45:05,7226,0.9240,223.0000,45.9940,6369.0140,36.6000,19.1400,0.0740,14.6195
583,2026-08-12 19:45:07,7210,0.9220,223.0000,45.9280,6362.5810,36.6000,19.2000,0.0745,14.6133
584,2026-08-12 19:45:09,7213,0.9224,223.0000,45.9160,6356.1197,36.6000,19.0000,0.0749,14.6071
585,2026-08-12 19:45:11,7210,0.9220,223.0000,45.8650,6350.2838,36.6000,18.8000,0.0753,14.6009
586,2026-08-12 19:45:13,7200,0.9207,223.0000,45.8340,6337.5502,36.6000,18.6000,0.0757,14.5947
587,2026-08-12 19:45:15,7202,0.9210,223.0000,45.7930,6330.6119,36.6000,18.4000,0.0761,14.5885
588,2026-08-12 19:45:17,7204,0.9212,223.0000,45.7430,6324.5107,36.6000,18.2000,0.0765,14.5823
589,2026-08-12 19:45:19,7192,0.9197,223.0000,45.7110,6315.0473,36.6000,18.1600,0.0770,14.5761
590,2026-08-12 19:45:21,7194,0.9199,223.0000,45.6640,6309.9422,36.6000,18.1200,0.0774,14.5698
591,2026-08-12 19:45:23,7186,0.9189,223.0000,45.6150,6302.8489,36.6000,18.0800,0.0778,14.5634
592,2026-08-12 19:45:25,7186,0.9189,223.0000,45.5560,6290.5096,36.6000,18.0400,0.0782,14.5570
593,2026-08-12 19:45:27,7182,0.9184,222.0000,45.5140,6286.6729,36.6000,18.0000,0.0787,14.5506
594,2026-08-12 19:45:29,7186,0.9189,222.0000,45.4720,6281.2289,36.6000,18.0400,0.0791,14.5442
595,2026-08-12 19:45:31,7178,0.9179,222.0000,45.4250,6275.2729,36.6000,18.0800,0.0795,14.5379
596,2026-08-12 19:45:33,7184,0.9187,222.0000,45.3720,6275.2729,36.6000,18.1200,0.0799,14.5317
597,2026-08-12 19:45:35,7178,0.9179,222.0000,45.3030,6275.2729,36.6000,18.1600,0.0804,14.5255
598,2026-08-12 19:45:37,7174,0.9174,222.0000,45.2930,6275.2729,36.6000,18.2000,0.0808,14.5193
599,2026-08-12 19:45:39,7169,0.9168,222.0000,45.2470,6271.7256,36.6000,18.2000,0.0812,14.5131
600,2026-08-12 19:45:41,7165,0.9162,222.0000,45.0290,6268.7251,36.6000,18.2000,0.0817,14.5069
601,2026-08-12 19:45:43,7161,0.9157,222.0000,44.9690,6261.7729,36.6000,18.2000,0.0821,14.5007
602,2026-08-12 19:45:45,7163,0.9160,221.0000,44.9610,6255.5620,36.6000,18.2000,0.0825,14.4945
603,2026-08-12 19:45:47,7148,0.9141,221.0000,44.8950,6213.9245,36.6000,18.2000,0.0829,14.4883
604,2026-08-12 19:45:49,0,0.0000,2.0000,1.5230,6203.8777,36.6000,18.3000,0.0834,14.4821
605,2026-08-12 19:45:51,0,0.0000,2.0000,1.6720,6201.5488,36.6000,18.4000,0.0838,14.4758
606,2026-08-12 19:45:53,7132,0.9120,221.0000,44.0380,6193.2856,36.6000,18.5000,0.0842,14.4694
607,2026-08-12 19:45:55,7136,0.9125,220.0000,44.3020,6185.9624,36.6000,18.6000,0.0847,14.4630
608,2026-08-12 19:45:57,7140,0.9130,220.0000,44.4050,6177.6032,36.6000,18.7000,0.0851,14.4566
609,2026-08-12 19:45:59,7141,0.9132,220.0000,44.4490,6172.9658,36.6000,18.7600,0.0855,14.4502
610,2026-08-12 19:46:01,7135,0.9124,220.0000,44.4530,6160.6679,36.6000,18.8200,0.0860,14.4439
611,2026-08-12 19:46:03,7137,0.9127,220.0000,44.4720,6155.0665,36.6000,18.8800,0.0864,14.4377
612,2026-08-12 19:46:05,7123,0.9109,220.0000,44.4020,6150.6959,36.6000,18.9400,0.0869,14.4315
613,2026-08-12 19:46:07,7121,0.9106,220.0000,44.3790,6141.3185,36.6000,19.0000,0.0873,14.4253
614,2026-08-12 19:46:09,7116,0.9100,220.0000,44.3430,6135.8883,36.6000,18.9800,0.0877,14.4191
615,2026-08-12 19:46:11,7110,0.9092,220.0000,44.2860,6133.1957,36.6000,18.9600,0.0882,14.4129
616,2026-08-12 19:46:13,7118,0.9102,219.0000,44.3040,6124.5719,36.6000,18.9400,0.0886,14.4067
617,2026-08-12 19:46:15,7106,0.9087,220.0000,44.2810,6117.5717,36.6000,18.9200,0.0891,14.4005
618,2026-08-12 19:46:17,7100,0.9079,219.0000,44.2780,6107.3084,36.6000,18.9000,0.0895,14.3943
619,2026-08-12 19:46:19,7103,0.9083,219.0000,44.2300,6099.6952,36.6000,18.8800,0.0899,14.3881
620,2026-08-12 19:46:21,7096,0.9074,220.0000,44.2110,6095.9943,36.6000,18.8600,0.0904,14.3818
621,2026-08-12 19:46:23,7096,0.9074,219.0000,44.1800,6086.4727,36.6000,18.8400,0.0908,14.3754
622,2026-08-12 19:46:25,7084,0.9059,219.0000,44.1010,6078.3923,36.6000,18.8200,0.0913,14.3690
623,2026-08-12 19:46:27,7080,0.9054,219.0000,44.0760,6074.7047,36.6000,18.8000,0.0917,14.3626
624,2026-08-12 19:46:29,7085,0.9060,219.0000,44.0570,6068.2588,36.6000,18.8000,0.0922,14.3562
625,2026-08-12 19:46:31,7075,0.9047,219.0000,44.0470,6057.7741,36.6000,18.8000,0.0926,14.3499
626,2026-08-12 19:46:33,7076,0.9049,219.0000,44.0190,6047.6063,36.6000,18.8000,0.0931,14.3437
627,2026-08-12 19:46:35,7077,0.9050,219.0000,43.9750,6045.2637,36.6000,18.8000,0.0935,14.3375
628,2026-08-12 19:46:37,7065,0.9035,219.0000,43.9490,6041.0779,36.6000,18.8000,0.0940,14.3313
629,2026-08-12 19:46:39,7067,0.9037,219.0000,43.9020,6034.6393,36.6000,18.7200,0.0944,14.3251
630,2026-08-12 19:46:41,7056,0.9023,218.0000,43.6590,6022.7660,36.6000,18.6400,0.0949,14.3189
631,2026-08-12 19:46:43,7047,0.9012,219.0000,43.6640,6017.3413,36.6000,18.5600,0.0953,14.3127
632,2026-08-12 19:46:45,7042,0.9005,219.0000,43.6430,6014.4763,36.6000,18.4800,0.0958,14.3065
633,2026-08-12 19:46:47,7042,0.9005,219.0000,43.6520,6007.3004,36.6000,18.4000,0.0962,14.3003
634,2026-08-12 19:46:49,7047,0.9012,218.0000,43.5900,5995.7752,36.6000,18.4600,0.0967,14.2941
635,2026-08-12 19:46:51,7036,0.8997,218.0000,43.5480,5986.1491,36.6000,18.5200,0.0971,14.2878
636,2026-08-12 19:46:53,7034,0.8995,218.0000,43.4960,5983.1122,36.6000,18.5800,0.0976,14.2814
637,2026-08-12 19:46:55,7032,0.8992,218.0000,43.4820,5974.8861,36.6000,18.6400,0.0980,14.2750
638,2026-08-12 19:46:57,7031,0.8991,218.0000,43.4260,5968.8996,36.6000,18.7000,0.0985,14.2686
639,2026-08-12 19:46:59,7024,0.8982,218.0000,43.4040,5961.5632,36.6000,18.7200,0.0989,14.2622
640,2026-08-12 19:47:01,7025,0.8983,218.0000,43.3600,5957.0703,36.6000,18.7400,0.0994,14.2559
641,2026-08-12 19:47:03,7020,0.8977,217.0000,43.3490,5951.2001,36.6000,18.7600,0.0998,14.2497
642,2026-08-12 19:47:05,7014,0.8969,218.0000,43.2620,5946.5318,36.6000,18.7800,0.1003,14.2435
643,2026-08-12 19:47:07,7016,0.8972,217.0000,43.2480,5937.5783,36.6000,18.8000,0.1008,14.2373
644,2026-08-12 19:47:09,7007,0.8960,217.0000,43.2100,5927.1611,36.6000,18.8200,0.1012,14.2311
645,2026-08-12 19:47:11,6991,0.8940,217.0000,43.1340,5921.3578,36.6000,18.8400,0.1017,14.2249
646,2026-08-12 19:47:13,7010,0.8964,217.0000,43.1220,5915.8177,36.6000,18.8600,0.1021,14.2187
647,2026-08-12 19:47:15,7002,0.8954,217.0000,43.0830,5910.3464,36.6000,18.8800,0.1026,14.2125
648,2026-08-12 19:47:17,6991,0.8940,217.0000,43.0250,5905.2600,36.6000,18.9000,0.1031,14.2063
649,2026-08-12 19:47:19,7002,0.8954,216.0000,43.0040,5896.5031,36.5800,18.9200,0.1035,14.2001
650,2026-08-12 19:47:21,6993,0.8942,216.0000,42.9600,5886.6387,36.5600,18.9400,0.1040,14.1938
651,2026-08-12 19:47:23,6983,0.8930,216.0000,42.9110,5883.2968,36.5400,18.9600,0.1045,14.1874
652,2026-08-12 19:47:25,6988,0.8936,216.0000,42.8540,5871.7852,36.5200,18.9800,0.1049,14.1810
653,2026-08-12 19:47:27,6991,0.8940,216.0000,42.8430,5865.7157,36.5000,19.0000,0.1054,14.1746
654,2026-08-12 19:47:29,6975,0.8919,216.0000,42.8170,5862.0612,36.5000,18.8600,0.1058,14.1682
655,2026-08-12 19:47:31,6976,0.8921,216.0000,42.7700,5850.7396,36.5000,18.7200,0.1063,14.1619
656,2026-08-12 19:47:33,6974,0.8918,215.0000,42.7410,5845.2860,36.5000,18.5800,0.1068,14.1557
657,2026-08-12 19:47:35,6959,0.8899,215.0000,42.6860,5837.8809,36.5000,18.4400,0.1072,14.1495
658,2026-08-12 19:47:37,6962,0.8903,215.0000,42.6560,5831.8780,36.5000,18.3000,0.1077,14.1433
659,2026-08-12 19:47:39,6949,0.8886,215.0000,42.6370,5823.6162,36.5000,18.4400,0.1082,14.1371
660,2026-08-12 19:47:41,6949,0.8886,215.0000,42.4430,5820.3112,36.5000,18.5800,0.1087,14.1309
661,2026-08-12 19:47:43,6939,0.8873,215.0000,42.4130,5812.5464,36.5000,18.7200,0.1091,14.1247
662,2026-08-12 19:47:45,6937,0.8871,215.0000,42.3890,5810.0034,36.5000,18.8600,0.1096,14.1185
663,2026-08-12 19:47:47,6936,0.8870,215.0000,42.3810,5799.6758,36.5000,19.0000,0.1101,14.1123
664,2026-08-12 19:47:49,6935,0.8868,215.0000,42.3380,5795.7075,36.5000,18.9400,0.1105,14.1061
665,2026-08-12 19:47:51,6929,0.8861,215.0000,42.3150,5785.2714,36.5000,18.8800,0.1110,14.0998
666,2026-08-12 19:47:53,6920,0.8849,215.0000,42.2430,5778.6100,36.5000,18.8200,0.1115,14.0934
667,2026-08-12 19:47:55,6922,0.8852,215.0000,42.2140,5769.3093,36.5000,18.7600,0.1120,14.0870
668,2026-08-12 19:47:57,6919,0.8848,215.0000,42.1840,5760.1036,36.5000,18.7000,0.1124,14.0806
669,2026-08-12 19:47:59,6906,0.8831,215.0000,42.1150,5754.4488,36.5000,18.7000,0.1129,14.0742
670,2026-08-12 19:48:01,6914,0.8841,215.0000,42.1110,5746.3811,36.5000,18.7000,0.1134,14.0679
671,2026-08-12 19:48:03,6906,0.8831,215.0000,42.0620,5738.4621,36.5000,18.7000,0.1139,14.0617
672,2026-08-12 19:48:05,6903,0.8827,215.0000,42.0600,5729.7908,36.5000,18.7000,0.1143,14.0555
673,2026-08-12 19:48:07,6903,0.8827,214.0000,41.9910,5727.9013,36.5000,18.7000,0.1148,14.0493
674,2026-08-12 19:48:09,6894,0.8816,215.0000,41.9240,5721.5204,36.4800,18.7000,0.1153,14.0431
675,2026-08-12 19:48:11,6896,0.8818,214.0000,41.9200,5710.2113,36.4600,18.7000,0.1158,14.0369
676,2026-08-12 19:48:13,6890,0.8811,214.0000,41.8550,5706.0385,36.4400,18.7000,0.1163,14.0307
677,2026-08-12 19:48:15,6891,0.8812,214.0000,41.8220,5697.0137,36.4200,18.7000,0.1167,14.0245
678,2026-08-12 19:48:17,6891,0.8812,214.0000,41.8130,5693.4479,36.4000,18.7000,0.1172,14.0183
679,2026-08-12 19:48:19,6878,0.8795,214.0000,41.7720,5683.9980,36.4000,18.7800,0.1177,14.0121
680,2026-08-12 19:48:21,6882,0.8801,214.0000,41.7160,5677.9218,36.4000,18.8600,0.1182,14.0058
681,2026-08-12 19:48:23,6877,0.8794,214.0000,41.6800,5671.7194,36.4000,18.9400,0.1187,13.9994
682,2026-08-12 19:48:25,6871,0.8786,214.0000,41.6580,5665.7963,36.4000,19.0200,0.1191,13.9930
683,2026-08-12 19:48:27,6863,0.8776,214.0000,41.5900,5661.2480,36.4000,19.1000,0.1196,13.9866
684,2026-08-12 19:48:29,6861,0.8774,213.0000,41.5660,5651.6763,36.4000,19.0800,0.1201,13.9802
685,2026-08-12 19:48:31,6861,0.8774,213.0000,41.5190,5643.7994,36.4000,19.0600,0.1206,13.9739
686,2026-08-12 19:48:33,6860,0.8772,213.0000,41.4900,5631.7557,36.4000,19.0400,0.1211,13.9677
687,2026-08-12 19:48:35,6854,0.8765,213.0000,41.4790,5624.9570,36.4000,19.0200,0.1216,13.9615
688,2026-08-12 19:48:37,6851,0.8761,213.0000,41.4030,5618.6035,36.4000,19.0000,0.1221,13.9553
689,2026-08-12 19:48:39,6844,0.8752,213.0000,41.3740,5614.2607,36.3800,18.9400,0.1225,13.9491
690,2026-08-12 19:48:41,6841,0.8748,213.0000,41.1410,5608.1411,36.3600,18.8800,0.1230,13.9429
691,2026-08-12 19:48:43,6843,0.8751,212.0000,41.1750,5603.9700,36.3400,18.8200,0.1235,13.9367
692,2026-08-12 19:48:45,6830,0.8734,212.0000,41.1440,5592.9458,36.3200,18.7600,0.1240,13.9305
693,2026-08-12 19:48:47,6837,0.8743,213.0000,41.1190,5586.0771,36.3000,18.7000,0.1245,13.9243
694,2026-08-12 19:48:49,6829,0.8733,212.0000,41.0470,5581.0278,36.3000,18.7200,0.1250,13.9181
695,2026-08-12 19:48:51,6825,0.8728,212.0000,41.0090,5570.4571,36.3000,18.7400,0.1255,13.9119
696,2026-08-12 19:48:53,6809,0.8707,212.0000,40.9760,5564.1639,36.3000,18.7600,0.1260,13.9057
697,2026-08-12 19:48:55,6815,0.8715,212.0000,40.9480,5559.8514,36.3000,18.7800,0.1265,13.8995
698,2026-08-12 19:48:57,6807,0.8705,212.0000,40.9130,5553.0449,36.3000,18.8000,0.1270,13.8933
699,2026-08-12 19:48:59,6799,0.8694,212.0000,40.8730,5544.9124,36.3000,18.8800,0.1275,13.8871
700,2026-08-12 19:49:01,6800,0.8696,212.0000,40.8380,5538.8172,36.3000,18.9600,0.1279,13.8808
701,2026-08-12 19:49:03,6805,0.8702,211.0000,40.8070,5528.9629,36.3000,19.0400,0.1284,13.8744
702,2026-08-12 19:49:05,6790,0.8683,211.0000,40.7820,5518.5702,36.3000,19.1200,0.1289,13.8680
703,2026-08-12 19:49:07,6793,0.8687,211.0000,40.7130,5513.9499,36.3000,19.2000,0.1294,13.8616
704,2026-08-12 19:49:09,6789,0.8682,211.0000,40.6920,5505.1906,36.3000,19.1800,0.1299,13.8552
705,2026-08-12 19:49:11,6789,0.8682,211.0000,40.6410,5498.0556,36.3000,19.1600,0.1304,13.8489
706,2026-08-12 19:49:13,6785,0.8676,211.0000,40.6080,5494.7464,36.3000,19.1400,0.1309,13.8427
707,2026-08-12 19:49:15,6785,0.8676,211.0000,40.5570,5486.2143,36.3000,19.1200,0.1314,13.8365
708,2026-08-12 19:49:17,6775,0.8664,211.0000,40.5180,5481.4897,36.3000,19.1000,0.1319,13.8303
709,2026-08-12 19:49:19,6776,0.8665,211.0000,40.5130,5471.8314,36.2800,19.0600,0.1324,13.8241
710,2026-08-12 19:49:21,6777,0.8666,210.0000,40.4960,5463.5339,36.2600,19.0200,0.1329,13.8179
711,2026-08-12 19:49:23,6765,0.8651,210.0000,40.3820,5455.4253,36.2400,18.9800,0.1334,13.8117
712,2026-08-12 19:49:25,6761,0.8646,210.0000,40.3820,5449.3588,36.2200,18.9400,0.1339,13.8055
713,2026-08-12 19:49:27,6757,0.8641,210.0000,40.3310,5444.2668,36.2000,18.9000,0.1344,13.7993
714,2026-08-12 19:49:29,6751,0.8633,209.0000,40.2620,5438.6948,36.2000,18.9200,0.1349,13.7931
715,2026-08-12 19:49:31,6745,0.8625,210.0000,40.1970,5431.8956,36.2000,18.9400,0.1354,13.7868
716,2026-08-12 19:49:33,6743,0.8623,209.0000,40.1900,5426.2403,36.2000,18.9600,0.1359,13.7804
717,2026-08-12 19:49:35,6736,0.8614,209.0000,40.1350,5412.4887,36.2000,18.9800,0.1364,13.7740
718,2026-08-12 19:49:37,6730,0.8606,209.0000,40.0750,5404.0510,36.2000,19.0000,0.1369,13.7676
719,2026-08-12 19:49:39,6734,0.8611,209.0000,40.0620,5402.2462,36.2000,18.9800,0.1374,13.7612
720,2026-08-12 19:49:41,6723,0.8597,209.0000,39.8480,5393.8617,36.2000,18.9600,0.1379,13.7549
721,2026-08-12 19:49:43,6721,0.8595,209.0000,39.8470,5389.7740,36.2000,18.9400,0.1385,13.7487
722,2026-08-12 19:49:45,6719,0.8592,210.0000,39.8050,5382.6587,36.2000,18.9200,0.1390,13.7425
723,2026-08-12 19:49:47,6714,0.8586,210.0000,39.7870,5376.0322,36.2000,18.9000,0.1395,13.7363
724,2026-08-12 19:49:49,6710,0.8581,209.0000,39.7330,5372.1904,36.1800,18.9200,0.1400,13.7301
725,2026-08-12 19:49:51,6710,0.8581,209.0000,39.7170,5360.2178,36.1600,18.9400,0.1405,13.7239
726,2026-08-12 19:49:53,6707,0.8577,209.0000,39.6770,5358.0452,36.1400,18.9600,0.1410,13.7177
727,2026-08-12 19:49:55,6708,0.8578,209.0000,39.6370,5357.1758,36.1200,18.9800,0.1415,13.7115
728,2026-08-12 19:49:57,6692,0.8558,209.0000,39.5750,5344.7637,36.1000,19.0000,0.1420,13.7053
729,2026-08-12 19:49:59,6699,0.8566,208.0000,39.5560,5335.2096,36.1000,19.0400,0.1425,13.6991
730,2026-08-12 19:50:01,6697,0.8564,208.0000,39.5050,5329.5078,36.1000,19.0800,0.1430,13.6928
731,2026-08-12 19:50:03,6703,0.8572,208.0000,39.5060,5321.2292,36.1000,19.1200,0.1435,13.6864
732,2026-08-12 19:50:05,6680,0.8542,208.0000,39.4360,5318.5609,36.1000,19.1600,0.1441,13.6800
733,2026-08-12 19:50:07,6681,0.8543,208.0000,39.4020,5311.6539,36.1000,19.2000,0.1446,13.6736
734,2026-08-12 19:50:09,6677,0.8538,208.0000,39.3740,5307.0419,36.0800,19.0800,0.1451,13.6672
735,2026-08-12 19:50:11,6662,0.8519,208.0000,39.3250,5302.5561,36.0600,18.9600,0.1456,13.6609
736,2026-08-12 19:50:13,6660,0.8517,208.0000,39.3190,5291.1999,36.0400,18.8400,0.1461,13.6547
737,2026-08-12 19:50:15,6659,0.8515,208.0000,39.2600,5283.3518,36.0200,18.7200,0.1466,13.6485
738,2026-08-12 19:50:17,6650,0.8504,208.0000,39.2230,5272.3286,36.0000,18.6000,0.1471,13.6423
739,2026-08-12 19:50:19,6651,0.8505,208.0000,39.1670,5267.5787,36.0000,18.6600,0.1477,13.6361
740,2026-08-12 19:50:21,6644,0.8496,208.0000,39.1260,5264.3179,36.0000,18.7200,0.1482,13.6299
741,2026-08-12 19:50:23,6644,0.8496,208.0000,39.1030,5254.5040,36.0000,18.7800,0.1487,13.6237
742,2026-08-12 19:50:25,6643,0.8495,207.0000,39.0850,5242.8998,36.0000,18.8400,0.1492,13.6175
743,2026-08-12 19:50:27,6634,0.8483,207.0000,39.0480,5236.5834,36.0000,18.9000,0.1497,13.6113
744,2026-08-12 19:50:29,6641,0.8492,208.0000,38.9840,5230.9883,35.9800,18.8400,0.1503,13.6051
745,2026-08-12 19:50:31,6633,0.8482,207.0000,38.9250,5226.5069,35.9600,18.7800,0.1508,13.5989
746,2026-08-12 19:50:33,6627,0.8474,207.0000,38.8990,5219.6732,35.9400,18.7200,0.1513,13.5927
747,2026-08-12 19:50:35,6623,0.8469,207.0000,38.8370,5213.4233,35.9200,18.6600,0.1518,13.5865
748,2026-08-12 19:50:37,6612,0.8455,207.0000,38.7850,5206.6813,35.9000,18.6000,0.1523,13.5803
749,2026-08-12 19:50:39,6612,0.8455,207.0000,38.7650,5201.2025,35.9000,18.6400,0.1528,13.5741
750,2026-08-12 19:50:41,6605,0.8446,207.0000,38.5590,5196.8812,35.9000,18.6800,0.1534,13.5678
751,2026-08-12 19:50:43,6607,0.8449,207.0000,38.5690,5189.1729,35.9000,18.7200,0.1539,13.5614
752,2026-08-12 19:50:45,6598,0.8437,206.0000,38.5410,5182.5932,35.9000,18.7600,0.1544,13.5550
753,2026-08-12 19:50:47,6603,0.8444,206.0000,38.4820,5172.9690,35.9000,18.8000,0.1549,13.5486
754,2026-08-12 19:50:49,6582,0.8417,206.0000,38.4310,5168.0344,35.9000,18.9000,0.1555,13.5422
755,2026-08-12 19:50:51,6592,0.8430,206.0000,38.3970,5160.7970,35.9000,19.0000,0.1560,13.5359
756,2026-08-12 19:50:53,6583,0.8418,207.0000,38.3750,5156.1389,35.9000,19.1000,0.1565,13.5297
757,2026-08-12 19:50:55,6582,0.8417,206.0000,38.3240,5153.2086,35.9000,19.2000,0.1570,13.5235
758,2026-08-12 19:50:57,6576,0.8409,206.0000,38.2850,5141.8305,35.9000,19.3000,0.1576,13.5173
759,2026-08-12 19:50:59,6572,0.8404,206.0000,38.2630,5137.0517,35.9000,19.2400,0.1581,13.5111
760,2026-08-12 19:51:01,6571,0.8403,206.0000,38.2220,5128.9301,35.9000,19.1800,0.1586,13.5049
761,2026-08-12 19:51:03,6557,0.8385,206.0000,38.1710,5121.6063,35.9000,19.1200,0.1592,13.4987
762,2026-08-12 19:51:05,6559,0.8387,206.0000,38.1350,5110.7488,35.9000,19.0600,0.1597,13.4925
763,2026-08-12 19:51:07,6559,0.8387,205.0000,38.0780,5100.7360,35.9000,19.0000,0.1602,13.4863
764,2026-08-12 19:51:09,6558,0.8386,205.0000,38.0420,5097.0910,35.8800,19.0400,0.1607,13.4801
765,2026-08-12 19:51:11,6551,0.8377,205.0000,38.0160,5090.9132,35.8600,19.0800,0.1613,13.4738
766,2026-08-12 19:51:13,6546,0.8371,205.0000,37.9560,5084.1666,35.8400,19.1200,0.1618,13.4674
767,2026-08-12 19:51:15,6543,0.8367,205.0000,37.9330,5075.4257,35.8200,19.1600,0.1623,13.4610
768,2026-08-12 19:51:17,6535,0.8357,205.0000,37.8790,5069.5924,35.8000,19.2000,0.1629,13.4546
769,2026-08-12 19:51:19,6535,0.8357,205.0000,37.8530,5062.7601,35.8000,19.2000,0.1634,13.4482
770,2026-08-12 19:51:21,6523,0.8341,204.0000,37.7890,5058.0814,35.8000,19.2000,0.1639,13.4419
771,2026-08-12 19:51:23,6521,0.8339,204.0000,37.7660,5051.0980,35.8000,19.2000,0.1645,13.4357
772,2026-08-12 19:51:25,6519,0.8336,204.0000,37.7390,5044.8691,35.8000,19.2000,0.1650,13.4295
773,2026-08-12 19:51:27,6511,0.8326,204.0000,37.6630,5041.1704,35.8000,19.2000,0.1655,13.4233
774,2026-08-12 19:51:29,6506,0.8320,204.0000,37.6220,5031.1055,35.7800,19.1600,0.1661,13.4171
775,2026-08-12 19:51:31,6499,0.8311,204.0000,37.5810,5017.6889,35.7600,19.1200,0.1666,13.4109
776,2026-08-12 19:51:33,6500,0.8312,204.0000,37.5630,5015.3067,35.7400,19.0800,0.1671,13.4047
777,2026-08-12 19:51:35,6496,0.8307,204.0000,37.5020,5012.0280,35.7200,19.0400,0.1677,13.3985
778,2026-08-12 19:51:37,6493,0.8303,204.0000,37.4600,5007.3457,35.7000,19.0000,0.1682,13.3923
779,2026-08-12 19:51:39,6489,0.8298,204.0000,37.4360,4990.8835,35.7000,19.0000,0.1688,13.3861
780,2026-08-12 19:51:41,6490,0.8299,204.0000,37.2550,4987.4735,35.7000,19.0000,0.1693,13.3799
781,2026-08-12 19:51:43,6489,0.8298,204.0000,37.2340,4982.3405,35.7000,19.0000,0.1698,13.3737
782,2026-08-12 19:51:45,6485,0.8293,204.0000,37.1680,4974.4809,35.7000,19.0000,0.1704,13.3675
783,2026-08-12 19:51:47,6474,0.8279,203.0000,37.1440,4973.2668,35.7000,19.0000,0.1709,13.3613
784,2026-08-12 19:51:49,6478,0.8284,203.0000,37.1180,4955.2680,35.7000,19.0000,0.1715,13.3551
785,2026-08-12 19:51:51,6466,0.8269,203.0000,37.0700,4947.9240,35.7000,19.0000,0.1720,13.3488
786,2026-08-12 19:51:53,6468,0.8271,203.0000,37.0640,4939.9530,35.7000,19.0000,0.1725,13.3424
787,2026-08-12 19:51:55,6454,0.8253,203.0000,37.0120,4932.7403,35.7000,19.0000,0.1731,13.3360
788,2026-08-12 19:51:57,6449,0.8247,203.0000,36.9450,4928.5314,35.7000,19.0000,0.1736,13.3296
789,2026-08-12 19:51:59,6445,0.8242,202.0000,36.8780,4921.2257,35.6800,19.0800,0.1742,13.3232
790,2026-08-12 19:52:01,6443,0.8239,202.0000,36.8570,4918.3804,35.6600,19.1600,0.1747,13.3169
791,2026-08-12 19:52:03,6442,0.8238,202.0000,36.8110,4917.1816,35.6400,19.2400,0.1752,13.3107
792,2026-08-12 19:52:05,6441,0.8237,202.0000,36.7970,4908.3331,35.6200,19.3200,0.1758,13.3045
793,2026-08-12 19:52:07,6436,0.8230,202.0000,36.7600,4900.4650,35.6000,19.4000,0.1763,13.2983
794,2026-08-12 19:52:09,6425,0.8216,202.0000,36.7080,4884.3048,35.6000,19.2800,0.1769,13.2921
795,2026-08-12 19:52:11,6417,0.8206,202.0000,36.6540,4878.1771,35.6000,19.1600,0.1774,13.2859
796,2026-08-12 19:52:13,6418,0.8207,202.0000,36.6120,4870.6379,35.6000,19.0400,0.1780,13.2797
797,2026-08-12 19:52:15,6415,0.8203,202.0000,36.5760,4866.4126,35.6000,18.9200,0.1785,13.2735
798,2026-08-12 19:52:17,6407,0.8193,202.0000,36.5530,4858.9410,35.6000,18.8000,0.1791,13.2673
799,2026-08-12 19:52:19,6404,0.8189,202.0000,36.5110,4850.9851,35.6000,18.9400,0.1796,13.2611
800,2026-08-12 19:52:21,6409,0.8196,202.0000,36.4910,4846.8835,35.6000,19.0800,0.1802,13.2548
801,2026-08-12 19:52:23,6401,0.8185,202.0000,36.4510,4838.4143,35.6000,19.2200,0.1807,13.2484
802,2026-08-12 19:52:25,6391,0.8173,202.0000,36.3880,4835.1845,35.6000,19.3600,0.1813,13.2420
803,2026-08-12 19:52:27,6387,0.8168,202.0000,36.3510,4827.2249,35.6000,19.5000,0.1818,13.2356
804,2026-08-12 19:52:29,6373,0.8150,201.0000,36.2960,4818.2896,35.5800,19.5600,0.1824,13.2292
805,2026-08-12 19:52:31,6377,0.8155,202.0000,36.2660,4807.2248,35.5600,19.6200,0.1829,13.2229
806,2026-08-12 19:52:33,6365,0.8139,201.0000,36.2350,4800.1052,35.5400,19.6800,0.1835,13.2167
807,2026-08-12 19:52:35,6365,0.8139,201.0000,36.1940,4795.9679,35.5200,19.7400,0.1840,13.2105
808,2026-08-12 19:52:37,6364,0.8138,201.0000,36.1580,4786.5355,35.5000,19.8000,0.1846,13.2043
809,2026-08-12 19:52:39,6359,0.8132,201.0000,36.1170,4783.1794,35.5000,19.7800,0.1851,13.1981
810,2026-08-12 19:52:41,6352,0.8123,201.0000,35.9700,4779.8500,35.5000,19.7600,0.1857,13.1919
811,2026-08-12 19:52:43,6354,0.8125,201.0000,35.9570,4774.1617,35.5000,19.7400,0.1862,13.1857
812,2026-08-12 19:52:45,6352,0.8123,200.0000,35.9210,4764.4171,35.5000,19.7200,0.1868,13.1795
813,2026-08-12 19:52:47,6342,0.8110,200.0000,35.8970,4752.4963,35.5000,19.7000,0.1873,13.1733
814,2026-08-12 19:52:49,6341,0.8109,200.0000,35.8710,4745.6706,35.5000,19.6800,0.1879,13.1671
815,2026-08-12 19:52:51,6330,0.8095,200.0000,35.8050,4743.9228,35.5000,19.6600,0.1884,13.1609
816,2026-08-12 19:52:53,6334,0.8100,200.0000,35.7620,4735.2846,35.5000,19.6400,0.1890,13.1547
817,2026-08-12 19:52:55,6328,0.8092,200.0000,35.7290,4730.1904,35.5000,19.6200,0.1896,13.1485
818,2026-08-12 19:52:57,6327,0.8091,200.0000,35.6940,4726.5052,35.5000,19.6000,0.1901,13.1423
819,2026-08-12 19:52:59,6315,0.8075,200.0000,35.6400,4720.3362,35.5000,19.5200,0.1907,13.1361
820,2026-08-12 19:53:01,6316,0.8077,200.0000,35.6190,4711.3489,35.5000,19.4400,0.1912,13.1298
821,2026-08-12 19:53:03,6312,0.8072,200.0000,35.5790,4702.7606,35.5000,19.3600,0.1918,13.1234
822,2026-08-12 19:53:05,6303,0.8060,200.0000,35.5350,4699.6372,35.5000,19.2800,0.1924,13.1170
823,2026-08-12 19:53:07,6300,0.8056,200.0000,35.4980,4691.3954,35.5000,19.2000,0.1929,13.1106
824,2026-08-12 19:53:09,6301,0.8058,200.0000,35.4460,4683.0792,35.4800,19.2600,0.1935,13.1042
825,2026-08-12 19:53:11,6292,0.8046,200.0000,35.4270,4674.1847,35.4600,19.3200,0.1940,13.0979
826,2026-08-12 19:53:13,6289,0.8042,200.0000,35.3620,4667.3495,35.4400,19.3800,0.1946,13.0917
827,2026-08-12 19:53:15,6285,0.8037,199.0000,35.3390,4662.5795,35.4200,19.4400,0.1952,13.0855
828,2026-08-12 19:53:17,6285,0.8037,199.0000,35.3110,4655.0668,35.4000,19.5000,0.1957,13.0793
829,2026-08-12 19:53:19,6280,0.8031,200.0000,35.2730,4650.9046,35.4000,19.6000,0.1963,13.0731
830,2026-08-12 19:53:21,6284,0.8036,199.0000,35.2430,4646.8513,35.4000,19.7000,0.1968,13.0669
831,2026-08-12 19:53:23,6267,0.8014,199.0000,35.1840,4639.5019,35.4000,19.8000,0.1974,13.0607
832,2026-08-12 19:53:25,6274,0.8023,200.0000,35.1650,4627.8686,35.4000,19.9000,0.1980,13.0545
833,2026-08-12 19:53:27,6266,0.8013,199.0000,35.1530,4618.9658,35.4000,20.0000,0.1985,13.0483
834,2026-08-12 19:53:29,6267,0.8014,199.0000,35.1100,4615.0039,35.4000,19.9200,0.1991,13.0421
835,2026-08-12 19:53:31,6260,0.8005,199.0000,35.0610,4610.7565,35.4000,19.8400,0.1997,13.0359
836,2026-08-12 19:53:33,6253,0.7996,199.0000,35.0410,4601.2869,35.4000,19.7600,0.2002,13.0297
837,2026-08-12 19:53:35,6250,0.7992,199.0000,35.0030,4597.4553,35.4000,19.6800,0.2008,13.0235
838,2026-08-12 19:53:37,6239,0.7978,199.0000,34.9640,4589.4536,35.4000,19.6000,0.2014,13.0173
839,2026-08-12 19:53:39,6228,0.7964,199.0000,34.9190,4583.9728,35.3800,19.6400,0.2019,13.0111
840,2026-08-12 19:53:41,6221,0.7955,199.0000,34.7520,4576.2170,35.3600,19.6800,0.2025,13.0048
841,2026-08-12 19:53:43,6224,0.7959,199.0000,34.7550,4572.4710,35.3400,19.7200,0.2031,12.9984
842,2026-08-12 19:53:45,6219,0.7953,199.0000,34.7110,4564.9426,35.3200,19.7600,0.2036,12.9920
843,2026-08-12 19:53:47,6220,0.7954,198.0000,34.6760,4560.5710,35.3000,19.8000,0.2042,12.9856
844,2026-08-12 19:53:49,6217,0.7950,199.0000,34.6380,4555.8570,35.3000,19.8000,0.2048,12.9792
845,2026-08-12 19:53:51,6215,0.7948,198.0000,34.6250,4551.3421,35.3000,19.8000,0.2053,12.9729
846,2026-08-12 19:53:53,6204,0.7934,198.0000,34.5940,4545.8370,35.3000,19.8000,0.2059,12.9667
847,2026-08-12 19:53:55,6203,0.7932,199.0000,34.5610,4538.6416,35.3000,19.8000,0.2065,12.9605
848,2026-08-12 19:53:57,6205,0.7935,198.0000,34.5310,4525.0770,35.3000,19.8000,0.2071,12.9543
849,2026-08-12 19:53:59,6200,0.7928,198.0000,34.4980,4521.6999,35.3000,19.7800,0.2076,12.9481
850,2026-08-12 19:54:01,6194,0.7921,198.0000,34.4450,4517.3408,35.3000,19.7600,0.2082,12.9419
851,2026-08-12 19:54:03,6193,0.7919,198.0000,34.4120,4510.4319,35.3000,19.7400,0.2088,12.9357
852,2026-08-12 19:54:05,6176,0.7898,198.0000,34.3530,4505.7427,35.3000,19.7200,0.2093,12.9295
853,2026-08-12 19:54:07,6179,0.7902,198.0000,34.3230,4498.2456,35.3000,19.7000,0.2099,12.9233
854,2026-08-12 19:54:09,6180,0.7903,198.0000,34.2950,4491.8942,35.3000,19.7800,0.2105,12.9171
855,2026-08-12 19:54:11,6171,0.7891,198.0000,34.2540,4486.1553,35.3000,19.8600,0.2111,12.9109
856,2026-08-12 19:54:13,6167,0.7886,198.0000,34.2270,4475.3775,35.3000,19.9400,0.2116,12.9047
857,2026-08-12 19:54:15,6166,0.7885,198.0000,34.1880,4469.5434,35.3000,20.0200,0.2122,12.8985
858,2026-08-12 19:54:17,6164,0.7882,197.0000,34.1570,4463.6640,35.3000,20.1000,0.2128,12.8923
859,2026-08-12 19:54:19,6156,0.7872,197.0000,34.1140,4455.6382,35.2800,20.0600,0.2134,12.8861
860,2026-08-12 19:54:21,6142,0.7854,197.0000,34.0780,4450.1279,35.2600,20.0200,0.2139,12.8798
861,2026-08-12 19:54:23,6148,0.7862,197.0000,34.0370,4445.7189,35.2400,19.9800,0.2145,12.8734
862,2026-08-12 19:54:25,6139,0.7850,197.0000,34.0020,4438.4594,35.2200,19.9400,0.2151,12.8670
863,2026-08-12 19:54:27,6136,0.7847,197.0000,33.9560,4431.6205,35.2000,19.9000,0.2157,12.8606
864,2026-08-12 19:54:29,6128,0.7836,197.0000,33.9290,4424.7993,35.2000,19.8800,0.2163,12.8542
865,2026-08-12 19:54:31,6126,0.7834,197.0000,33.8850,4413.5883,35.2000,19.8600,0.2168,12.8479
866,2026-08-12 19:54:33,6119,0.7825,196.0000,33.8550,4411.8904,35.2000,19.8400,0.2174,12.8417
867,2026-08-12 19:54:35,6126,0.7834,196.0000,33.7940,4409.6962,35.2000,19.8200,0.2180,12.8355
868,2026-08-12 19:54:37,6109,0.7812,196.0000,33.7540,4397.9395,35.2000,19.8000,0.2186,12.8293
869,2026-08-12 19:54:39,6113,0.7817,196.0000,33.7040,4391.2642,35.2000,19.8000,0.2192,12.8231
870,2026-08-12 19:54:41,6104,0.7806,196.0000,33.5610,4382.7288,35.2000,19.8000,0.2197,12.8169
871,2026-08-12 19:54:43,6094,0.7793,196.0000,33.5520,4374.7335,35.2000,19.8000,0.2203,12.8107
872,2026-08-12 19:54:45,6092,0.7790,196.0000,33.5290,4372.2607,35.2000,19.8000,0.2209,12.8045
873,2026-08-12 19:54:47,6101,0.7802,196.0000,33.5040,4366.3756,35.2000,19.8000,0.2215,12.7983
874,2026-08-12 19:54:49,6094,0.7793,196.0000,33.4600,4363.7409,35.1800,19.8800,0.2221,12.7921
875,2026-08-12 19:54:51,6084,0.7780,197.0000,33.4250,4360.0602,35.1600,19.9600,0.2227,12.7859
876,2026-08-12 19:54:53,6075,0.7769,196.0000,33.3840,4355.3633,35.1400,20.0400,0.2232,12.7797
877,2026-08-12 19:54:55,6070,0.7762,197.0000,33.3660,4340.3493,35.1200,20.1200,0.2238,12.7735
878,2026-08-12 19:54:57,6065,0.7756,197.0000,33.3120,4331.9215,35.1000,20.2000,0.2244,12.7673
879,2026-08-12 19:54:59,6072,0.7765,196.0000,33.2870,4330.1553,35.1000,20.1000,0.2250,12.7611
880,2026-08-12 19:55:01,6061,0.7751,196.0000,33.2430,4322.7496,35.1000,20.0000,0.2256,12.7549
881,2026-08-12 19:55:03,6059,0.7748,196.0000,33.2040,4312.5154,35.1000,19.9000,0.2262,12.7487
882,2026-08-12 19:55:05,6056,0.7744,196.0000,33.1670,4308.3258,35.1000,19.8000,0.2268,12.7425
883,2026-08-12 19:55:07,6058,0.7747,195.0000,33.1490,4306.0812,35.1000,19.7000,0.2273,12.7363
884,2026-08-12 19:55:09,6049,0.7735,196.0000,33.1050,4302.2506,35.1000,19.6400,0.2279,12.7301
885,2026-08-12 19:55:11,6039,0.7723,196.0000,33.0590,4294.3517,35.1000,19.5800,0.2285,12.7238
886,2026-08-12 19:55:13,6038,0.7721,196.0000,33.0090,4287.3445,35.1000,19.5200,0.2291,12.7174
887,2026-08-12 19:55:15,6028,0.7708,196.0000,32.9690,4281.9382,35.1000,19.4600,0.2297,12.7110
888,2026-08-12 19:55:17,6026,0.7706,195.0000,32.9420,4274.1179,35.1000,19.4000,0.2303,12.7046
889,2026-08-12 19:55:19,6025,0.7705,195.0000,32.8870,4271.0949,35.0800,19.4200,0.2309,12.6982
890,2026-08-12 19:55:21,6016,0.7693,195.0000,32.8550,4261.7487,35.0600,19.4400,0.2315,12.6919
891,2026-08-12 19:55:23,6013,0.7689,195.0000,32.8240,4252.8031,35.0400,19.4600,0.2321,12.6857
892,2026-08-12 19:55:25,5998,0.7670,195.0000,32.7700,4250.2280,35.0200,19.4800,0.2327,12.6795
893,2026-08-12 19:55:27,5998,0.7670,196.0000,32.7390,4245.6337,35.0000,19.5000,0.2332,12.6733
894,2026-08-12 19:55:29,5989,0.7659,195.0000,32.7030,4237.8419,35.0000,19.5200,0.2338,12.6671
895,2026-08-12 19:55:31,5989,0.7659,195.0000,32.6670,4231.7603,35.0000,19.5400,0.2344,12.6609
896,2026-08-12 19:55:33,5984,0.7652,195.0000,32.6220,4229.0029,35.0000,19.5600,0.2350,12.6547
897,2026-08-12 19:55:35,5986,0.7655,195.0000,32.5910,4225.5665,35.0000,19.5800,0.2356,12.6485
898,2026-08-12 19:55:37,5977,0.7643,195.0000,32.5650,4214.5806,35.0000,19.6000,0.2362,12.6423
899,2026-08-12 19:55:39,5972,0.7637,194.0000,32.5210,4213.8982,35.0000,19.6400,0.2368,12.6361
900,2026-08-12 19:55:41,5966,0.7629,194.0000,32.3360,4207.7868,35.0000,19.6800,0.2374,12.6299
901,2026-08-12 19:55:43,5964,0.7627,194.0000,32.3050,4199.0472,35.0000,19.7200,0.2380,12.6237
902,2026-08-12 19:55:45,5956,0.7616,194.0000,32.2790,4192.1803,35.0000,19.7600,0.2386,12.6175
903,2026-08-12 19:55:47,5961,0.7623,194.0000,32.2460,4188.0856,35.0000,19.8000,0.2392,12.6113
904,2026-08-12 19:55:49,5953,0.7613,194.0000,32.2090,4179.4774,34.9800,19.7600,0.2398,12.6051
905,2026-08-12 19:55:51,5949,0.7607,194.0000,32.1870,4170.7429,34.9600,19.7200,0.2404,12.5988
906,2026-08-12 19:55:53,5948,0.7606,194.0000,32.1430,4168.2236,34.9400,19.6800,0.2410,12.5924
907,2026-08-12 19:55:55,5943,0.7600,195.0000,32.1040,4161.2807,34.9200,19.6400,0.2416,12.5860
908,2026-08-12 19:55:57,5934,0.7588,195.0000,32.0640,4157.4162,34.9000,19.6000,0.2422,12.5796
909,2026-08-12 19:55:59,5936,0.7591,195.0000,32.0190,4148.9925,34.9000,19.6400,0.2428,12.5732
910,2026-08-12 19:56:01,5926,0.7578,195.0000,31.9900,4143.3533,34.9000,19.6800,0.2434,12.5669
911,2026-08-12 19:56:03,5921,0.7572,194.0000,31.9580,4139.6999,34.9000,19.7200,0.2440,12.5607
912,2026-08-12 19:56:05,5917,0.7566,194.0000,31.8920,4129.2435,34.9000,19.7600,0.2446,12.5545
913,2026-08-12 19:56:07,5907,0.7554,194.0000,31.8460,4124.2803,34.9000,19.8000,0.2452,12.5483
914,2026-08-12 19:56:09,5895,0.7538,195.0000,31.8140,4120.5232,34.9000,19.7800,0.2458,12.5421
915,2026-08-12 19:56:11,5893,0.7536,195.0000,31.7740,4112.2751,34.9000,19.7600,0.2464,12.5359
916,2026-08-12 19:56:13,5883,0.7523,195.0000,31.7360,4104.1757,34.9000,19.7400,0.2470,12.5297
917,2026-08-12 19:56:15,5889,0.7531,194.0000,31.7000,4100.8177,34.9000,19.7200,0.2476,12.5235
918,2026-08-12 19:56:17,5885,0.7526,193.0000,31.6620,4094.8710,34.9000,19.7000,0.2482,12.5173
919,2026-08-12 19:56:19,5882,0.7522,193.0000,31.6350,4085.2286,34.8800,19.7400,0.2488,12.5111
920,2026-08-12 19:56:21,5874,0.7512,193.0000,31.5940,4078.5175,34.8600,19.7800,0.2494,12.5049
921,2026-08-12 19:56:23,5869,0.7505,194.0000,31.5540,4071.6642,34.8400,19.8200,0.2500,12.4987
922,2026-08-12 19:56:25,5877,0.7515,194.0000,31.5080,4068.3829,34.8200,19.8600,0.2506,12.4925
923,2026-08-12 19:56:27,5862,0.7496,194.0000,31.4710,4064.5129,34.8000,19.9000,0.2512,12.4863
924,2026-08-12 19:56:29,5860,0.7494,194.0000,31.4160,4056.8064,34.8000,19.9200,0.2518,12.4801
925,2026-08-12 19:56:31,5861,0.7495,193.0000,31.3750,4050.1633,34.8000,19.9400,0.2524,12.4739
926,2026-08-12 19:56:33,5852,0.7483,194.0000,31.3330,4041.7880,34.8000,19.9600,0.2530,12.4677
927,2026-08-12 19:56:35,5845,0.7474,193.0000,31.2790,4033.5610,34.8000,19.9800,0.2536,12.4615
928,2026-08-12 19:56:37,5835,0.7462,193.0000,31.2330,4030.3502,34.8000,20.0000,0.2542,12.4553
929,2026-08-12 19:56:39,5835,0.7462,192.0000,31.1910,4026.2594,34.8000,20.1200,0.2548,12.4491
930,2026-08-12 19:56:41,5825,0.7449,193.0000,30.9920,4020.0753,34.8000,20.2400,0.2554,12.4428
931,2026-08-12 19:56:43,5822,0.7445,192.0000,30.9970,4007.9712,34.8000,20.3600,0.2561,12.4364
932,2026-08-12 19:56:45,5816,0.7437,192.0000,30.9650,4005.9828,34.8000,20.4800,0.2567,12.4300
933,2026-08-12 19:56:47,5816,0.7437,192.0000,30.9090,4002.0006,34.8000,20.6000,0.2573,12.4236
934,2026-08-12 19:56:49,5819,0.7441,191.0000,30.8630,3990.2569,34.8000,20.6200,0.2579,12.4172
935,2026-08-12 19:56:51,5817,0.7439,191.0000,30.7620,3985.8678,34.8000,20.6400,0.2585,12.4109
936,2026-08-12 19:56:53,5810,0.7430,192.0000,30.7340,3978.2121,34.8000,20.6600,0.2591,12.4047
937,2026-08-12 19:56:55,5802,0.7419,191.0000,30.7240,3971.8603,34.8000,20.6800,0.2597,12.3985
938,2026-08-12 19:56:57,5796,0.7412,192.0000,30.6970,3967.4171,34.8000,20.7000,0.2603,12.3923
939,2026-08-12 19:56:59,5790,0.7404,192.0000,30.6770,3962.6282,34.7800,20.6600,0.2609,12.3861
940,2026-08-12 19:57:01,5791,0.7405,191.0000,30.6470,3954.9759,34.7600,20.6200,0.2615,12.3799
941,2026-08-12 19:57:03,5786,0.7399,191.0000,30.6290,3949.7789,34.7400,20.5800,0.2622,12.3737
942,2026-08-12 19:57:05,5784,0.7396,191.0000,30.5840,3943.3394,34.7200,20.5400,0.2628,12.3675
943,2026-08-12 19:57:07,5772,0.7381,192.0000,30.5180,3940.8908,34.7000,20.5000,0.2634,12.3613
944,2026-08-12 19:57:09,5758,0.7363,192.0000,30.4840,3936.9804,34.7000,20.5200,0.2640,12.3551
945,2026-08-12 19:57:11,5761,0.7367,192.0000,30.4390,3930.4283,34.7000,20.5400,0.2646,12.3489
946,2026-08-12 19:57:13,5756,0.7361,192.0000,30.3480,3922.4651,34.7000,20.5600,0.2652,12.3427
947,2026-08-12 19:57:15,5744,0.7345,191.0000,30.3020,3913.1402,34.7000,20.5800,0.2658,12.3365
948,2026-08-12 19:57:17,5747,0.7349,191.0000,30.2880,3911.5504,34.7000,20.6000,0.2665,12.3303
949,2026-08-12 19:57:19,5742,0.7343,191.0000,30.2570,3899.9142,34.7000,20.5000,0.2671,12.3241
950,2026-08-12 19:57:21,5737,0.7336,190.0000,30.2210,3894.3343,34.7000,20.4000,0.2677,12.3178
951,2026-08-12 19:57:23,5736,0.7335,190.0000,30.1740,3890.4259,34.7000,20.3000,0.2683,12.3114
952,2026-08-12 19:57:25,5729,0.7326,190.0000,30.1500,3883.1329,34.7000,20.2000,0.2689,12.3050
953,2026-08-12 19:57:27,5710,0.7302,191.0000,30.1130,3877.4747,34.7000,20.1000,0.2695,12.2986
954,2026-08-12 19:57:29,5722,0.7317,190.0000,30.0560,3870.1150,34.7000,20.1600,0.2702,12.2922
955,2026-08-12 19:57:31,5715,0.7308,190.0000,30.0290,3864.3937,34.7000,20.2200,0.2708,12.2859
956,2026-08-12 19:57:33,5707,0.7298,190.0000,29.9860,3860.6870,34.7000,20.2800,0.2714,12.2797
957,2026-08-12 19:57:35,5701,0.7290,190.0000,29.9390,3850.6987,34.7000,20.3400,0.2720,12.2735
958,2026-08-12 19:57:37,5698,0.7286,190.0000,29.8840,3844.0534,34.7000,20.4000,0.2726,12.2673
959,2026-08-12 19:57:39,5692,0.7279,191.0000,29.8220,3839.0630,34.7000,20.5000,0.2732,12.2611
960,2026-08-12 19:57:41,5691,0.7277,190.0000,29.6440,3830.9206,34.7000,20.6000,0.2739,12.2549
961,2026-08-12 19:57:43,5688,0.7274,190.0000,29.6340,3823.0447,34.7000,20.7000,0.2745,12.2487
962,2026-08-12 19:57:45,5683,0.7267,189.0000,29.6190,3818.1407,34.7000,20.8000,0.2751,12.2425
963,2026-08-12 19:57:47,5680,0.7263,189.0000,29.5660,3813.0658,34.7000,20.9000,0.2757,12.2363
964,2026-08-12 19:57:49,5664,0.7243,190.0000,29.5250,3804.6862,34.7000,20.8600,0.2764,12.2301
965,2026-08-12 19:57:51,5656,0.7233,189.0000,29.4650,3801.7293,34.7000,20.8200,0.2770,12.2239
966,2026-08-12 19:57:53,5651,0.7226,189.0000,29.4410,3799.4197,34.7000,20.7800,0.2776,12.2177
967,2026-08-12 19:57:55,5641,0.7214,189.0000,29.4040,3790.7535,34.7000,20.7400,0.2782,12.2115
968,2026-08-12 19:57:57,5644,0.7217,189.0000,29.3730,3781.8454,34.7000,20.7000,0.2788,12.2053
969,2026-08-12 19:57:59,5646,0.7220,189.0000,29.3280,3776.7934,34.7000,20.5800,0.2795,12.1991
970,2026-08-12 19:58:01,5639,0.7211,189.0000,29.2980,3765.7966,34.7000,20.4600,0.2801,12.1929
971,2026-08-12 19:58:03,5631,0.7201,189.0000,29.2580,3763.0820,34.7000,20.3400,0.2807,12.1867
972,2026-08-12 19:58:05,5627,0.7196,189.0000,29.2180,3758.2323,34.7000,20.2200,0.2813,12.1805
973,2026-08-12 19:58:07,5628,0.7197,189.0000,29.1910,3751.1595,34.7000,20.1000,0.2820,12.1743
974,2026-08-12 19:58:09,5622,0.7189,189.0000,29.1410,3743.4109,34.6800,20.2000,0.2826,12.1681
975,2026-08-12 19:58:11,5622,0.7189,188.0000,29.1060,3740.5736,34.6600,20.3000,0.2832,12.1619
976,2026-08-12 19:58:13,5604,0.7166,189.0000,28.9780,3734.5360,34.6400,20.4000,0.2838,12.1557
977,2026-08-12 19:58:15,5610,0.7174,188.0000,28.9650,3733.2990,34.6200,20.5000,0.2845,12.1495
978,2026-08-12 19:58:17,5601,0.7162,188.0000,28.9470,3719.8006,34.6000,20.6000,0.2851,12.1433
979,2026-08-12 19:58:19,5598,0.7159,188.0000,28.9090,3716.7477,34.6000,20.4600,0.2857,12.1371
980,2026-08-12 19:58:21,5591,0.7150,188.0000,28.8860,3710.2610,34.6000,20.3200,0.2863,12.1308
981,2026-08-12 19:58:23,5581,0.7137,189.0000,28.8470,3702.3705,34.6000,20.1800,0.2870,12.1244
982,2026-08-12 19:58:25,5574,0.7128,189.0000,28.8080,3696.3846,34.6000,20.0400,0.2876,12.1180
983,2026-08-12 19:58:27,5571,0.7124,189.0000,28.7820,3689.5540,34.6000,19.9000,0.2882,12.1116
984,2026-08-12 19:58:29,5559,0.7109,189.0000,28.7440,3684.0255,34.6000,19.9800,0.2889,12.1052
985,2026-08-12 19:58:31,5568,0.7120,187.0000,28.7180,3676.3066,34.6000,20.0600,0.2895,12.0989
986,2026-08-12 19:58:33,5567,0.7119,188.0000,28.6830,3672.4808,34.6000,20.1400,0.2901,12.0927
987,2026-08-12 19:58:35,5547,0.7093,189.0000,28.6380,3669.6057,34.6000,20.2200,0.2908,12.0865
988,2026-08-12 19:58:37,5545,0.7091,189.0000,28.5910,3660.4730,34.6000,20.3000,0.2914,12.0803
989,2026-08-12 19:58:39,5543,0.7088,189.0000,28.5650,3651.5889,34.5800,20.1400,0.2920,12.0741
990,2026-08-12 19:58:41,5533,0.7075,188.0000,28.3780,3644.6394,34.5600,19.9800,0.2926,12.0679
991,2026-08-12 19:58:43,5531,0.7073,188.0000,28.3880,3641.4241,34.5400,19.8200,0.2933,12.0617
992,2026-08-12 19:58:45,5534,0.7077,187.0000,28.3630,3634.6796,34.5200,19.6600,0.2939,12.0555
993,2026-08-12 19:58:47,5521,0.7060,187.0000,28.3190,3630.6534,34.5000,19.5000,0.2945,12.0493
994,2026-08-12 19:58:49,5517,0.7055,188.0000,28.2830,3627.8120,34.5000,19.5400,0.2952,12.0431
995,2026-08-12 19:58:51,5515,0.7052,187.0000,28.2430,3626.1083,34.5000,19.5800,0.2958,12.0369
996,2026-08-12 19:58:53,5512,0.7049,187.0000,28.2170,3620.5359,34.5000,19.6200,0.2964,12.0307
997,2026-08-12 19:58:55,5504,0.7038,187.0000,28.2070,3610.3642,34.5000,19.6600,0.2971,12.0245
998,2026-08-12 19:58:57,5500,0.7033,186.0000,28.1660,3605.9418,34.5000,19.7000,0.2977,12.0183
999,2026-08-12 19:58:59,5492,0.7023,188.0000,28.1120,3597.8183,34.5000,19.8400,0.2983,12.0121
1000,2026-08-12 19:59:01,5483,0.7012,187.0000,28.0750,3594.6880,34.5000,19.9800,0.2990,12.0059
1001,2026-08-12 19:59:03,5469,0.6994,188.0000,28.0380,3584.1761,34.5000,20.1200,0.2996,11.9997
1002,2026-08-12 19:59:05,5482,0.7010,188.0000,28.0110,3582.4504,34.5000,20.2600,0.3003,11.9935
1003,2026-08-12 19:59:07,5469,0.6994,188.0000,27.9600,3578.9866,34.5000,20.4000,0.3009,11.9873
1004,2026-08-12 19:59:09,5467,0.6991,188.0000,27.9310,3570.5306,34.5000,20.4600,0.3015,11.9811
1005,2026-08-12 19:59:11,5459,0.6981,187.0000,27.8920,3563.1558,34.5000,20.5200,0.3022,11.9748
1006,2026-08-12 19:59:13,5450,0.6969,187.0000,27.8510,3558.6456,34.5000,20.5800,0.3028,11.9684
1007,2026-08-12 19:59:15,5451,0.6971,187.0000,27.8060,3551.0328,34.5000,20.6400,0.3034,11.9620
1008,2026-08-12 19:59:17,5445,0.6963,188.0000,27.7660,3545.9421,34.5000,20.7000,0.3041,11.9556
1009,2026-08-12 19:59:19,5437,0.6953,187.0000,27.7350,3541.7259,34.4800,20.6400,0.3047,11.9492
1010,2026-08-12 19:59:21,5439,0.6955,188.0000,27.6880,3537.1205,34.4600,20.5800,0.3054,11.9429
1011,2026-08-12 19:59:23,5441,0.6958,188.0000,27.6590,3531.6245,34.4400,20.5200,0.3060,11.9367
1012,2026-08-12 19:59:25,5437,0.6953,187.0000,27.6120,3524.1827,34.4200,20.4600,0.3066,11.9305
1013,2026-08-12 19:59:27,5427,0.6940,188.0000,27.5750,3518.7312,34.4000,20.4000,0.3073,11.9243
1014,2026-08-12 19:59:29,5422,0.6934,187.0000,27.5380,3514.9631,34.4000,20.3600,0.3079,11.9181
1015,2026-08-12 19:59:31,5408,0.6916,186.0000,27.5190,3507.8836,34.4000,20.3200,0.3086,11.9119
1016,2026-08-12 19:59:33,5406,0.6913,187.0000,27.4580,3503.0938,34.4000,20.2800,0.3092,11.9057
1017,2026-08-12 19:59:35,5405,0.6912,187.0000,27.4360,3499.4454,34.4000,20.2400,0.3098,11.8995
1018,2026-08-12 19:59:37,5396,0.6900,187.0000,27.4000,3494.9823,34.4000,20.2000,0.3105,11.8933
1019,2026-08-12 19:59:39,5392,0.6895,187.0000,27.3400,3486.3615,34.4000,20.2600,0.3111,11.8871
1020,2026-08-12 19:59:41,5380,0.6880,186.0000,27.1950,3479.2644,34.4000,20.3200,0.3118,11.8809
1021,2026-08-12 19:59:43,5382,0.6882,187.0000,27.1950,3475.0578,34.4000,20.3800,0.3124,11.8747
1022,2026-08-12 19:59:45,5373,0.6871,186.0000,27.1620,3473.3360,34.4000,20.4400,0.3131,11.8685
1023,2026-08-12 19:59:47,5373,0.6871,185.0000,27.1200,3469.0256,34.4000,20.5000,0.3137,11.8623
1024,2026-08-12 19:59:49,5374,0.6872,185.0000,27.0970,3462.8318,34.3800,20.5000,0.3143,11.8561
1025,2026-08-12 19:59:51,5356,0.6849,186.0000,27.0480,3454.6994,34.3600,20.5000,0.3150,11.8499
1026,2026-08-12 19:59:53,5348,0.6839,186.0000,27.0190,3450.8408,34.3400,20.5000,0.3156,11.8437
1027,2026-08-12 19:59:55,5349,0.6840,186.0000,26.9760,3442.9352,34.3200,20.5000,0.3163,11.8375
1028,2026-08-12 19:59:57,5341,0.6830,186.0000,26.9360,3438.1662,34.3000,20.5000,0.3169,11.8313
1029,2026-08-12 19:59:59,5347,0.6838,185.0000,26.9210,3433.8795,34.3000,20.4600,0.3176,11.8251
1030,2026-08-12 20:00:01,5346,0.6836,185.0000,26.8840,3429.1324,34.3000,20.4200,0.3182,11.8189
1031,2026-08-12 20:00:03,5339,0.6827,186.0000,26.8400,3424.1514,34.3000,20.3800,0.3189,11.8127
1032,2026-08-12 20:00:05,5334,0.6821,186.0000,26.8140,3417.0768,34.3000,20.3400,0.3195,11.8065
1033,2026-08-12 20:00:07,5333,0.6820,185.0000,26.7750,3414.8941,34.3000,20.3000,0.3202,11.8003
1034,2026-08-12 20:00:09,5311,0.6792,186.0000,26.7620,3405.7783,34.3000,20.2600,0.3208,11.7941
1035,2026-08-12 20:00:11,5316,0.6798,185.0000,26.7180,3402.2782,34.3000,20.2200,0.3215,11.7878
1036,2026-08-12 20:00:13,5309,0.6789,186.0000,26.6760,3397.2303,34.3000,20.1800,0.3221,11.7814
1037,2026-08-12 20:00:15,5308,0.6788,185.0000,26.6550,3391.6825,34.3000,20.1400,0.3228,11.7750
1038,2026-08-12 20:00:17,5294,0.6770,185.0000,26.6130,3387.3680,34.3000,20.1000,0.3234,11.7686
1039,2026-08-12 20:00:19,5289,0.6763,185.0000,26.5630,3382.6500,34.2800,20.0800,0.3241,11.7622
1040,2026-08-12 20:00:21,5285,0.6758,185.0000,26.5290,3377.4883,34.2600,20.0600,0.3247,11.7559
1041,2026-08-12 20:00:23,5273,0.6743,185.0000,26.4840,3371.5437,34.2400,20.0400,0.3254,11.7497
1042,2026-08-12 20:00:25,5276,0.6747,185.0000,26.4500,3365.4483,34.2200,20.0200,0.3260,11.7435
1043,2026-08-12 20:00:27,5267,0.6735,184.0000,26.4240,3362.0930,34.2000,20.0000,0.3267,11.7373
1044,2026-08-12 20:00:29,5270,0.6739,185.0000,26.3990,3352.4123,34.2000,19.9400,0.3273,11.7311
1045,2026-08-12 20:00:31,5255,0.6720,185.0000,26.3510,3345.0154,34.2000,19.8800,0.3280,11.7249
1046,2026-08-12 20:00:33,5255,0.6720,185.0000,26.3240,3336.6728,34.2000,19.8200,0.3286,11.7187
1047,2026-08-12 20:00:35,5255,0.6720,186.0000,26.2770,3332.4766,34.2000,19.7600,0.3293,11.7125
1048,2026-08-12 20:00:37,5243,0.6705,185.0000,26.2260,3327.2846,34.2000,19.7000,0.3299,11.7063
1049,2026-08-12 20:00:39,5239,0.6699,185.0000,26.2030,3322.7817,34.2000,19.7400,0.3306,11.7001
1050,2026-08-12 20:00:41,5239,0.6699,185.0000,26.0380,3319.1969,34.2000,19.7800,0.3312,11.6939
1051,2026-08-12 20:00:43,5230,0.6688,185.0000,26.0100,3315.9385,34.2000,19.8200,0.3319,11.6877
1052,2026-08-12 20:00:45,5226,0.6683,184.0000,25.9890,3308.0061,34.2000,19.8600,0.3325,11.6815
1053,2026-08-12 20:00:47,5222,0.6678,184.0000,25.9690,3301.2271,34.2000,19.9000,0.3332,11.6753
1054,2026-08-12 20:00:49,5213,0.6666,184.0000,25.9200,3296.6276,34.1800,20.1000,0.3338,11.6691
1055,2026-08-12 20:00:51,5197,0.6646,184.0000,25.8900,3293.8438,34.1600,20.3000,0.3345,11.6629
1056,2026-08-12 20:00:53,5198,0.6647,184.0000,25.8450,3285.9082,34.1400,20.5000,0.3352,11.6567
1057,2026-08-12 20:00:55,5195,0.6643,184.0000,25.8090,3277.7056,34.1200,20.7000,0.3358,11.6505
1058,2026-08-12 20:00:57,5190,0.6637,184.0000,25.7620,3272.3704,34.1000,20.9000,0.3365,11.6443
1059,2026-08-12 20:00:59,5187,0.6633,186.0000,25.7340,3268.1865,34.1000,20.8200,0.3371,11.6381
1060,2026-08-12 20:01:01,5183,0.6628,186.0000,25.7020,3258.5187,34.1000,20.7400,0.3378,11.6319
1061,2026-08-12 20:01:03,5183,0.6628,184.0000,25.6810,3255.0719,34.1000,20.6600,0.3384,11.6257
1062,2026-08-12 20:01:05,5170,0.6611,184.0000,25.6410,3248.7157,34.1000,20.5800,0.3391,11.6195
1063,2026-08-12 20:01:07,5162,0.6601,184.0000,25.6040,3247.1177,34.1000,20.5000,0.3398,11.6133
1064,2026-08-12 20:01:09,5169,0.6610,184.0000,25.5760,3238.1290,34.1000,20.4400,0.3404,11.6071
1065,2026-08-12 20:01:11,5160,0.6598,183.0000,25.5230,3229.8365,34.1000,20.3800,0.3411,11.6008
1066,2026-08-12 20:01:13,5157,0.6595,183.0000,25.4820,3224.3058,34.1000,20.3200,0.3417,11.5944
1067,2026-08-12 20:01:15,5147,0.6582,183.0000,25.4410,3219.2189,34.1000,20.2600,0.3424,11.5880
1068,2026-08-12 20:01:17,5141,0.6574,184.0000,25.3970,3215.8366,34.1000,20.2000,0.3431,11.5816
1069,2026-08-12 20:01:19,5133,0.6564,183.0000,25.3550,3214.5915,34.1000,20.3200,0.3437,11.5752
1070,2026-08-12 20:01:21,5133,0.6564,183.0000,25.3170,3207.6151,34.1000,20.4400,0.3444,11.5689
1071,2026-08-12 20:01:23,5125,0.6554,183.0000,25.2860,3199.8665,34.1000,20.5600,0.3450,11.5627
1072,2026-08-12 20:01:25,5118,0.6545,183.0000,25.2710,3190.6020,34.1000,20.6800,0.3457,11.5565
1073,2026-08-12 20:01:27,5114,0.6540,182.0000,25.2100,3185.6422,34.1000,20.8000,0.3463,11.5503
1074,2026-08-12 20:01:29,5114,0.6540,183.0000,25.1730,3182.6069,34.0800,20.8400,0.3470,11.5441
1075,2026-08-12 20:01:31,5116,0.6542,182.0000,25.1390,3175.2055,34.0600,20.8800,0.3477,11.5379
1076,2026-08-12 20:01:33,5094,0.6514,182.0000,25.0860,3168.7202,34.0400,20.9200,0.3483,11.5317
1077,2026-08-12 20:01:35,5096,0.6517,183.0000,25.0490,3167.7605,34.0200,20.9600,0.3490,11.5255
1078,2026-08-12 20:01:37,5099,0.6520,182.0000,25.0240,3160.8611,34.0000,21.0000,0.3497,11.5193
1079,2026-08-12 20:01:39,5096,0.6517,182.0000,24.9910,3156.7968,34.0000,20.8600,0.3503,11.5131
1080,2026-08-12 20:01:41,5083,0.6500,181.0000,24.8660,3145.7243,34.0000,20.7200,0.3510,11.5069
1081,2026-08-12 20:01:43,5076,0.6491,181.0000,24.8440,3142.6959,34.0000,20.5800,0.3517,11.5007
1082,2026-08-12 20:01:45,5072,0.6486,181.0000,24.8200,3137.8669,34.0000,20.4400,0.3523,11.4945
1083,2026-08-12 20:01:47,5063,0.6474,181.0000,24.7850,3135.5587,34.0000,20.3000,0.3530,11.4883
1084,2026-08-12 20:01:49,5068,0.6481,182.0000,24.7460,3127.9693,34.0000,20.3200,0.3536,11.4821
1085,2026-08-12 20:01:51,5053,0.6462,182.0000,24.7090,3123.4689,34.0000,20.3400,0.3543,11.4759
1086,2026-08-12 20:01:53,5060,0.6471,181.0000,24.6690,3115.5910,34.0000,20.3600,0.3550,11.4697
1087,2026-08-12 20:01:55,5046,0.6453,180.0000,24.6180,3111.0805,34.0000,20.3800,0.3556,11.4635
1088,2026-08-12 20:01:57,5038,0.6442,181.0000,24.5630,3103.8133,34.0000,20.4000,0.3563,11.4573
1089,2026-08-12 20:01:59,5034,0.6437,182.0000,24.5550,3099.1234,34.0000,20.6000,0.3570,11.4511
1090,2026-08-12 20:02:01,5027,0.6428,181.0000,24.5060,3087.8370,34.0000,20.8000,0.3576,11.4449
1091,2026-08-12 20:02:03,5021,0.6421,181.0000,24.4760,3083.6284,34.0000,21.0000,0.3583,11.4387
1092,2026-08-12 20:02:05,5013,0.6410,181.0000,24.4500,3078.6019,34.0000,21.2000,0.3590,11.4325
1093,2026-08-12 20:02:07,5006,0.6402,181.0000,24.4120,3074.1359,34.0000,21.4000,0.3597,11.4263
1094,2026-08-12 20:02:09,5000,0.6394,180.0000,24.3590,3071.3566,33.9800,21.2800,0.3603,11.4201
1095,2026-08-12 20:02:11,4996,0.6389,181.0000,24.3400,3060.1362,33.9600,21.1600,0.3610,11.4139
1096,2026-08-12 20:02:13,4998,0.6391,181.0000,24.2870,3055.5045,33.9400,21.0400,0.3617,11.4077
1097,2026-08-12 20:02:15,4990,0.6381,181.0000,24.2460,3051.3610,33.9200,20.9200,0.3623,11.4015
1098,2026-08-12 20:02:17,4988,0.6379,180.0000,24.2140,3044.3060,33.9000,20.8000,0.3630,11.3953
1099,2026-08-12 20:02:19,4984,0.6373,181.0000,24.1860,3042.1804,33.9000,20.8600,0.3637,11.3891
1100,2026-08-12 20:02:21,4981,0.6370,180.0000,24.1480,3039.3680,33.9000,20.9200,0.3643,11.3829
1101,2026-08-12 20:02:23,4976,0.6363,180.0000,24.1090,3033.1053,33.9000,20.9800,0.3650,11.3767
1102,2026-08-12 20:02:25,4976,0.6363,180.0000,24.0700,3025.8068,33.9000,21.0400,0.3657,11.3705
1103,2026-08-12 20:02:27,4961,0.6344,180.0000,24.0330,3018.3348,33.9000,21.1000,0.3664,11.3643
1104,2026-08-12 20:02:29,4954,0.6335,180.0000,23.9910,3012.1116,33.9000,20.9800,0.3670,11.3581
1105,2026-08-12 20:02:31,4945,0.6324,180.0000,23.9550,3006.3343,33.9000,20.8600,0.3677,11.3518
1106,2026-08-12 20:02:33,4942,0.6320,180.0000,23.9230,3002.2249,33.9000,20.7400,0.3684,11.3454
1107,2026-08-12 20:02:35,4939,0.6316,180.0000,23.8820,2999.5879,33.9000,20.6200,0.3690,11.3390
1108,2026-08-12 20:02:37,4929,0.6303,181.0000,23.8450,2996.4227,33.9000,20.5000,0.3697,11.3326
1109,2026-08-12 20:02:39,4924,0.6297,180.0000,23.8040,2986.0978,33.8800,20.6400,0.3704,11.3262
1110,2026-08-12 20:02:41,4924,0.6297,179.0000,23.6790,2978.7114,33.8600,20.7800,0.3711,11.3199
1111,2026-08-12 20:02:43,4912,0.6281,180.0000,23.6720,2972.2264,33.8400,20.9200,0.3717,11.3137
1112,2026-08-12 20:02:45,4909,0.6277,180.0000,23.6380,2967.8741,33.8200,21.0600,0.3724,11.3075
1113,2026-08-12 20:02:47,4915,0.6285,179.0000,23.6020,2962.7645,33.8000,21.2000,0.3731,11.3013
1114,2026-08-12 20:02:49,4904,0.6271,179.0000,23.5640,2960.4094,33.8000,21.1200,0.3738,11.2951
1115,2026-08-12 20:02:51,4897,0.6262,179.0000,23.5260,2951.9706,33.8000,21.0400,0.3744,11.2889
1116,2026-08-12 20:02:53,4892,0.6256,179.0000,23.5000,2945.4933,33.8000,20.9600,0.3751,11.2827
1117,2026-08-12 20:02:55,4894,0.6258,179.0000,23.4590,2942.8235,33.8000,20.8800,0.3758,11.2765
1118,2026-08-12 20:02:57,4889,0.6252,179.0000,23.4290,2935.5601,33.8000,20.8000,0.3765,11.2703
1119,2026-08-12 20:02:59,4872,0.6230,179.0000,23.3860,2927.4042,33.8000,20.8800,0.3771,11.2641
1120,2026-08-12 20:03:01,4872,0.6230,180.0000,23.3490,2922.3166,33.8000,20.9600,0.3778,11.2579
1121,2026-08-12 20:03:03,4857,0.6211,179.0000,23.3010,2916.5702,33.8000,21.0400,0.3785,11.2517
1122,2026-08-12 20:03:05,4856,0.6210,180.0000,23.2730,2913.4830,33.8000,21.1200,0.3792,11.2455
1123,2026-08-12 20:03:07,4859,0.6214,179.0000,23.2250,2907.4203,33.8000,21.2000,0.3799,11.2393
1124,2026-08-12 20:03:09,4856,0.6210,178.0000,23.1980,2900.5772,33.7800,21.1200,0.3805,11.2331
1125,2026-08-12 20:03:11,4848,0.6199,178.0000,23.1800,2894.4830,33.7600,21.0400,0.3812,11.2269
1126,2026-08-12 20:03:13,4836,0.6184,178.0000,23.1250,2891.5008,33.7400,20.9600,0.3819,11.2207
1127,2026-08-12 20:03:15,4827,0.6173,178.0000,23.1030,2888.1843,33.7200,20.8800,0.3826,11.2145
1128,2026-08-12 20:03:17,4831,0.6178,179.0000,23.0590,2883.1893,33.7000,20.8000,0.3832,11.2083
1129,2026-08-12 20:03:19,4816,0.6159,179.0000,23.0210,2875.9993,33.7000,20.7800,0.3839,11.2021
1130,2026-08-12 20:03:21,4812,0.6153,178.0000,22.9960,2865.8199,33.7000,20.7600,0.3846,11.1959
1131,2026-08-12 20:03:23,4805,0.6145,178.0000,22.9410,2859.6457,33.7000,20.7400,0.3853,11.1897
1132,2026-08-12 20:03:25,4804,0.6143,178.0000,22.9200,2858.8512,33.7000,20.7200,0.3860,11.1835
1133,2026-08-12 20:03:27,4804,0.6143,179.0000,22.8770,2856.0558,33.7000,20.7000,0.3867,11.1773
1134,2026-08-12 20:03:29,4807,0.6147,179.0000,22.8480,2848.6000,33.7000,20.7400,0.3873,11.1711
1135,2026-08-12 20:03:31,4796,0.6133,179.0000,22.8200,2842.2940,33.7000,20.7800,0.3880,11.1649
1136,2026-08-12 20:03:33,4788,0.6123,179.0000,22.7930,2834.5549,33.7000,20.8200,0.3887,11.1587
1137,2026-08-12 20:03:35,4786,0.6120,179.0000,22.7500,2829.5415,33.7000,20.8600,0.3894,11.1525
1138,2026-08-12 20:03:37,4782,0.6115,178.0000,22.6990,2827.8621,33.7000,20.9000,0.3901,11.1463
1139,2026-08-12 20:03:39,4771,0.6101,179.0000,22.6670,2824.3859,33.6800,20.8400,0.3907,11.1401
1140,2026-08-12 20:03:41,4762,0.6090,178.0000,22.5650,2816.6563,33.6600,20.7800,0.3914,11.1339
1141,2026-08-12 20:03:43,4744,0.6066,178.0000,22.5330,2808.5806,33.6400,20.7200,0.3921,11.1277
1142,2026-08-12 20:03:45,4757,0.6083,177.0000,22.5320,2803.7726,33.6200,20.6600,0.3928,11.1215
1143,2026-08-12 20:03:47,4739,0.6060,178.0000,22.4910,2800.5026,33.6000,20.6000,0.3935,11.1153
1144,2026-08-12 20:03:49,4741,0.6063,177.0000,22.4750,2794.6887,33.6000,20.6000,0.3942,11.1091
1145,2026-08-12 20:03:51,4742,0.6064,178.0000,22.4310,2790.4141,33.6000,20.6000,0.3949,11.1028
1146,2026-08-12 20:03:53,4728,0.6046,177.0000,22.3770,2787.2007,33.6000,20.6000,0.3955,11.0964
1147,2026-08-12 20:03:55,4721,0.6037,177.0000,22.3590,2779.9313,33.6000,20.6000,0.3962,11.0900
1148,2026-08-12 20:03:57,4722,0.6038,177.0000,22.3340,2775.0126,33.6000,20.6000,0.3969,11.0836
1149,2026-08-12 20:03:59,4710,0.6023,178.0000,22.2960,2763.0312,33.5800,20.6400,0.3976,11.0772
1150,2026-08-12 20:04:01,4709,0.6022,177.0000,22.2700,2760.5476,33.5600,20.6800,0.3983,11.0709
1151,2026-08-12 20:04:03,4699,0.6009,178.0000,22.2070,2756.4655,33.5400,20.7200,0.3990,11.0647
1152,2026-08-12 20:04:05,4703,0.6014,176.0000,22.1600,2751.2554,33.5200,20.7600,0.3997,11.0585
1153,2026-08-12 20:04:07,4704,0.6015,176.0000,22.1430,2747.2269,33.5000,20.8000,0.4003,11.0523
1154,2026-08-12 20:04:09,4693,0.6001,177.0000,22.0940,2742.0791,33.5000,20.9200,0.4010,11.0461
1155,2026-08-12 20:04:11,4688,0.5995,176.0000,22.0660,2740.0211,33.5000,21.0400,0.4017,11.0399
1156,2026-08-12 20:04:13,4678,0.5982,176.0000,22.0410,2733.6123,33.5000,21.1600,0.4024,11.0337
1157,2026-08-12 20:04:15,4675,0.5978,176.0000,22.0010,2727.6276,33.5000,21.2800,0.4031,11.0275
1158,2026-08-12 20:04:17,4661,0.5960,176.0000,21.9660,2724.2496,33.5000,21.4000,0.4038,11.0213
1159,2026-08-12 20:04:19,4663,0.5963,175.0000,21.9280,2718.7631,33.5000,21.4000,0.4045,11.0151
1160,2026-08-12 20:04:21,4655,0.5953,176.0000,21.8930,2709.3726,33.5000,21.4000,0.4052,11.0089
1161,2026-08-12 20:04:23,4644,0.5939,176.0000,21.8580,2705.1925,33.5000,21.4000,0.4059,11.0027
1162,2026-08-12 20:04:25,4637,0.5930,175.0000,21.8310,2700.3164,33.5000,21.4000,0.4065,10.9965
1163,2026-08-12 20:04:27,4638,0.5931,176.0000,21.7870,2698.2312,33.5000,21.4000,0.4072,10.9903
1164,2026-08-12 20:04:29,4630,0.5921,175.0000,21.7520,2694.4689,33.5000,21.4000,0.4079,10.9841
1165,2026-08-12 20:04:31,4628,0.5918,176.0000,21.7180,2684.6236,33.5000,21.4000,0.4086,10.9779
1166,2026-08-12 20:04:33,4620,0.5908,175.0000,21.5130,2681.0128,33.5000,21.4000,0.4093,10.9717
1167,2026-08-12 20:04:35,4619,0.5907,176.0000,21.4700,2678.5586,33.5000,21.4000,0.4100,10.9655
1168,2026-08-12 20:04:37,4613,0.5899,175.0000,21.4360,2673.0182,33.5000,21.4000,0.4107,10.9593
1169,2026-08-12 20:04:39,4615,0.5902,174.0000,21.4020,2665.8540,33.5000,21.3600,0.4114,10.9531
1170,2026-08-12 20:04:41,4596,0.5877,174.0000,21.3310,2660.2882,33.5000,21.3200,0.4121,10.9469
1171,2026-08-12 20:04:43,4595,0.5876,174.0000,21.3050,2659.1047,33.5000,21.2800,0.4128,10.9407
1172,2026-08-12 20:04:45,4591,0.5871,174.0000,21.2620,2650.1348,33.5000,21.2400,0.4135,10.9345
1173,2026-08-12 20:04:47,4578,0.5854,174.0000,21.2320,2644.0708,33.5000,21.2000,0.4142,10.9283
1174,2026-08-12 20:04:49,4580,0.5857,174.0000,21.1930,2640.1959,33.4800,21.2000,0.4149,10.9221
1175,2026-08-12 20:04:51,4576,0.5852,172.0000,21.1600,2637.2641,33.4600,21.2000,0.4155,10.9159
1176,2026-08-12 20:04:53,4567,0.5840,173.0000,21.1340,2632.7130,33.4400,21.2000,0.4162,10.9097
1177,2026-08-12 20:04:55,4557,0.5827,174.0000,21.2110,2625.9765,33.4200,21.2000,0.4169,10.9035
1178,2026-08-12 20:04:57,4546,0.5813,175.0000,21.2000,2618.8515,33.4000,21.2000,0.4176,10.8973
1179,2026-08-12 20:04:59,4553,0.5822,174.0000,21.1960,2613.0809,33.4000,21.2600,0.4183,10.8911
1180,2026-08-12 20:05:01,4546,0.5813,174.0000,21.1770,2606.7452,33.4000,21.3200,0.4190,10.8849
1181,2026-08-12 20:05:03,4541,0.5807,174.0000,21.0960,2603.6807,33.4000,21.3800,0.4197,10.8787
1182,2026-08-12 20:05:05,4527,0.5789,174.0000,21.0670,2596.8751,33.4000,21.4400,0.4204,10.8725
1183,2026-08-12 20:05:07,4526,0.5788,173.0000,21.0410,2591.9048,33.4000,21.5000,0.4211,10.8663
1184,2026-08-12 20:05:09,4526,0.5788,174.0000,21.0120,2585.1035,33.4000,21.3600,0.4218,10.8601
1185,2026-08-12 20:05:11,4515,0.5774,173.0000,20.9840,2580.3557,33.4000,21.2200,0.4225,10.8539
1186,2026-08-12 20:05:13,4511,0.5769,174.0000,20.9500,2573.5285,33.4000,21.0800,0.4232,10.8477
1187,2026-08-12 20:05:15,4504,0.5760,175.0000,20.9170,2571.9526,33.4000,20.9400,0.4239,10.8415
1188,2026-08-12 20:05:17,4506,0.5762,175.0000,20.8670,2566.7313,33.4000,20.8000,0.4246,10.8353
1189,2026-08-12 20:05:19,4501,0.5756,174.0000,20.8160,2560.4703,33.4000,21.0000,0.4253,10.8291
1190,2026-08-12 20:05:21,4494,0.5747,175.0000,20.7980,2556.3612,33.4000,21.2000,0.4260,10.8229
1191,2026-08-12 20:05:23,4491,0.5743,174.0000,20.7600,2547.9684,33.4000,21.4000,0.4267,10.8167
1192,2026-08-12 20:05:25,4488,0.5739,174.0000,20.7300,2543.6269,33.4000,21.6000,0.4274,10.8105
1193,2026-08-12 20:05:27,4471,0.5717,174.0000,20.6830,2536.0561,33.4000,21.8000,0.4281,10.8043
1194,2026-08-12 20:05:29,4480,0.5729,173.0000,20.6560,2530.8752,33.3800,21.7600,0.4288,10.7981
1195,2026-08-12 20:05:31,4460,0.5703,174.0000,20.5950,2527.8011,33.3600,21.7200,0.4295,10.7918
1196,2026-08-12 20:05:33,4456,0.5698,173.0000,20.5780,2522.2016,33.3400,21.6800,0.4302,10.7854
1197,2026-08-12 20:05:35,4450,0.5691,173.0000,20.5310,2515.9558,33.3200,21.6400,0.4309,10.7790
1198,2026-08-12 20:05:37,4446,0.5685,173.0000,20.5080,2513.5359,33.3000,21.6000,0.4316,10.7726
1199,2026-08-12 20:05:39,4443,0.5682,173.0000,20.4490,2509.8946,33.3000,21.6400,0.4323,10.7662
1200,2026-08-12 20:05:41,4430,0.5665,173.0000,20.3880,2502.3112,33.3000,21.6800,0.4330,10.7599
1201,2026-08-12 20:05:43,4421,0.5653,174.0000,20.3520,2499.9926,33.3000,21.7200,0.4337,10.7537
1202,2026-08-12 20:05:45,4431,0.5666,174.0000,20.3290,2490.5645,33.3000,21.7600,0.4344,10.7475
1203,2026-08-12 20:05:47,4429,0.5664,173.0000,20.2980,2487.7099,33.3000,21.8000,0.4351,10.7413
1204,2026-08-12 20:05:49,4415,0.5646,172.0000,20.2660,2480.3778,33.2800,21.7200,0.4358,10.7351
1205,2026-08-12 20:05:51,4417,0.5648,172.0000,20.2480,2474.0968,33.2600,21.6400,0.4365,10.7289
1206,2026-08-12 20:05:53,4403,0.5630,172.0000,20.1960,2471.6109,33.2400,21.5600,0.4372,10.7227
1207,2026-08-12 20:05:55,4394,0.5619,172.0000,20.1520,2462.9871,33.2200,21.4800,0.4379,10.7165
1208,2026-08-12 20:05:57,4393,0.5618,172.0000,20.1190,2457.1176,33.2000,21.4000,0.4386,10.7103
1209,2026-08-12 20:05:59,4379,0.5600,172.0000,20.0710,2452.0243,33.2000,21.5000,0.4393,10.7041
1210,2026-08-12 20:06:01,4380,0.5601,171.0000,20.0300,2450.3030,33.2000,21.6000,0.4400,10.6979
1211,2026-08-12 20:06:03,4372,0.5591,172.0000,20.0040,2444.3302,33.2000,21.7000,0.4407,10.6917
1212,2026-08-12 20:06:05,4363,0.5579,172.0000,19.9590,2436.7752,33.2000,21.8000,0.4414,10.6855
1213,2026-08-12 20:06:07,4364,0.5581,171.0000,19.9180,2432.6796,33.2000,21.9000,0.4421,10.6793
1214,2026-08-12 20:06:09,4352,0.5565,172.0000,19.8880,2428.3434,33.2000,21.8400,0.4428,10.6731
1215,2026-08-12 20:06:11,4346,0.5558,171.0000,19.8580,2425.0285,33.2000,21.7800,0.4436,10.6669
1216,2026-08-12 20:06:13,4347,0.5559,171.0000,19.8280,2422.6881,33.2000,21.7200,0.4443,10.6607
1217,2026-08-12 20:06:15,4339,0.5549,171.0000,19.7700,2414.3416,33.2000,21.6600,0.4450,10.6545
1218,2026-08-12 20:06:17,4334,0.5542,171.0000,19.7320,2408.9690,33.2000,21.6000,0.4457,10.6483
1219,2026-08-12 20:06:19,4328,0.5535,171.0000,19.6950,2401.4522,33.2000,21.5000,0.4464,10.6421
1220,2026-08-12 20:06:21,4325,0.5531,171.0000,19.6450,2397.5519,33.2000,21.4000,0.4471,10.6359
1221,2026-08-12 20:06:23,4329,0.5536,171.0000,19.6290,2393.4173,33.2000,21.3000,0.4478,10.6297
1222,2026-08-12 20:06:25,4315,0.5518,171.0000,19.5850,2388.1539,33.2000,21.2000,0.4485,10.6235
1223,2026-08-12 20:06:27,4314,0.5517,170.0000,19.5460,2385.2859,33.2000,21.1000,0.4492,10.6173
1224,2026-08-12 20:06:29,4318,0.5522,170.0000,19.5060,2381.3935,33.1800,21.0600,0.4499,10.6111
1225,2026-08-12 20:06:31,4303,0.5503,169.0000,19.4660,2371.1316,33.1600,21.0200,0.4506,10.6049
1226,2026-08-12 20:06:33,4296,0.5494,169.0000,19.4180,2366.4629,33.1400,20.9800,0.4513,10.5987
1227,2026-08-12 20:06:35,4289,0.5485,169.0000,19.3750,2363.7753,33.1200,20.9400,0.4520,10.5925
1228,2026-08-12 20:06:37,4276,0.5468,170.0000,19.3390,2356.7145,33.1000,20.9000,0.4527,10.5863
1229,2026-08-12 20:06:39,4272,0.5463,170.0000,19.3050,2354.6034,33.1000,20.9600,0.4535,10.5801
1230,2026-08-12 20:06:41,4262,0.5450,169.0000,19.2400,2346.3846,33.1000,21.0200,0.4542,10.5739
1231,2026-08-12 20:06:43,4265,0.5454,169.0000,19.2260,2341.6816,33.1000,21.0800,0.4549,10.5677
1232,2026-08-12 20:06:45,4268,0.5458,168.0000,19.1950,2339.2231,33.1000,21.1400,0.4556,10.5615
1233,2026-08-12 20:06:47,4257,0.5444,169.0000,19.1690,2331.2977,33.1000,21.2000,0.4563,10.5553
1234,2026-08-12 20:06:49,4250,0.5435,169.0000,19.1280,2326.8551,33.0800,21.2600,0.4570,10.5491
1235,2026-08-12 20:06:51,4237,0.5418,169.0000,19.0890,2322.7449,33.0600,21.3200,0.4577,10.5429
1236,2026-08-12 20:06:53,4240,0.5422,169.0000,19.0510,2317.7244,33.0400,21.3800,0.4584,10.5367
1237,2026-08-12 20:06:55,4231,0.5410,170.0000,19.0110,2309.3227,33.0200,21.4400,0.4591,10.5305
1238,2026-08-12 20:06:57,4228,0.5407,170.0000,18.9750,2305.8846,33.0000,21.5000,0.4599,10.5243
1239,2026-08-12 20:06:59,4219,0.5395,169.0000,18.9390,2302.3403,33.0000,21.5200,0.4606,10.5181
1240,2026-08-12 20:07:01,4218,0.5394,168.0000,18.9010,2297.5584,33.0000,21.5400,0.4613,10.5119
1241,2026-08-12 20:07:03,4227,0.5405,168.0000,18.8680,2291.1826,33.0000,21.5600,0.4620,10.5057
1242,2026-08-12 20:07:05,4206,0.5379,168.0000,18.8230,2290.1702,33.0000,21.5800,0.4627,10.4995
1243,2026-08-12 20:07:07,4206,0.5379,168.0000,18.8100,2283.8738,33.0000,21.6000,0.4634,10.4933
1244,2026-08-12 20:07:09,4197,0.5367,169.0000,18.7570,2279.9052,33.0000,21.6000,0.4641,10.4871
1245,2026-08-12 20:07:11,4188,0.5355,169.0000,18.7270,2272.4640,33.0000,21.6000,0.4648,10.4809
1246,2026-08-12 20:07:13,4183,0.5349,169.0000,18.6900,2268.6716,33.0000,21.6000,0.4656,10.4747
1247,2026-08-12 20:07:15,4170,0.5332,168.0000,18.6460,2264.7941,33.0000,21.6000,0.4663,10.4685
1248,2026-08-12 20:07:17,4167,0.5329,168.0000,18.6080,2260.3559,33.0000,21.6000,0.4670,10.4623
1249,2026-08-12 20:07:19,4167,0.5329,168.0000,18.5730,2253.1744,33.0000,21.6800,0.4677,10.4561
1250,2026-08-12 20:07:21,4154,0.5312,168.0000,18.5280,2250.6233,33.0000,21.7600,0.4684,10.4499
1251,2026-08-12 20:07:23,4153,0.5311,168.0000,18.4770,2244.9247,33.0000,21.8400,0.4691,10.4437
1252,2026-08-12 20:07:25,4144,0.5299,169.0000,18.4400,2240.3508,33.0000,21.9200,0.4698,10.4375
1253,2026-08-12 20:07:27,4142,0.5297,167.0000,18.3990,2233.4416,33.0000,22.0000,0.4706,10.4313
1254,2026-08-12 20:07:29,4130,0.5281,167.0000,18.3830,2228.3718,32.9800,21.9600,0.4713,10.4251
1255,2026-08-12 20:07:31,4136,0.5289,166.0000,18.3270,2224.4460,32.9600,21.9200,0.4720,10.4189
1256,2026-08-12 20:07:33,4129,0.5280,166.0000,18.3040,2220.7070,32.9400,21.8800,0.4727,10.4127
1257,2026-08-12 20:07:35,4118,0.5266,166.0000,18.2520,2213.9592,32.9200,21.8400,0.4734,10.4065
1258,2026-08-12 20:07:37,4118,0.5266,166.0000,18.2070,2210.5437,32.9000,21.8000,0.4742,10.4003
1259,2026-08-12 20:07:39,4110,0.5256,167.0000,18.1720,2203.2780,32.8800,21.8600,0.4749,10.3941
1260,2026-08-12 20:07:41,4111,0.5257,165.0000,18.1540,2198.6556,32.8600,21.9200,0.4756,10.3879
1261,2026-08-12 20:07:43,4098,0.5240,165.0000,18.1310,2192.2885,32.8400,21.9800,0.4763,10.3817
1262,2026-08-12 20:07:45,4100,0.5243,165.0000,18.0920,2186.9333,32.8200,22.0400,0.4770,10.3755
1263,2026-08-12 20:07:47,4090,0.5230,165.0000,18.0600,2182.8019,32.8000,22.1000,0.4777,10.3693
1264,2026-08-12 20:07:49,4088,0.5228,165.0000,18.0250,2179.2391,32.8000,22.0000,0.4785,10.3631
1265,2026-08-12 20:07:51,4077,0.5214,165.0000,17.9930,2175.6331,32.8000,21.9000,0.4792,10.3569
1266,2026-08-12 20:07:53,4065,0.5198,166.0000,17.9620,2166.2478,32.8000,21.8000,0.4799,10.3507
1267,2026-08-12 20:07:55,4063,0.5196,166.0000,17.9190,2162.4389,32.8000,21.7000,0.4806,10.3445
1268,2026-08-12 20:07:57,4062,0.5194,166.0000,17.8870,2160.2870,32.8000,21.6000,0.4813,10.3383
1269,2026-08-12 20:07:59,4052,0.5182,164.0000,17.8290,2154.2927,32.8000,21.6400,0.4821,10.3321
1270,2026-08-12 20:08:01,4049,0.5178,164.0000,17.8030,2151.3925,32.8000,21.6800,0.4828,10.3259
1271,2026-08-12 20:08:03,4049,0.5178,166.0000,17.7610,2143.8757,32.8000,21.7200,0.4835,10.3197
1272,2026-08-12 20:08:05,4046,0.5174,166.0000,17.7240,2140.9828,32.8000,21.7600,0.4842,10.3135
1273,2026-08-12 20:08:07,4028,0.5151,165.0000,17.6780,2136.2057,32.8000,21.8000,0.4849,10.3073
1274,2026-08-12 20:08:09,4034,0.5159,165.0000,17.6470,2129.6193,32.7800,21.7800,0.4857,10.3011
1275,2026-08-12 20:08:11,4041,0.5168,165.0000,17.6160,2127.9465,32.7600,21.7600,0.4864,10.2948
1276,2026-08-12 20:08:13,4018,0.5138,164.0000,17.5610,2121.3793,32.7400,21.7400,0.4871,10.2884
1277,2026-08-12 20:08:15,4008,0.5125,164.0000,17.5250,2116.7936,32.7200,21.7200,0.4878,10.2820
1278,2026-08-12 20:08:17,4009,0.5127,164.0000,17.4890,2112.9887,32.7000,21.7000,0.4886,10.2756
1279,2026-08-12 20:08:19,3997,0.5111,165.0000,17.4400,2105.8454,32.7000,21.7200,0.4893,10.2692
1280,2026-08-12 20:08:21,3986,0.5097,165.0000,17.4000,2098.9678,32.7000,21.7400,0.4900,10.2629
1281,2026-08-12 20:08:23,3984,0.5095,165.0000,17.3580,2095.7116,32.7000,21.7600,0.4907,10.2567
1282,2026-08-12 20:08:25,3975,0.5083,164.0000,17.3230,2093.9418,32.7000,21.7800,0.4914,10.2505
1283,2026-08-12 20:08:27,3972,0.5079,163.0000,17.2750,2086.5457,32.7000,21.8000,0.4922,10.2443
1284,2026-08-12 20:08:29,3967,0.5073,163.0000,17.2270,2080.2158,32.6800,21.8200,0.4929,10.2381
1285,2026-08-12 20:08:31,3963,0.5068,163.0000,17.2100,2076.7660,32.6600,21.8400,0.4936,10.2319
1286,2026-08-12 20:08:33,3962,0.5066,163.0000,17.1500,2071.6772,32.6400,21.8600,0.4943,10.2257
1287,2026-08-12 20:08:35,3959,0.5063,163.0000,17.1300,2065.7519,32.6200,21.8800,0.4951,10.2195
1288,2026-08-12 20:08:37,3947,0.5047,163.0000,17.0960,2061.0335,32.6000,21.9000,0.4958,10.2133
1289,2026-08-12 20:08:39,3945,0.5045,163.0000,17.0550,2056.1361,32.6000,21.9400,0.4965,10.2071
1290,2026-08-12 20:08:41,3938,0.5036,162.0000,17.0320,2050.2627,32.6000,21.9800,0.4972,10.2009
1291,2026-08-12 20:08:43,3943,0.5042,160.0000,17.0130,2046.0909,32.6000,22.0200,0.4980,10.1947
1292,2026-08-12 20:08:45,3934,0.5031,161.0000,16.9700,2042.2604,32.6000,22.0600,0.4987,10.1885
1293,2026-08-12 20:08:47,3927,0.5022,162.0000,16.9410,2037.3534,32.6000,22.1000,0.4994,10.1823
1294,2026-08-12 20:08:49,3921,0.5014,162.0000,16.8990,2034.0643,32.6000,22.0800,0.5001,10.1761
1295,2026-08-12 20:08:51,3910,0.5000,161.0000,16.8650,2027.5057,32.6000,22.0600,0.5009,10.1699
1296,2026-08-12 20:08:53,3910,0.5000,160.0000,16.8080,2023.9621,32.6000,22.0400,0.5016,10.1637
1297,2026-08-12 20:08:55,3900,0.4987,160.0000,16.7930,2017.2091,32.6000,22.0200,0.5023,10.1575
1298,2026-08-12 20:08:57,3895,0.4981,160.0000,16.7530,2012.6229,32.6000,22.0000,0.5031,10.1513
1299,2026-08-12 20:08:59,3888,0.4972,160.0000,16.7020,2006.3878,32.5800,22.0600,0.5038,10.1451
1300,2026-08-12 20:09:01,3883,0.4965,160.0000,16.6760,2000.2541,32.5600,22.1200,0.5045,10.1389
1301,2026-08-12 20:09:03,3876,0.4957,159.0000,16.6360,1996.0993,32.5400,22.1800,0.5052,10.1327
1302,2026-08-12 20:09:05,3867,0.4945,159.0000,16.5930,1992.9472,32.5200,22.2400,0.5060,10.1265
1303,2026-08-12 20:09:07,3867,0.4945,159.0000,16.5560,1989.1695,32.5000,22.3000,0.5067,10.1203
1304,2026-08-12 20:09:09,3856,0.4931,159.0000,16.5190,1983.2252,32.5000,22.3000,0.5074,10.1141
1305,2026-08-12 20:09:11,3857,0.4932,159.0000,16.4840,1976.2955,32.5000,22.3000,0.5082,10.1079
1306,2026-08-12 20:09:13,3844,0.4916,159.0000,16.4300,1971.1351,32.5000,22.3000,0.5089,10.1017
1307,2026-08-12 20:09:15,3837,0.4907,159.0000,16.3870,1968.9107,32.5000,22.3000,0.5096,10.0955
1308,2026-08-12 20:09:17,3841,0.4912,159.0000,16.3630,1963.2082,32.5000,22.3000,0.5103,10.0893
1309,2026-08-12 20:09:19,3830,0.4898,159.0000,16.3260,1958.4431,32.5000,22.3200,0.5111,10.0831
1310,2026-08-12 20:09:21,3817,0.4881,159.0000,16.2900,1953.3995,32.5000,22.3400,0.5118,10.0769
1311,2026-08-12 20:09:23,3829,0.4896,159.0000,16.2520,1945.2799,32.5000,22.3600,0.5125,10.0707
1312,2026-08-12 20:09:25,3822,0.4887,159.0000,16.2070,1942.5768,32.5000,22.3800,0.5133,10.0645
1313,2026-08-12 20:09:27,3815,0.4879,159.0000,16.1860,1938.6128,32.5000,22.4000,0.5140,10.0583
1314,2026-08-12 20:09:29,3808,0.4870,159.0000,16.1660,1933.3859,32.4800,22.3000,0.5147,10.0521
1315,2026-08-12 20:09:31,3797,0.4855,159.0000,16.1130,1928.4546,32.4600,22.2000,0.5155,10.0459
1316,2026-08-12 20:09:33,3784,0.4839,159.0000,16.0680,1926.0401,32.4400,22.1000,0.5162,10.0397
1317,2026-08-12 20:09:35,3776,0.4829,158.0000,16.0260,1919.8142,32.4200,22.0000,0.5169,10.0335
1318,2026-08-12 20:09:37,3770,0.4821,158.0000,15.9930,1914.6561,32.4000,21.9000,0.5177,10.0273
1319,2026-08-12 20:09:39,3768,0.4818,158.0000,15.9560,1911.2730,32.4000,21.9400,0.5184,10.0211
1320,2026-08-12 20:09:41,3763,0.4812,158.0000,15.9560,1907.0197,32.4000,21.9800,0.5191,10.0149
1321,2026-08-12 20:09:43,3757,0.4804,157.0000,15.9290,1898.8398,32.4000,22.0200,0.5199,10.0087
1322,2026-08-12 20:09:45,3759,0.4807,157.0000,15.8930,1893.7654,32.4000,22.0600,0.5206,10.0025
1323,2026-08-12 20:09:47,3752,0.4798,157.0000,15.8550,1891.9151,32.4000,22.1000,0.5213,9.9963
1324,2026-08-12 20:09:49,3744,0.4788,158.0000,15.8480,1889.1307,32.3800,22.0800,0.5221,9.9901
1325,2026-08-12 20:09:51,3746,0.4790,157.0000,15.8170,1883.0221,32.3600,22.0600,0.5228,9.9839
1326,2026-08-12 20:09:53,3743,0.4786,157.0000,15.7650,1875.5435,32.3400,22.0400,0.5235,9.9777
1327,2026-08-12 20:09:55,3735,0.4776,157.0000,15.7410,1869.6035,32.3200,22.0200,0.5243,9.9715
1328,2026-08-12 20:09:57,3727,0.4766,157.0000,15.6930,1867.0801,32.3000,22.0000,0.5250,9.9653
1329,2026-08-12 20:09:59,3723,0.4761,156.0000,15.6450,1861.7295,32.3000,22.0600,0.5257,9.9591
1330,2026-08-12 20:10:01,3715,0.4751,157.0000,15.6040,1858.3537,32.3000,22.1200,0.5265,9.9529
1331,2026-08-12 20:10:03,3705,0.4738,155.0000,15.5520,1850.8582,32.3000,22.1800,0.5272,9.9467
1332,2026-08-12 20:10:05,3699,0.4730,155.0000,15.5170,1846.8610,32.3000,22.2400,0.5279,9.9405
1333,2026-08-12 20:10:07,3702,0.4734,156.0000,15.4960,1843.0482,32.3000,22.3000,0.5287,9.9343
1334,2026-08-12 20:10:09,3690,0.4719,154.0000,15.4610,1838.6480,32.3000,22.3600,0.5294,9.9281
1335,2026-08-12 20:10:11,3685,0.4712,154.0000,15.4040,1837.0002,32.3000,22.4200,0.5301,9.9219
1336,2026-08-12 20:10:13,3676,0.4701,154.0000,15.3580,1829.9952,32.3000,22.4800,0.5309,9.9157
1337,2026-08-12 20:10:15,3671,0.4694,155.0000,15.3180,1823.5010,32.3000,22.5400,0.5316,9.9095
1338,2026-08-12 20:10:17,3660,0.4680,155.0000,15.2790,1818.7972,32.3000,22.6000,0.5324,9.9033
1339,2026-08-12 20:10:19,3661,0.4682,155.0000,15.2670,1815.6645,32.2800,22.5800,0.5331,9.8971
1340,2026-08-12 20:10:21,3657,0.4676,155.0000,15.2270,1812.4823,32.2600,22.5600,0.5338,9.8909
1341,2026-08-12 20:10:23,3644,0.4660,155.0000,15.1910,1804.7286,32.2400,22.5400,0.5346,9.8847
1342,2026-08-12 20:10:25,3642,0.4657,155.0000,15.1530,1798.5723,32.2200,22.5200,0.5353,9.8785
1343,2026-08-12 20:10:27,3641,0.4656,155.0000,15.1230,1792.7927,32.2000,22.5000,0.5361,9.8723
1344,2026-08-12 20:10:29,3636,0.4650,154.0000,15.0850,1786.5990,32.1800,22.5000,0.5368,9.8661
1345,2026-08-12 20:10:31,3631,0.4643,152.0000,15.0480,1781.8292,32.1600,22.5000,0.5375,9.8599
1346,2026-08-12 20:10:33,3626,0.4637,152.0000,15.0130,1778.6559,32.1400,22.5000,0.5383,9.8537
1347,2026-08-12 20:10:35,3621,0.4630,153.0000,14.9720,1773.0160,32.1200,22.5000,0.5390,9.8475
1348,2026-08-12 20:10:37,3614,0.4621,152.0000,14.9350,1770.3256,32.1000,22.5000,0.5397,9.8413
1349,2026-08-12 20:10:39,3608,0.4614,152.0000,14.9080,1767.2133,32.1000,22.5200,0.5405,9.8351
1350,2026-08-12 20:10:41,3611,0.4618,151.0000,14.9260,1762.8744,32.1000,22.5400,0.5412,9.8289
1351,2026-08-12 20:10:43,3603,0.4607,151.0000,14.8780,1757.6569,32.1000,22.5600,0.5420,9.8227
1352,2026-08-12 20:10:45,3590,0.4591,151.0000,14.8400,1753.2732,32.1000,22.5800,0.5427,9.8165
1353,2026-08-12 20:10:47,3581,0.4579,151.0000,14.8170,1746.1776,32.1000,22.6000,0.5434,9.8103
1354,2026-08-12 20:10:49,3582,0.4581,151.0000,14.7850,1741.7234,32.1000,22.6200,0.5442,9.8041
1355,2026-08-12 20:10:51,3569,0.4564,152.0000,14.7530,1737.2661,32.1000,22.6400,0.5449,9.7979
1356,2026-08-12 20:10:53,3566,0.4560,151.0000,14.7100,1732.7926,32.1000,22.6600,0.5457,9.7917
1357,2026-08-12 20:10:55,3558,0.4550,151.0000,14.6690,1732.0882,32.1000,22.6800,0.5464,9.7855
1358,2026-08-12 20:10:57,3553,0.4543,151.0000,14.6310,1727.4623,32.1000,22.7000,0.5472,9.7793
1359,2026-08-12 20:10:59,3551,0.4541,151.0000,14.5990,1720.6896,32.0800,22.7000,0.5479,9.7731
1360,2026-08-12 20:11:01,3543,0.4531,151.0000,14.5670,1716.9501,32.0600,22.7000,0.5486,9.7669
1361,2026-08-12 20:11:03,3537,0.4523,150.0000,14.5290,1710.3710,32.0400,22.7000,0.5494,9.7607
1362,2026-08-12 20:11:05,3534,0.4519,152.0000,14.5220,1706.7399,32.0200,22.7000,0.5501,9.7545
1363,2026-08-12 20:11:07,3535,0.4520,151.0000,14.4800,1704.3304,32.0000,22.7000,0.5509,9.7483
1364,2026-08-12 20:11:09,3524,0.4506,151.0000,14.4420,1699.4391,32.0000,22.7000,0.5516,9.7421
1365,2026-08-12 20:11:11,3516,0.4496,150.0000,14.4130,1694.8445,32.0000,22.7000,0.5524,9.7359
1366,2026-08-12 20:11:13,3511,0.4490,151.0000,14.3890,1688.3652,32.0000,22.7000,0.5531,9.7297
1367,2026-08-12 20:11:15,3503,0.4480,150.0000,14.3410,1685.4311,32.0000,22.7000,0.5538,9.7235
1368,2026-08-12 20:11:17,3497,0.4472,150.0000,14.3270,1680.8044,32.0000,22.7000,0.5546,9.7173
1369,2026-08-12 20:11:19,3494,0.4468,150.0000,14.2950,1676.2534,31.9800,22.7600,0.5553,9.7111
1370,2026-08-12 20:11:21,3488,0.4460,151.0000,14.2480,1674.2700,31.9600,22.8200,0.5561,9.7049
1371,2026-08-12 20:11:23,3468,0.4435,150.0000,14.2060,1669.8980,31.9400,22.8800,0.5568,9.6987
1372,2026-08-12 20:11:25,3466,0.4432,150.0000,14.1890,1668.1371,31.9200,22.9400,0.5576,9.6925
1373,2026-08-12 20:11:27,3456,0.4419,150.0000,14.1520,1659.1890,31.9000,23.0000,0.5583,9.6863
1374,2026-08-12 20:11:29,3449,0.4410,150.0000,14.1060,1654.6981,31.9000,23.0000,0.5591,9.6801
1375,2026-08-12 20:11:31,3447,0.4408,149.0000,14.0680,1650.8537,31.9000,23.0000,0.5598,9.6739
1376,2026-08-12 20:11:33,3452,0.4414,149.0000,14.0470,1647.5026,31.9000,23.0000,0.5605,9.6677
1377,2026-08-12 20:11:35,3441,0.4400,150.0000,14.0130,1641.5935,31.9000,23.0000,0.5613,9.6615
1378,2026-08-12 20:11:37,3437,0.4395,149.0000,13.9820,1640.2670,31.9000,23.0000,0.5620,9.6553
1379,2026-08-12 20:11:39,3434,0.4391,148.0000,13.9540,1638.0615,31.8800,23.0200,0.5628,9.6491
1380,2026-08-12 20:11:41,3417,0.4370,149.0000,13.9860,1632.2429,31.8600,23.0400,0.5635,9.6429
1381,2026-08-12 20:11:43,3419,0.4372,149.0000,13.9480,1626.6108,31.8400,23.0600,0.5643,9.6367
1382,2026-08-12 20:11:45,3409,0.4359,149.0000,13.9360,1623.3685,31.8200,23.0800,0.5650,9.6305
1383,2026-08-12 20:11:47,3406,0.4355,149.0000,13.8970,1620.4251,31.8000,23.1000,0.5658,9.6243
1384,2026-08-12 20:11:49,3400,0.4348,149.0000,13.8600,1616.3720,31.8000,23.1000,0.5665,9.6181
1385,2026-08-12 20:11:51,3389,0.4334,149.0000,13.8170,1610.4856,31.8000,23.1000,0.5673,9.6119
1386,2026-08-12 20:11:53,3389,0.4334,149.0000,13.8050,1604.3628,31.8000,23.1000,0.5680,9.6057
1387,2026-08-12 20:11:55,3385,0.4329,149.0000,13.7750,1601.5397,31.8000,23.1000,0.5688,9.5995
1388,2026-08-12 20:11:57,3372,0.4312,149.0000,13.7370,1597.1955,31.8000,23.1000,0.5695,9.5933
1389,2026-08-12 20:11:59,3370,0.4309,148.0000,13.7160,1594.9355,31.8000,23.2000,0.5703,9.5871
1390,2026-08-12 20:12:01,3364,0.4302,148.0000,13.6660,1588.2384,31.8000,23.3000,0.5710,9.5809
1391,2026-08-12 20:12:03,3354,0.4289,148.0000,13.6300,1585.2318,31.8000,23.4000,0.5718,9.5747
1392,2026-08-12 20:12:05,3347,0.4280,148.0000,13.5740,1581.5687,31.8000,23.5000,0.5725,9.5685
1393,2026-08-12 20:12:07,3342,0.4274,148.0000,13.5710,1576.0988,31.8000,23.6000,0.5733,9.5623
1394,2026-08-12 20:12:09,3334,0.4263,147.0000,13.5360,1572.2571,31.7800,23.6000,0.5740,9.5561
1395,2026-08-12 20:12:11,3337,0.4267,148.0000,13.5010,1567.4758,31.7600,23.6000,0.5748,9.5499
1396,2026-08-12 20:12:13,3334,0.4263,147.0000,13.4720,1563.2707,31.7400,23.6000,0.5755,9.5437
1397,2026-08-12 20:12:15,3330,0.4258,147.0000,13.4330,1560.3413,31.7200,23.6000,0.5763,9.5375
1398,2026-08-12 20:12:17,3324,0.4251,148.0000,13.3790,1557.7951,31.7000,23.6000,0.5770,9.5313
1399,2026-08-12 20:12:19,3306,0.4228,147.0000,13.3560,1549.8610,31.7000,23.5200,0.5778,9.5251
1400,2026-08-12 20:12:21,3316,0.4240,146.0000,13.3240,1547.2146,31.7000,23.4400,0.5785,9.5189
1401,2026-08-12 20:12:23,3309,0.4231,146.0000,13.3110,1540.7705,31.7000,23.3600,0.5793,9.5127
1402,2026-08-12 20:12:25,3307,0.4229,147.0000,13.2770,1537.6134,31.7000,23.2800,0.5800,9.5065
1403,2026-08-12 20:12:27,3291,0.4208,146.0000,13.2330,1534.8907,31.7000,23.2000,0.5808,9.5003
1404,2026-08-12 20:12:29,3285,0.4201,147.0000,13.2060,1533.8562,31.6800,23.2200,0.5815,9.4941
1405,2026-08-12 20:12:31,3286,0.4202,145.0000,13.1800,1529.1014,31.6600,23.2400,0.5823,9.4879
1406,2026-08-12 20:12:33,3272,0.4184,145.0000,13.1250,1523.6409,31.6400,23.2600,0.5830,9.4817
1407,2026-08-12 20:12:35,3263,0.4173,145.0000,13.1050,1522.5015,31.6200,23.2800,0.5838,9.4755
1408,2026-08-12 20:12:37,3254,0.4161,145.0000,13.0680,1511.3686,31.6000,23.3000,0.5845,9.4693
1409,2026-08-12 20:12:39,3250,0.4156,145.0000,13.0330,1507.4498,31.6000,23.3000,0.5853,9.4631
1410,2026-08-12 20:12:41,3253,0.4160,144.0000,13.0690,1504.1511,31.6000,23.3000,0.5860,9.4569
1411,2026-08-12 20:12:43,3243,0.4147,143.0000,13.0420,1500.5551,31.6000,23.3000,0.5868,9.4507
1412,2026-08-12 20:12:45,3241,0.4145,145.0000,12.9870,1496.9271,31.6000,23.3000,0.5875,9.4445
1413,2026-08-12 20:12:47,3232,0.4133,144.0000,12.9620,1491.1552,31.6000,23.3000,0.5883,9.4383
1414,2026-08-12 20:12:49,3230,0.4130,144.0000,12.9290,1486.0654,31.6000,23.3200,0.5891,9.4321
1415,2026-08-12 20:12:51,3221,0.4119,143.0000,12.8720,1483.1710,31.6000,23.3400,0.5898,9.4259
1416,2026-08-12 20:12:53,3222,0.4120,142.0000,12.8430,1480.2407,31.6000,23.3600,0.5906,9.4197
1417,2026-08-12 20:12:55,3207,0.4101,143.0000,12.8270,1475.9531,31.6000,23.3800,0.5913,9.4135
1418,2026-08-12 20:12:57,3204,0.4097,143.0000,12.7930,1471.3909,31.6000,23.4000,0.5921,9.4073
1419,2026-08-12 20:12:59,3198,0.4090,143.0000,12.7490,1468.8830,31.5800,23.3800,0.5928,9.4011
1420,2026-08-12 20:13:01,3191,0.4081,143.0000,12.7270,1462.7362,31.5600,23.3600,0.5936,9.3949
1421,2026-08-12 20:13:03,3184,0.4072,143.0000,12.6810,1455.5327,31.5400,23.3400,0.5943,9.3887
1422,2026-08-12 20:13:05,3171,0.4055,143.0000,12.6540,1453.1042,31.5200,23.3200,0.5951,9.3825
1423,2026-08-12 20:13:07,3171,0.4055,143.0000,12.6370,1452.2626,31.5000,23.3000,0.5958,9.3763
1424,2026-08-12 20:13:09,3174,0.4059,142.0000,12.5790,1447.6066,31.5000,23.3400,0.5966,9.3701
1425,2026-08-12 20:13:11,3171,0.4055,142.0000,12.5740,1442.6718,31.5000,23.3800,0.5974,9.3640
1426,2026-08-12 20:13:13,3161,0.4042,142.0000,12.5400,1440.7297,31.5000,23.4200,0.5981,9.3580
1427,2026-08-12 20:13:15,3159,0.4040,142.0000,12.5020,1433.7163,31.5000,23.4600,0.5989,9.3520
1428,2026-08-12 20:13:17,3147,0.4024,141.0000,12.4720,1429.5343,31.5000,23.5000,0.5996,9.3460
1429,2026-08-12 20:13:19,3154,0.4033,142.0000,12.4460,1426.1798,31.4800,23.5000,0.6004,9.3400
1430,2026-08-12 20:13:21,3136,0.4010,142.0000,12.4210,1422.8576,31.4600,23.5000,0.6011,9.3339
1431,2026-08-12 20:13:23,3140,0.4015,141.0000,12.3790,1418.4262,31.4400,23.5000,0.6019,9.3277
1432,2026-08-12 20:13:25,3133,0.4006,141.0000,12.3560,1415.1083,31.4200,23.5000,0.6027,9.3215
1433,2026-08-12 20:13:27,3126,0.3997,142.0000,12.3090,1410.4427,31.4000,23.5000,0.6034,9.3153
1434,2026-08-12 20:13:29,3113,0.3981,141.0000,12.2800,1406.8072,31.4000,23.5000,0.6042,9.3091
1435,2026-08-12 20:13:31,3112,0.3980,141.0000,12.2400,1404.1805,31.4000,23.5000,0.6049,9.3029
1436,2026-08-12 20:13:33,3103,0.3968,141.0000,12.2010,1400.5159,31.4000,23.5000,0.6057,9.2967
1437,2026-08-12 20:13:35,3099,0.3963,141.0000,12.1840,1396.3258,31.4000,23.5000,0.6064,9.2905
1438,2026-08-12 20:13:37,3088,0.3949,140.0000,12.1260,1392.7885,31.4000,23.5000,0.6072,9.2843
1439,2026-08-12 20:13:39,3076,0.3934,140.0000,12.1000,1388.7365,31.3800,23.5600,0.6080,9.2781
1440,2026-08-12 20:13:41,3071,0.3927,139.0000,12.1490,1385.0186,31.3600,23.6200,0.6087,9.2719
1441,2026-08-12 20:13:43,3066,0.3921,139.0000,12.1220,1375.2011,31.3400,23.6800,0.6095,9.2657
1442,2026-08-12 20:13:45,3059,0.3912,139.0000,12.0690,1374.5327,31.3200,23.7400,0.6102,9.2595
1443,2026-08-12 20:13:47,3059,0.3912,140.0000,12.0580,1373.7901,31.3000,23.8000,0.6110,9.2533
1444,2026-08-12 20:13:49,3056,0.3908,139.0000,12.0350,1368.8410,31.3000,23.7600,0.6118,9.2471
1445,2026-08-12 20:13:51,3042,0.3890,139.0000,12.0030,1364.3506,31.3000,23.7200,0.6125,9.2409
1446,2026-08-12 20:13:53,3028,0.3872,140.0000,11.9570,1358.6416,31.3000,23.6800,0.6133,9.2347
1447,2026-08-12 20:13:55,3030,0.3875,139.0000,11.9460,1353.5960,31.3000,23.6400,0.6140,9.2285
1448,2026-08-12 20:13:57,3029,0.3873,140.0000,11.9150,1349.3728,31.3000,23.6000,0.6148,9.2223
1449,2026-08-12 20:13:59,3019,0.3861,139.0000,11.8790,1347.5195,31.3000,23.6400,0.6156,9.2161
1450,2026-08-12 20:14:01,3018,0.3859,138.0000,11.8530,1341.3396,31.3000,23.6800,0.6163,9.2099
1451,2026-08-12 20:14:03,3004,0.3841,139.0000,11.8220,1339.6513,31.3000,23.7200,0.6171,9.2037
1452,2026-08-12 20:14:05,3005,0.3843,139.0000,11.8020,1334.4804,31.3000,23.7600,0.6179,9.1975
1453,2026-08-12 20:14:07,2995,0.3830,138.0000,11.7720,1331.8726,31.3000,23.8000,0.6186,9.1913
1454,2026-08-12 20:14:09,2977,0.3807,139.0000,11.7210,1326.5555,31.2800,23.8200,0.6194,9.1851
1455,2026-08-12 20:14:11,2978,0.3808,138.0000,11.7130,1324.1961,31.2600,23.8400,0.6201,9.1789
1456,2026-08-12 20:14:13,2979,0.3809,139.0000,11.6790,1320.2144,31.2400,23.8600,0.6209,9.1727
1457,2026-08-12 20:14:15,2966,0.3793,138.0000,11.6500,1312.9889,31.2200,23.8800,0.6217,9.1665
1458,2026-08-12 20:14:17,2957,0.3781,139.0000,11.6270,1311.2794,31.2000,23.9000,0.6224,9.1603
1459,2026-08-12 20:14:19,2956,0.3780,138.0000,11.5950,1304.9065,31.2000,23.9800,0.6232,9.1541
1460,2026-08-12 20:14:21,2952,0.3775,137.0000,11.5640,1303.2754,31.2000,24.0600,0.6240,9.1479
1461,2026-08-12 20:14:23,2946,0.3767,137.0000,11.5430,1301.5374,31.2000,24.1400,0.6247,9.1417
1462,2026-08-12 20:14:25,2939,0.3758,138.0000,11.4910,1293.8659,31.2000,24.2200,0.6255,9.1355
1463,2026-08-12 20:14:27,2932,0.3749,138.0000,11.4780,1291.0204,31.2000,24.3000,0.6262,9.1293
1464,2026-08-12 20:14:29,2928,0.3744,138.0000,11.4610,1287.9976,31.1800,24.2800,0.6270,9.1231
1465,2026-08-12 20:14:31,2928,0.3744,136.0000,11.4270,1287.0461,31.1600,24.2600,0.6278,9.1169
1466,2026-08-12 20:14:33,2918,0.3731,137.0000,11.3980,1279.7240,31.1400,24.2400,0.6285,9.1107
1467,2026-08-12 20:14:35,2914,0.3726,137.0000,11.3800,1277.2351,31.1200,24.2200,0.6293,9.1045
1468,2026-08-12 20:14:37,2905,0.3715,138.0000,11.3240,1273.5461,31.1000,24.2000,0.6301,9.0983
1469,2026-08-12 20:14:39,2901,0.3710,137.0000,11.3150,1271.7170,31.1000,24.2800,0.6308,9.0921
1470,2026-08-12 20:14:41,2897,0.3705,137.0000,11.3640,1266.3421,31.1000,24.3600,0.6316,9.0859
1471,2026-08-12 20:14:43,2898,0.3706,137.0000,11.3420,1263.1379,31.1000,24.4400,0.6324,9.0797
1472,2026-08-12 20:14:45,2889,0.3694,137.0000,11.3200,1259.6596,31.1000,24.5200,0.6331,9.0735
1473,2026-08-12 20:14:47,2883,0.3687,137.0000,11.2870,1252.9277,31.1000,24.6000,0.6339,9.0673
1474,2026-08-12 20:14:49,2866,0.3665,136.0000,11.2460,1252.6504,31.0800,24.5600,0.6346,9.0611
1475,2026-08-12 20:14:51,2864,0.3662,135.0000,11.2300,1249.4612,31.0600,24.5200,0.6354,9.0549
1476,2026-08-12 20:14:53,2864,0.3662,136.0000,11.2030,1241.9430,31.0400,24.4800,0.6362,9.0487
1477,2026-08-12 20:14:55,2854,0.3650,136.0000,11.1690,1239.4879,31.0200,24.4400,0.6369,9.0425
1478,2026-08-12 20:14:57,2843,0.3636,136.0000,11.1410,1234.3772,31.0000,24.4000,0.6377,9.0363
1479,2026-08-12 20:14:59,2841,0.3633,136.0000,11.1140,1231.2309,31.0000,24.4200,0.6385,9.0301
1480,2026-08-12 20:15:01,2840,0.3632,135.0000,11.0990,1229.4987,31.0000,24.4400,0.6392,9.0239
1481,2026-08-12 20:15:03,2827,0.3615,136.0000,11.0570,1226.8002,31.0000,24.4600,0.6400,9.0177
1482,2026-08-12 20:15:05,2829,0.3618,136.0000,11.0400,1222.7633,31.0000,24.4800,0.6408,9.0115
1483,2026-08-12 20:15:07,2823,0.3610,135.0000,11.0030,1219.6540,31.0000,24.5000,0.6415,9.0053
1484,2026-08-12 20:15:09,2816,0.3601,136.0000,10.9740,1217.2885,30.9800,24.4400,0.6423,8.9991
1485,2026-08-12 20:15:11,2810,0.3593,135.0000,10.9430,1211.1872,30.9600,24.3800,0.6431,8.9929
1486,2026-08-12 20:15:13,2802,0.3583,135.0000,10.9030,1205.5362,30.9400,24.3200,0.6439,8.9867
1487,2026-08-12 20:15:15,2802,0.3583,134.0000,10.8730,1203.9007,30.9200,24.2600,0.6446,8.9805
1488,2026-08-12 20:15:17,2794,0.3573,134.0000,10.8470,1202.3710,30.9000,24.2000,0.6454,8.9743
1489,2026-08-12 20:15:19,2785,0.3561,135.0000,10.8270,1198.7665,30.9000,24.2200,0.6462,8.9681
1490,2026-08-12 20:15:21,2782,0.3558,134.0000,10.8010,1193.3013,30.9000,24.2400,0.6469,8.9619
1491,2026-08-12 20:15:23,2765,0.3536,134.0000,10.7660,1188.4749,30.9000,24.2600,0.6477,8.9557
1492,2026-08-12 20:15:25,2767,0.3538,134.0000,10.7480,1185.2568,30.9000,24.2800,0.6485,8.9495
1493,2026-08-12 20:15:27,2756,0.3524,133.0000,10.6970,1182.3794,30.9000,24.3000,0.6492,8.9433
1494,2026-08-12 20:15:29,2748,0.3514,134.0000,10.6720,1177.8291,30.9000,24.3200,0.6500,8.9371
1495,2026-08-12 20:15:31,2739,0.3503,133.0000,10.6440,1174.0981,30.9000,24.3400,0.6508,8.9309
1496,2026-08-12 20:15:33,2744,0.3509,134.0000,10.6160,1168.3467,30.9000,24.3600,0.6515,8.9247
1497,2026-08-12 20:15:35,2736,0.3499,133.0000,10.5860,1164.4441,30.9000,24.3800,0.6523,8.9185
1498,2026-08-12 20:15:37,2731,0.3492,133.0000,10.5560,1162.9591,30.9000,24.4000,0.6531,8.9123
1499,2026-08-12 20:15:39,2722,0.3481,133.0000,10.5220,1159.0742,30.8800,24.4400,0.6539,8.9061
1500,2026-08-12 20:15:41,2713,0.3469,133.0000,10.5780,1153.9457,30.8600,24.4800,0.6546,8.8999
1501,2026-08-12 20:15:43,2713,0.3469,133.0000,10.5520,1150.5310,30.8400,24.5200,0.6554,8.8937
1502,2026-08-12 20:15:45,2704,0.3458,132.0000,10.5180,1147.4298,30.8200,24.5600,0.6562,8.8875
1503,2026-08-12 20:15:47,2694,0.3445,132.0000,10.4700,1144.1435,30.8000,24.6000,0.6569,8.8813
1504,2026-08-12 20:15:49,2692,0.3442,132.0000,10.4530,1141.6657,30.8000,24.6000,0.6577,8.8751
1505,2026-08-12 20:15:51,2688,0.3437,132.0000,10.4420,1137.4742,30.8000,24.6000,0.6585,8.8690
1506,2026-08-12 20:15:53,2680,0.3427,131.0000,10.3930,1134.4205,30.8000,24.6000,0.6592,8.8630
1507,2026-08-12 20:15:55,2686,0.3435,132.0000,10.4070,1131.1373,30.8000,24.6000,0.6600,8.8570
1508,2026-08-12 20:15:57,2678,0.3425,131.0000,10.3630,1128.4291,30.8000,24.6000,0.6608,8.8510
1509,2026-08-12 20:15:59,2667,0.3410,131.0000,10.3380,1121.2881,30.7800,24.5800,0.6616,8.8450
1510,2026-08-12 20:16:01,2665,0.3408,130.0000,10.3160,1119.9469,30.7600,24.5600,0.6623,8.8389
1511,2026-08-12 20:16:03,2652,0.3391,131.0000,10.2750,1116.2676,30.7400,24.5400,0.6631,8.8327
1512,2026-08-12 20:16:05,2650,0.3389,132.0000,10.2600,1111.3231,30.7200,24.5200,0.6639,8.8265
1513,2026-08-12 20:16:07,2637,0.3372,132.0000,10.2120,1109.0721,30.7000,24.5000,0.6647,8.8203
1514,2026-08-12 20:16:09,2633,0.3367,131.0000,10.1810,1103.8784,30.7000,24.5400,0.6654,8.8141
1515,2026-08-12 20:16:11,2626,0.3358,131.0000,10.1500,1098.2852,30.7000,24.5800,0.6662,8.8079
1516,2026-08-12 20:16:13,2622,0.3353,131.0000,10.1340,1096.4928,30.7000,24.6200,0.6670,8.8017
1517,2026-08-12 20:16:15,2605,0.3331,131.0000,10.0990,1093.3314,30.7000,24.6600,0.6677,8.7955
1518,2026-08-12 20:16:17,2604,0.3330,130.0000,10.0580,1090.1721,30.7000,24.7000,0.6685,8.7893
1519,2026-08-12 20:16:19,2603,0.3329,130.0000,10.0220,1087.5161,30.6800,24.7000,0.6693,8.7831
1520,2026-08-12 20:16:21,2590,0.3312,130.0000,10.0050,1084.4280,30.6600,24.7000,0.6701,8.7769
1521,2026-08-12 20:16:23,2599,0.3324,130.0000,9.9840,1078.3457,30.6400,24.7000,0.6708,8.7707
1522,2026-08-12 20:16:25,2589,0.3311,129.0000,9.9510,1073.2076,30.6200,24.7000,0.6716,8.7645
1523,2026-08-12 20:16:27,2579,0.3298,129.0000,9.9330,1071.0997,30.6000,24.7000,0.6724,8.7583
1524,2026-08-12 20:16:29,2573,0.3290,129.0000,9.9120,1069.6058,30.6000,24.7000,0.6732,8.7521
1525,2026-08-12 20:16:31,2566,0.3281,129.0000,9.8900,1066.1927,30.6000,24.7000,0.6739,8.7459
1526,2026-08-12 20:16:33,2563,0.3277,129.0000,9.8600,1061.5228,30.6000,24.7000,0.6747,8.7397
1527,2026-08-12 20:16:35,2551,0.3262,129.0000,9.8220,1057.8719,30.6000,24.7000,0.6755,8.7335
1528,2026-08-12 20:16:37,2545,0.3254,128.0000,9.7880,1054.0018,30.6000,24.7000,0.6763,8.7273
1529,2026-08-12 20:16:39,2536,0.3243,129.0000,9.7730,1049.9031,30.5800,24.7000,0.6770,8.7211
1530,2026-08-12 20:16:41,2532,0.3238,129.0000,9.8290,1046.0776,30.5600,24.7000,0.6778,8.7149
1531,2026-08-12 20:16:43,2523,0.3226,129.0000,9.7920,1043.7166,30.5400,24.7000,0.6786,8.7087
1532,2026-08-12 20:16:45,2517,0.3219,129.0000,9.7720,1041.3314,30.5200,24.7000,0.6794,8.7025
1533,2026-08-12 20:16:47,2512,0.3212,128.0000,9.7400,1036.8386,30.5000,24.7000,0.6801,8.6963
1534,2026-08-12 20:16:49,2506,0.3205,129.0000,9.7240,1031.3364,30.5000,24.7400,0.6809,8.6901
1535,2026-08-12 20:16:51,2509,0.3208,128.0000,9.7150,1026.1350,30.5000,24.7800,0.6817,8.6839
1536,2026-08-12 20:16:53,2512,0.3212,128.0000,9.6900,1024.5752,30.5000,24.8200,0.6825,8.6777
1537,2026-08-12 20:16:55,2493,0.3188,128.0000,9.6520,1021.6310,30.5000,24.8600,0.6832,8.6715
1538,2026-08-12 20:16:57,2496,0.3192,128.0000,9.6200,1018.8099,30.5000,24.9000,0.6840,8.6653
1539,2026-08-12 20:16:59,2486,0.3179,127.0000,9.6010,1014.3067,30.4800,24.9200,0.6848,8.6591
1540,2026-08-12 20:17:01,2482,0.3174,127.0000,9.5730,1010.5587,30.4600,24.9400,0.6856,8.6529
1541,2026-08-12 20:17:03,2467,0.3155,128.0000,9.5410,1008.9761,30.4400,24.9600,0.6863,8.6467
1542,2026-08-12 20:17:05,2462,0.3148,128.0000,9.5240,1006.5419,30.4200,24.9800,0.6871,8.6405
1543,2026-08-12 20:17:07,2460,0.3146,128.0000,9.4970,1003.7405,30.4000,25.0000,0.6879,8.6343
1544,2026-08-12 20:17:09,2449,0.3132,127.0000,9.4710,1001.6730,30.4000,25.0400,0.6887,8.6281
1545,2026-08-12 20:17:11,2445,0.3127,127.0000,9.4390,998.1688,30.4000,25.0800,0.6895,8.6219
1546,2026-08-12 20:17:13,2431,0.3109,127.0000,9.4080,992.8363,30.4000,25.1200,0.6902,8.6157
1547,2026-08-12 20:17:15,2431,0.3109,126.0000,9.3810,990.0688,30.4000,25.1600,0.6910,8.6095
1548,2026-08-12 20:17:17,2423,0.3098,126.0000,9.3340,986.1746,30.4000,25.2000,0.6918,8.6033
1549,2026-08-12 20:17:19,2415,0.3088,127.0000,9.3120,982.4178,30.3800,25.2000,0.6926,8.5971
1550,2026-08-12 20:17:21,2411,0.3083,127.0000,9.2850,981.7362,30.3600,25.2000,0.6933,8.5910
1551,2026-08-12 20:17:23,2411,0.3083,126.0000,9.2510,977.8632,30.3400,25.2000,0.6941,8.5850
1552,2026-08-12 20:17:25,2398,0.3066,126.0000,9.2310,973.2555,30.3200,25.2000,0.6949,8.5790
1553,2026-08-12 20:17:27,2397,0.3065,126.0000,9.2020,969.3478,30.3000,25.2000,0.6957,8.5730
1554,2026-08-12 20:17:29,2388,0.3054,126.0000,9.1680,965.0660,30.3000,25.1400,0.6965,8.5670
1555,2026-08-12 20:17:31,2382,0.3046,126.0000,9.1520,961.1186,30.3000,25.0800,0.6972,8.5609
1556,2026-08-12 20:17:33,2372,0.3033,125.0000,9.1290,958.6732,30.3000,25.0200,0.6980,8.5547
1557,2026-08-12 20:17:35,2373,0.3035,125.0000,9.0970,953.1421,30.3000,24.9600,0.6988,8.5485
1558,2026-08-12 20:17:37,2363,0.3022,125.0000,9.0660,949.3517,30.3000,24.9000,0.6996,8.5423
1559,2026-08-12 20:17:39,2360,0.3018,125.0000,9.0370,946.8036,30.2800,24.9600,0.7004,8.5361
1560,2026-08-12 20:17:41,2345,0.2999,125.0000,9.1070,943.4028,30.2600,25.0200,0.7011,8.5299
1561,2026-08-12 20:17:43,2338,0.2990,125.0000,9.0860,939.3281,30.2400,25.0800,0.7019,8.5237
1562,2026-08-12 20:17:45,2338,0.2990,125.0000,9.0540,935.6272,30.2200,25.1400,0.7027,8.5175
1563,2026-08-12 20:17:47,2336,0.2987,125.0000,9.0310,933.4143,30.2000,25.2000,0.7035,8.5113
1564,2026-08-12 20:17:49,2330,0.2980,125.0000,9.0140,932.0562,30.2000,25.2000,0.7043,8.5051
1565,2026-08-12 20:17:51,2313,0.2958,125.0000,8.9720,928.7406,30.2000,25.2000,0.7050,8.4989
1566,2026-08-12 20:17:53,2315,0.2960,124.0000,8.9500,921.5038,30.2000,25.2000,0.7058,8.4927
1567,2026-08-12 20:17:55,2314,0.2959,124.0000,8.9310,917.8276,30.2000,25.2000,0.7066,8.4865
1568,2026-08-12 20:17:57,2300,0.2941,124.0000,8.9060,916.1571,30.2000,25.2000,0.7074,8.4803
1569,2026-08-12 20:17:59,2299,0.2940,124.0000,8.8770,914.1996,30.1800,25.1800,0.7082,8.4741
1570,2026-08-12 20:18:01,2297,0.2937,124.0000,8.8540,907.2301,30.1600,25.1600,0.7090,8.4679
1571,2026-08-12 20:18:03,2283,0.2919,125.0000,8.8210,905.2668,30.1400,25.1400,0.7097,8.4617
1572,2026-08-12 20:18:05,2289,0.2927,125.0000,8.8000,902.8368,30.1200,25.1200,0.7105,8.4555
1573,2026-08-12 20:18:07,2275,0.2909,124.0000,8.7700,899.7935,30.1000,25.1000,0.7113,8.4493
1574,2026-08-12 20:18:09,2267,0.2899,123.0000,8.7440,896.1154,30.1000,25.1600,0.7121,8.4431
1575,2026-08-12 20:18:11,2258,0.2887,123.0000,8.7220,893.8512,30.1000,25.2200,0.7129,8.4369
1576,2026-08-12 20:18:13,2248,0.2875,123.0000,8.6960,889.6215,30.1000,25.2800,0.7136,8.4307
1577,2026-08-12 20:18:15,2242,0.2867,122.0000,8.6710,886.6920,30.1000,25.3400,0.7144,8.4245
1578,2026-08-12 20:18:17,2243,0.2868,123.0000,8.6480,882.6096,30.1000,25.4000,0.7152,8.4183
1579,2026-08-12 20:18:19,2228,0.2849,122.0000,8.6140,880.3219,30.0800,25.4200,0.7160,8.4121
1580,2026-08-12 20:18:21,2219,0.2838,122.0000,8.5990,875.1237,30.0600,25.4400,0.7168,8.4059
1581,2026-08-12 20:18:23,2216,0.2834,122.0000,8.5700,869.9975,30.0400,25.4600,0.7176,8.3997
1582,2026-08-12 20:18:25,2221,0.2840,122.0000,8.5500,867.7881,30.0200,25.4800,0.7183,8.3935
1583,2026-08-12 20:18:27,2205,0.2820,121.0000,8.5170,866.5130,30.0000,25.5000,0.7191,8.3873
1584,2026-08-12 20:18:29,2206,0.2821,120.0000,8.5010,863.5615,30.0000,25.4800,0.7199,8.3811
1585,2026-08-12 20:18:31,2187,0.2797,121.0000,8.4420,859.9978,30.0000,25.4600,0.7207,8.3749
1586,2026-08-12 20:18:33,2186,0.2795,121.0000,8.4280,855.3014,30.0000,25.4400,0.7215,8.3687
1587,2026-08-12 20:18:35,2188,0.2798,120.0000,8.4120,851.3636,30.0000,25.4200,0.7223,8.3625
1588,2026-08-12 20:18:37,2178,0.2785,120.0000,8.3770,848.8426,30.0000,25.4000,0.7230,8.3563
1589,2026-08-12 20:18:39,2167,0.2771,120.0000,8.3680,844.9534,30.0000,25.4000,0.7238,8.3501
1590,2026-08-12 20:18:41,2162,0.2765,120.0000,8.4080,841.5175,30.0000,25.4000,0.7246,8.3440
1591,2026-08-12 20:18:43,2163,0.2766,121.0000,8.3880,838.3126,30.0000,25.4000,0.7254,8.3380
1592,2026-08-12 20:18:45,2154,0.2754,120.0000,8.3630,834.9237,30.0000,25.4000,0.7262,8.3320
1593,2026-08-12 20:18:47,2151,0.2751,121.0000,8.3460,830.9516,30.0000,25.4000,0.7270,8.3260
1594,2026-08-12 20:18:49,2147,0.2746,118.0000,8.3090,826.1649,29.9800,25.4200,0.7278,8.3200
1595,2026-08-12 20:18:51,2138,0.2734,119.0000,8.2950,823.4275,29.9600,25.4400,0.7285,8.3139
1596,2026-08-12 20:18:53,2126,0.2719,118.0000,8.2480,822.2777,29.9400,25.4600,0.7293,8.3077
1597,2026-08-12 20:18:55,2133,0.2728,117.0000,8.2390,818.9952,29.9200,25.4800,0.7301,8.3015
1598,2026-08-12 20:18:57,2129,0.2723,118.0000,8.2300,817.1030,29.9000,25.5000,0.7309,8.2953
1599,2026-08-12 20:18:59,2122,0.2714,117.0000,8.1900,813.5806,29.9000,25.5200,0.7317,8.2891
1600,2026-08-12 20:19:01,2106,0.2693,117.0000,8.1600,808.4946,29.9000,25.5400,0.7325,8.2829
1601,2026-08-12 20:19:03,2103,0.2689,117.0000,8.1290,806.0256,29.9000,25.5600,0.7333,8.2767
1602,2026-08-12 20:19:05,2102,0.2688,117.0000,8.1090,802.0505,29.9000,25.5800,0.7340,8.2705
1603,2026-08-12 20:19:07,2101,0.2687,117.0000,8.0950,798.7129,29.9000,25.6000,0.7348,8.2643
1604,2026-08-12 20:19:09,2085,0.2666,117.0000,8.0680,794.1237,29.8800,25.6200,0.7356,8.2581
1605,2026-08-12 20:19:11,2082,0.2662,116.0000,8.0420,792.0531,29.8600,25.6400,0.7364,8.2519
1606,2026-08-12 20:19:13,2084,0.2665,116.0000,8.0160,789.9841,29.8400,25.6600,0.7372,8.2457
1607,2026-08-12 20:19:15,2067,0.2643,116.0000,7.9910,786.0171,29.8200,25.6800,0.7380,8.2395
1608,2026-08-12 20:19:17,2063,0.2638,116.0000,7.9630,782.2930,29.8000,25.7000,0.7388,8.2333
1609,2026-08-12 20:19:19,2059,0.2633,117.0000,7.9480,778.6434,29.7800,25.7000,0.7395,8.2271
1610,2026-08-12 20:19:21,2046,0.2616,116.0000,7.9190,777.5634,29.7600,25.7000,0.7403,8.2209
1611,2026-08-12 20:19:23,2052,0.2624,116.0000,7.9100,774.5853,29.7400,25.7000,0.7411,8.2147
1612,2026-08-12 20:19:25,2040,0.2609,116.0000,7.8880,770.6857,29.7200,25.7000,0.7419,8.2085
1613,2026-08-12 20:19:27,2028,0.2593,115.0000,7.8550,765.6305,29.7000,25.7000,0.7427,8.2023
1614,2026-08-12 20:19:29,2023,0.2587,116.0000,7.8280,763.2623,29.7000,25.7200,0.7435,8.1961
1615,2026-08-12 20:19:31,2007,0.2566,116.0000,7.7920,760.1808,29.7000,25.7400,0.7443,8.1899
1616,2026-08-12 20:19:33,2005,0.2564,116.0000,7.7840,757.9664,29.7000,25.7600,0.7451,8.1837
1617,2026-08-12 20:19:35,2003,0.2561,115.0000,7.7500,755.7528,29.7000,25.7800,0.7459,8.1775
1618,2026-08-12 20:19:37,1995,0.2551,115.0000,7.7180,753.3301,29.7000,25.8000,0.7466,8.1713
1619,2026-08-12 20:19:39,1994,0.2550,115.0000,7.7200,749.0182,29.7000,25.8200,0.7474,8.1651
1620,2026-08-12 20:19:41,1988,0.2542,114.0000,7.7740,747.4063,29.7000,25.8400,0.7482,8.1589
1621,2026-08-12 20:19:43,1985,0.2538,115.0000,7.7610,742.8371,29.7000,25.8600,0.7490,8.1527
1622,2026-08-12 20:19:45,1981,0.2533,115.0000,7.7480,739.0297,29.7000,25.8800,0.7498,8.1465
1623,2026-08-12 20:19:47,1979,0.2531,115.0000,7.7270,737.3326,29.7000,25.9000,0.7506,8.1403
1624,2026-08-12 20:19:49,1981,0.2533,114.0000,7.7010,732.3538,29.6800,25.9000,0.7514,8.1341
1625,2026-08-12 20:19:51,1966,0.2514,114.0000,7.6900,729.8733,29.6600,25.9000,0.7522,8.1280
1626,2026-08-12 20:19:53,1969,0.2518,113.0000,7.6710,727.9355,29.6400,25.9000,0.7529,8.1220
1627,2026-08-12 20:19:55,1953,0.2497,114.0000,7.6400,724.4073,29.6200,25.9000,0.7537,8.1160
1628,2026-08-12 20:19:57,1948,0.2491,113.0000,7.6140,721.0373,29.6000,25.9000,0.7545,8.1100
1629,2026-08-12 20:19:59,1938,0.2478,113.0000,7.5960,719.4980,29.5800,25.9400,0.7553,8.1040
1630,2026-08-12 20:20:01,1936,0.2476,113.0000,7.5720,717.0614,29.5600,25.9800,0.7561,8.0979
1631,2026-08-12 20:20:03,1921,0.2457,113.0000,7.5440,713.2594,29.5400,26.0200,0.7569,8.0917
1632,2026-08-12 20:20:05,1914,0.2448,113.0000,7.5180,708.9645,29.5200,26.0600,0.7577,8.0855
1633,2026-08-12 20:20:07,1910,0.2442,113.0000,7.5040,705.6481,29.5000,26.1000,0.7585,8.0793
1634,2026-08-12 20:20:09,1906,0.2437,113.0000,7.4820,703.7030,29.5000,26.1000,0.7593,8.0731
1635,2026-08-12 20:20:11,1906,0.2437,112.0000,7.4590,701.8878,29.5000,26.1000,0.7601,8.0669
1636,2026-08-12 20:20:13,1887,0.2413,112.0000,7.4300,699.2356,29.5000,26.1000,0.7608,8.0607
1637,2026-08-12 20:20:15,1896,0.2425,113.0000,7.4100,693.1826,29.5000,26.1000,0.7616,8.0545
1638,2026-08-12 20:20:17,1887,0.2413,112.0000,7.3710,691.3967,29.5000,26.1000,0.7624,8.0483
1639,2026-08-12 20:20:19,1868,0.2389,113.0000,7.3540,689.9418,29.5000,26.1200,0.7632,8.0421
1640,2026-08-12 20:20:21,1865,0.2385,112.0000,7.3330,685.7086,29.5000,26.1400,0.7640,8.0359
1641,2026-08-12 20:20:23,1859,0.2377,112.0000,7.2990,681.1132,29.5000,26.1600,0.7648,8.0297
1642,2026-08-12 20:20:25,1845,0.2359,112.0000,7.2700,680.0266,29.5000,26.1800,0.7656,8.0235
1643,2026-08-12 20:20:27,1847,0.2362,112.0000,7.2470,676.2034,29.5000,26.2000,0.7664,8.0173
1644,2026-08-12 20:20:29,1836,0.2348,112.0000,7.2310,672.8138,29.4800,26.2000,0.7672,8.0111
1645,2026-08-12 20:20:31,1823,0.2331,112.0000,7.2070,669.7651,29.4600,26.2000,0.7680,8.0049
1646,2026-08-12 20:20:33,1830,0.2340,111.0000,7.1780,668.4849,29.4400,26.2000,0.7688,7.9987
1647,2026-08-12 20:20:35,1821,0.2329,111.0000,7.1640,667.0659,29.4200,26.2000,0.7695,7.9925
1648,2026-08-12 20:20:37,1814,0.2320,111.0000,7.1520,661.2308,29.4000,26.2000,0.7703,7.9863
1649,2026-08-12 20:20:39,1808,0.2312,111.0000,7.1270,658.6777,29.4000,26.2200,0.7711,7.9801
1650,2026-08-12 20:20:41,1799,0.2301,111.0000,7.1700,653.9130,29.4000,26.2400,0.7719,7.9739
1651,2026-08-12 20:20:43,1786,0.2284,112.0000,7.1520,652.2151,29.4000,26.2600,0.7727,7.9677
1652,2026-08-12 20:20:45,1793,0.2293,111.0000,7.1250,650.2607,29.4000,26.2800,0.7735,7.9615
1653,2026-08-12 20:20:47,1777,0.2272,111.0000,7.1040,646.2195,29.4000,26.3000,0.7743,7.9553
1654,2026-08-12 20:20:49,1779,0.2275,111.0000,7.0990,642.5429,29.3800,26.3000,0.7751,7.9491
1655,2026-08-12 20:20:51,1770,0.2263,110.0000,7.0640,639.5201,29.3600,26.3000,0.7759,7.9430
1656,2026-08-12 20:20:53,1765,0.2257,111.0000,7.0480,636.0108,29.3400,26.3000,0.7767,7.9370
1657,2026-08-12 20:20:55,1758,0.2248,111.0000,7.0320,634.2755,29.3200,26.3000,0.7775,7.9310
1658,2026-08-12 20:20:57,1762,0.2253,110.0000,6.9990,631.5007,29.3000,26.3000,0.7783,7.9250
1659,2026-08-12 20:20:59,1759,0.2249,110.0000,6.9830,626.9709,29.3000,26.3000,0.7791,7.9190
1660,2026-08-12 20:21:01,1739,0.2224,110.0000,6.9570,625.9276,29.3000,26.3000,0.7798,7.9129
1661,2026-08-12 20:21:03,1746,0.2233,110.0000,6.9520,622.6913,29.3000,26.3000,0.7806,7.9067
1662,2026-08-12 20:21:05,1730,0.2212,110.0000,6.9190,619.9810,29.3000,26.3000,0.7814,7.9005
1663,2026-08-12 20:21:07,1721,0.2201,110.0000,6.9010,617.8738,29.3000,26.3000,0.7822,7.8943
1664,2026-08-12 20:21:09,1718,0.2197,110.0000,6.8820,615.0550,29.2800,26.3200,0.7830,7.8881
1665,2026-08-12 20:21:11,1700,0.2174,110.0000,6.8440,612.5186,29.2600,26.3400,0.7838,7.8819
1666,2026-08-12 20:21:13,1704,0.2179,110.0000,6.8440,609.6006,29.2400,26.3600,0.7846,7.8757
1667,2026-08-12 20:21:15,1693,0.2165,110.0000,6.8050,606.9720,29.2200,26.3800,0.7854,7.8695
1668,2026-08-12 20:21:17,1676,0.2143,110.0000,6.7840,603.7297,29.2000,26.4000,0.7862,7.8633
1669,2026-08-12 20:21:19,1677,0.2145,110.0000,6.7660,600.3311,29.2000,26.4000,0.7870,7.8571
1670,2026-08-12 20:21:21,1671,0.2137,110.0000,6.7440,598.2841,29.2000,26.4000,0.7878,7.8509
1671,2026-08-12 20:21:23,1674,0.2141,110.0000,6.7230,597.0904,29.2000,26.4000,0.7886,7.8447
1672,2026-08-12 20:21:25,1659,0.2121,110.0000,6.7110,594.0956,29.2000,26.4000,0.7894,7.8385
1673,2026-08-12 20:21:27,1663,0.2127,110.0000,6.6890,589.8979,29.2000,26.4000,0.7902,7.8323
1674,2026-08-12 20:21:29,1652,0.2113,110.0000,6.6670,587.6434,29.1800,26.4400,0.7910,7.8261
1675,2026-08-12 20:21:31,1644,0.2102,110.0000,6.6420,585.0152,29.1600,26.4800,0.7918,7.8199
1676,2026-08-12 20:21:33,1642,0.2100,110.0000,6.6200,580.2551,29.1400,26.5200,0.7926,7.8137
1677,2026-08-12 20:21:35,1628,0.2082,110.0000,6.5990,578.9857,29.1200,26.5600,0.7933,7.8075
1678,2026-08-12 20:21:37,1632,0.2087,110.0000,6.6010,575.4178,29.1000,26.6000,0.7941,7.8013
1679,2026-08-12 20:21:39,1622,0.2074,110.0000,6.5720,570.7075,29.1000,26.6000,0.7949,7.7951
1680,2026-08-12 20:21:41,1613,0.2063,109.0000,6.5870,569.3251,29.1000,26.6000,0.7957,7.7890
1681,2026-08-12 20:21:43,1606,0.2054,109.0000,6.5650,566.7566,29.1000,26.6000,0.7965,7.7830
1682,2026-08-12 20:21:45,1601,0.2047,109.0000,6.5420,563.1313,29.1000,26.6000,0.7973,7.7770
1683,2026-08-12 20:21:47,1601,0.2047,109.0000,6.5340,562.4255,29.1000,26.6000,0.7981,7.7710
1684,2026-08-12 20:21:49,1587,0.2029,110.0000,6.4870,558.5251,29.1000,26.6000,0.7989,7.7650
1685,2026-08-12 20:21:51,1583,0.2024,110.0000,6.4790,557.1678,29.1000,26.6000,0.7997,7.7589
1686,2026-08-12 20:21:53,1575,0.2014,109.0000,6.4550,553.0738,29.1000,26.6000,0.8005,7.7527
1687,2026-08-12 20:21:55,1570,0.2008,109.0000,6.4490,550.3518,29.1000,26.6000,0.8013,7.7465
1688,2026-08-12 20:21:57,1560,0.1995,109.0000,6.4240,548.2308,29.1000,26.6000,0.8021,7.7403
1689,2026-08-12 20:21:59,1559,0.1994,109.0000,6.3920,543.3708,29.0800,26.6200,0.8029,7.7341
1690,2026-08-12 20:22:01,1546,0.1977,109.0000,6.3760,540.5504,29.0600,26.6400,0.8037,7.7279
1691,2026-08-12 20:22:03,1549,0.1981,109.0000,6.3540,538.8606,29.0400,26.6600,0.8045,7.7217
1692,2026-08-12 20:22:05,1538,0.1967,109.0000,6.3340,536.4483,29.0200,26.6800,0.8053,7.7155
1693,2026-08-12 20:22:07,1535,0.1963,109.0000,6.3210,534.3983,29.0000,26.7000,0.8061,7.7093
1694,2026-08-12 20:22:09,1538,0.1967,108.0000,6.2990,530.6888,29.0000,26.6800,0.8069,7.7031
1695,2026-08-12 20:22:11,1532,0.1959,108.0000,6.2700,527.3196,29.0000,26.6600,0.8077,7.6969
1696,2026-08-12 20:22:13,1557,0.1991,103.0000,6.2740,524.6937,29.0000,26.6400,0.8085,7.6907
1697,2026-08-12 20:22:15,1502,0.1921,109.0000,6.2260,522.9379,29.0000,26.6200,0.8093,7.6845
1698,2026-08-12 20:22:17,1502,0.1921,109.0000,6.2190,520.4875,29.0000,26.6000,0.8101,7.6783
1699,2026-08-12 20:22:19,1495,0.1912,108.0000,6.1960,516.0406,28.9800,26.6800,0.8109,7.6721
1700,2026-08-12 20:22:21,1489,0.1904,108.0000,6.1760,513.4748,28.9600,26.7600,0.8117,7.6659
1701,2026-08-12 20:22:23,1474,0.1885,108.0000,6.1560,510.0235,28.9400,26.8400,0.8125,7.6597
1702,2026-08-12 20:22:25,1473,0.1884,108.0000,6.1220,507.9252,28.9200,26.9200,0.8133,7.6535
1703,2026-08-12 20:22:27,1466,0.1875,109.0000,6.1070,505.9515,28.9000,27.0000,0.8141,7.6473
1704,2026-08-12 20:22:29,1453,0.1858,109.0000,6.0840,500.9777,28.9000,27.0000,0.8149,7.6411
1705,2026-08-12 20:22:31,1459,0.1866,108.0000,6.0700,498.4671,28.9000,27.0000,0.8156,7.6350
1706,2026-08-12 20:22:33,1453,0.1858,108.0000,6.0520,497.1456,28.9000,27.0000,0.8164,7.6290
1707,2026-08-12 20:22:35,1446,0.1849,108.0000,6.0290,494.8579,28.9000,27.0000,0.8172,7.6230
1708,2026-08-12 20:22:37,1436,0.1836,109.0000,6.0010,491.6885,28.9000,27.0000,0.8180,7.6170
1709,2026-08-12 20:22:39,1435,0.1835,192.0000,8.3450,487.9672,28.9000,27.0000,0.8188,7.6110
1710,2026-08-12 20:22:41,1420,0.1816,191.0000,8.2630,485.2355,28.9000,27.0000,0.8196,7.6049
1711,2026-08-12 20:22:43,1417,0.1812,190.0000,8.2370,481.8740,28.9000,27.0000,0.8204,7.5987
1712,2026-08-12 20:22:45,1410,0.1803,191.0000,8.2020,479.3029,28.9000,27.0000,0.8212,7.5925
1713,2026-08-12 20:22:47,1407,0.1799,190.0000,8.1700,476.2075,28.9000,27.0000,0.8220,7.5863
1714,2026-08-12 20:22:49,1398,0.1788,190.0000,8.1320,472.3820,28.8800,27.0000,0.8228,7.5801
1715,2026-08-12 20:22:51,1388,0.1775,189.0000,8.0890,468.8558,28.8600,27.0000,0.8236,7.5739
1716,2026-08-12 20:22:53,1376,0.1760,189.0000,8.0430,467.2211,28.8400,27.0000,0.8244,7.5677
1717,2026-08-12 20:22:55,1374,0.1757,189.0000,7.9920,463.0882,28.8200,27.0000,0.8252,7.5615
1718,2026-08-12 20:22:57,1374,0.1757,188.0000,7.9540,459.5917,28.8000,27.0000,0.8260,7.5553
1719,2026-08-12 20:22:59,1363,0.1743,188.0000,7.9070,456.4366,28.8000,26.9800,0.8268,7.5491
1720,2026-08-12 20:23:01,1360,0.1739,188.0000,7.8750,453.9039,28.8000,26.9600,0.8276,7.5429
1721,2026-08-12 20:23:03,1352,0.1729,187.0000,7.8390,451.9206,28.8000,26.9400,0.8284,7.5367
1722,2026-08-12 20:23:05,1347,0.1723,187.0000,7.7810,448.6374,28.8000,26.9200,0.8292,7.5305
1723,2026-08-12 20:23:07,1336,0.1708,187.0000,7.7370,445.2940,28.8000,26.9000,0.8300,7.5243
1724,2026-08-12 20:23:09,1335,0.1707,187.0000,7.7240,441.8419,28.8000,26.9400,0.8308,7.5181
1725,2026-08-12 20:23:11,1329,0.1699,186.0000,7.6700,439.8088,28.8000,26.9800,0.8316,7.5120
1726,2026-08-12 20:23:13,1329,0.1699,187.0000,7.6330,437.1242,28.8000,27.0200,0.8324,7.5060
1727,2026-08-12 20:23:15,1315,0.1682,187.0000,7.5780,433.1390,28.8000,27.0600,0.8332,7.5000
1728,2026-08-12 20:23:17,1313,0.1679,185.0000,7.5360,429.0528,28.8000,27.1000,0.8340,7.4940
1729,2026-08-12 20:23:19,1302,0.1665,184.0000,7.5090,426.6698,28.7800,27.1000,0.8348,7.4880
1730,2026-08-12 20:23:21,1299,0.1661,184.0000,7.4790,423.8591,28.7600,27.1000,0.8356,7.4819
1731,2026-08-12 20:23:23,1297,0.1659,183.0000,7.4370,421.6285,28.7400,27.1000,0.8364,7.4757
1732,2026-08-12 20:23:25,1289,0.1648,183.0000,7.4120,419.9858,28.7200,27.1000,0.8372,7.4695
1733,2026-08-12 20:23:27,1283,0.1641,182.0000,7.3800,415.1215,28.7000,27.1000,0.8380,7.4633
1734,2026-08-12 20:23:29,1281,0.1638,182.0000,7.3200,409.9437,28.7000,27.1200,0.8388,7.4571
1735,2026-08-12 20:23:31,1273,0.1628,182.0000,7.2970,409.2004,28.7000,27.1400,0.8396,7.4509
1736,2026-08-12 20:23:33,1263,0.1615,181.0000,7.2400,406.3303,28.7000,27.1600,0.8404,7.4447
1737,2026-08-12 20:23:35,1259,0.1610,181.0000,7.2170,403.3580,28.7000,27.1800,0.8412,7.4385
1738,2026-08-12 20:23:37,1256,0.1606,181.0000,7.1730,401.3426,28.7000,27.2000,0.8420,7.4323
1739,2026-08-12 20:23:39,1247,0.1595,180.0000,7.1280,398.8671,28.7000,27.2600,0.8428,7.4261
1740,2026-08-12 20:23:41,1246,0.1593,180.0000,7.2110,394.9896,28.7000,27.3200,0.8436,7.4199
1741,2026-08-12 20:23:43,1238,0.1583,180.0000,7.1530,391.4518,28.7000,27.3800,0.8444,7.4137
1742,2026-08-12 20:23:45,1235,0.1579,179.0000,7.1280,389.0268,28.7000,27.4400,0.8452,7.4075
1743,2026-08-12 20:23:47,1215,0.1554,180.0000,7.0730,385.3598,28.7000,27.5000,0.8460,7.4013
1744,2026-08-12 20:23:49,1214,0.1552,179.0000,7.0420,381.5594,28.6800,27.4600,0.8468,7.3951
1745,2026-08-12 20:23:51,1217,0.1556,178.0000,7.0050,378.8482,28.6600,27.4200,0.8476,7.3889
1746,2026-08-12 20:23:53,1215,0.1554,179.0000,6.9710,375.7293,28.6400,27.3800,0.8484,7.3827
1747,2026-08-12 20:23:55,1201,0.1536,178.0000,6.9250,372.3242,28.6200,27.3400,0.8492,7.3765
1748,2026-08-12 20:23:57,1197,0.1531,177.0000,6.8790,369.6177,28.6000,27.3000,0.8500,7.3703
1749,2026-08-12 20:23:59,1191,0.1523,176.0000,6.8580,368.2426,28.6000,27.2600,0.8508,7.3641
1750,2026-08-12 20:24:01,1186,0.1517,177.0000,6.8200,363.8551,28.6000,27.2200,0.8516,7.3580
1751,2026-08-12 20:24:03,1173,0.1500,175.0000,6.7520,362.0885,28.6000,27.1800,0.8524,7.3520
1752,2026-08-12 20:24:05,1166,0.1491,176.0000,6.7340,359.4676,28.6000,27.1400,0.8532,7.3460
1753,2026-08-12 20:24:07,1156,0.1478,175.0000,6.6910,356.3495,28.6000,27.1000,0.8540,7.3400
1754,2026-08-12 20:24:09,1158,0.1481,175.0000,6.6490,353.5438,28.6000,27.1000,0.8548,7.3340
1755,2026-08-12 20:24:11,1155,0.1477,174.0000,6.6060,349.7198,28.6000,27.1000,0.8556,7.3279
1756,2026-08-12 20:24:13,1142,0.1460,173.0000,6.5600,348.3228,28.6000,27.1000,0.8564,7.3217
1757,2026-08-12 20:24:15,1138,0.1455,174.0000,6.5380,345.8827,28.6000,27.1000,0.8572,7.3155
1758,2026-08-12 20:24:17,1122,0.1435,173.0000,6.4770,343.0747,28.6000,27.1000,0.8580,7.3093
1759,2026-08-12 20:24:19,1122,0.1435,171.0000,6.4640,339.3696,28.5800,27.1200,0.8588,7.3031
1760,2026-08-12 20:24:21,1117,0.1428,171.0000,6.4220,337.8090,28.5600,27.1400,0.8596,7.2969
1761,2026-08-12 20:24:23,1119,0.1431,171.0000,6.3940,334.9925,28.5400,27.1600,0.8604,7.2907
1762,2026-08-12 20:24:25,1103,0.1410,171.0000,6.3420,331.3664,28.5200,27.1800,0.8612,7.2845
1763,2026-08-12 20:24:27,1100,0.1407,170.0000,6.3120,329.0428,28.5000,27.2000,0.8620,7.2783
1764,2026-08-12 20:24:29,1091,0.1395,170.0000,6.2630,326.2804,28.5000,27.2000,0.8628,7.2721
1765,2026-08-12 20:24:31,1092,0.1396,168.0000,6.2410,323.3030,28.5000,27.2000,0.8636,7.2659
1766,2026-08-12 20:24:33,1082,0.1384,169.0000,6.2250,318.6471,28.5000,27.2000,0.8644,7.2597
1767,2026-08-12 20:24:35,1077,0.1377,168.0000,6.1750,317.4533,28.5000,27.2000,0.8652,7.2535
1768,2026-08-12 20:24:37,1069,0.1367,167.0000,6.1200,314.5809,28.5000,27.2000,0.8660,7.2473
1769,2026-08-12 20:24:39,1063,0.1359,168.0000,6.1000,311.4458,28.5000,27.2000,0.8668,7.2411
1770,2026-08-12 20:24:41,1056,0.1350,167.0000,6.1850,310.0445,28.5000,27.2000,0.8676,7.2350
1771,2026-08-12 20:24:43,1055,0.1349,167.0000,6.1740,307.3290,28.5000,27.2000,0.8684,7.2290
1772,2026-08-12 20:24:45,1043,0.1334,167.0000,6.1130,304.5191,28.5000,27.2000,0.8692,7.2230
1773,2026-08-12 20:24:47,1042,0.1332,168.0000,6.0850,300.7727,28.5000,27.2000,0.8700,7.2170
1774,2026-08-12 20:24:49,1035,0.1324,167.0000,6.0450,298.1116,28.5000,27.2400,0.8708,7.2110
1775,2026-08-12 20:24:51,1032,0.1320,167.0000,6.0170,296.4315,28.5000,27.2800,0.8716,7.2049
1776,2026-08-12 20:24:53,1018,0.1302,167.0000,5.9720,295.5378,28.5000,27.3200,0.8724,7.1987
1777,2026-08-12 20:24:55,1018,0.1302,165.0000,5.9310,291.9676,28.5000,27.3600,0.8732,7.1925
1778,2026-08-12 20:24:57,1006,0.1286,165.0000,5.8970,289.3741,28.5000,27.4000,0.8740,7.1863
1779,2026-08-12 20:24:59,1008,0.1289,164.0000,5.8530,286.3227,28.5000,27.4400,0.8748,7.1801
1780,2026-08-12 20:25:01,1002,0.1281,164.0000,5.8250,284.2969,28.5000,27.4800,0.8756,7.1739
1781,2026-08-12 20:25:03,993,0.1270,164.0000,5.7860,282.2403,28.5000,27.5200,0.8764,7.1677
1782,2026-08-12 20:25:05,984,0.1258,163.0000,5.7570,279.3547,28.5000,27.5600,0.8772,7.1615
1783,2026-08-12 20:25:07,977,0.1249,163.0000,5.7280,277.7633,28.5000,27.6000,0.8780,7.1553
1784,2026-08-12 20:25:09,966,0.1235,163.0000,5.6860,275.1315,28.5000,27.6000,0.8788,7.1491
1785,2026-08-12 20:25:11,955,0.1221,162.0000,5.6480,271.9729,28.5000,27.6000,0.8797,7.1429
1786,2026-08-12 20:25:13,960,0.1228,162.0000,5.6160,270.7205,28.5000,27.6000,0.8805,7.1367
1787,2026-08-12 20:25:15,953,0.1219,162.0000,5.5780,268.4132,28.5000,27.6000,0.8813,7.1305
1788,2026-08-12 20:25:17,946,0.1210,161.0000,5.5520,265.1593,28.5000,27.6000,0.8821,7.1243
1789,2026-08-12 20:25:19,940,0.1202,161.0000,5.5040,262.9515,28.4800,27.5600,0.8829,7.1181
1790,2026-08-12 20:25:21,940,0.1202,161.0000,5.4920,261.0013,28.4600,27.5200,0.8837,7.1120
1791,2026-08-12 20:25:23,929,0.1188,161.0000,5.4640,257.5742,28.4400,27.4800,0.8845,7.1060
1792,2026-08-12 20:25:25,921,0.1178,160.0000,5.4220,253.6087,28.4200,27.4400,0.8853,7.1000
1793,2026-08-12 20:25:27,911,0.1165,160.0000,5.3940,250.7868,28.4000,27.4000,0.8861,7.0940
1794,2026-08-12 20:25:29,915,0.1170,159.0000,5.3670,249.4206,28.4000,27.3800,0.8869,7.0880
1795,2026-08-12 20:25:31,913,0.1168,157.0000,5.3200,247.6590,28.4000,27.3600,0.8877,7.0819
1796,2026-08-12 20:25:33,904,0.1156,158.0000,5.2900,245.1403,28.4000,27.3400,0.8885,7.0757
1797,2026-08-12 20:25:35,897,0.1147,157.0000,5.2600,242.3111,28.4000,27.3200,0.8893,7.0695
1798,2026-08-12 20:25:37,886,0.1133,158.0000,5.2290,239.7704,28.4000,27.3000,0.8901,7.0633
1799,2026-08-12 20:25:39,877,0.1121,158.0000,5.2000,237.6698,28.3800,27.3000,0.8909,7.0571
1800,2026-08-12 20:25:41,870,0.1113,157.0000,5.2500,235.5303,28.3600,27.3000,0.8917,7.0509
1801,2026-08-12 20:25:43,873,0.1116,156.0000,5.2340,234.5340,28.3400,27.3000,0.8925,7.0447
1802,2026-08-12 20:25:45,854,0.1092,154.0000,5.1770,232.0299,28.3200,27.3000,0.8933,7.0385
1803,2026-08-12 20:25:47,859,0.1098,154.0000,5.1540,229.8302,28.3000,27.3000,0.8941,7.0323
1804,2026-08-12 20:25:49,844,0.1079,153.0000,5.1240,227.5888,28.3000,27.3800,0.8949,7.0261
1805,2026-08-12 20:25:51,838,0.1072,153.0000,5.0890,224.9277,28.3000,27.4600,0.8957,7.0200
1806,2026-08-12 20:25:53,832,0.1064,152.0000,5.0560,222.3311,28.3000,27.5400,0.8965,7.0140
1807,2026-08-12 20:25:55,832,0.1064,151.0000,5.0330,220.3956,28.3000,27.6200,0.8973,7.0080
1808,2026-08-12 20:25:57,832,0.1064,151.0000,4.9990,219.1578,28.3000,27.7000,0.8981,7.0020
1809,2026-08-12 20:25:59,817,0.1045,150.0000,4.9770,217.0090,28.3000,27.6600,0.8989,6.9960
1810,2026-08-12 20:26:01,816,0.1043,151.0000,4.9540,213.9376,28.3000,27.6200,0.8997,6.9899
1811,2026-08-12 20:26:03,812,0.1038,151.0000,4.9260,211.5172,28.3000,27.5800,0.9005,6.9837
1812,2026-08-12 20:26:05,803,0.1027,151.0000,4.9010,209.7395,28.3000,27.5400,0.9013,6.9775
1813,2026-08-12 20:26:07,798,0.1020,151.0000,4.8660,208.0439,28.3000,27.5000,0.9021,6.9713
1814,2026-08-12 20:26:09,797,0.1019,151.0000,4.8470,205.8634,28.2800,27.5600,0.9029,6.9651
1815,2026-08-12 20:26:11,783,0.1001,150.0000,4.8020,204.3233,28.2600,27.6200,0.9037,6.9589
1816,2026-08-12 20:26:13,777,0.0994,150.0000,4.7740,201.8655,28.2400,27.6800,0.9045,6.9527
1817,2026-08-12 20:26:15,766,0.0980,149.0000,4.7500,199.4779,28.2200,27.7400,0.9053,6.9465
1818,2026-08-12 20:26:17,763,0.0976,150.0000,4.7160,198.6386,28.2000,27.8000,0.9061,6.9403
1819,2026-08-12 20:26:19,756,0.0967,149.0000,4.6950,196.1778,28.2000,27.7800,0.9069,6.9341
1820,2026-08-12 20:26:21,750,0.0959,149.0000,4.6630,195.1059,28.2000,27.7600,0.9077,6.9279
1821,2026-08-12 20:26:23,748,0.0957,147.0000,4.6310,192.5644,28.2000,27.7400,0.9085,6.9217
1822,2026-08-12 20:26:25,734,0.0939,147.0000,4.6020,189.6245,28.2000,27.7200,0.9093,6.9155
1823,2026-08-12 20:26:27,733,0.0937,147.0000,4.5700,188.8203,28.2000,27.7000,0.9101,6.9093
1824,2026-08-12 20:26:29,726,0.0928,147.0000,4.5480,186.4967,28.1800,27.7200,0.9109,6.9031
1825,2026-08-12 20:26:31,722,0.0923,148.0000,4.5160,183.8627,28.1600,27.7400,0.9117,6.8970
1826,2026-08-12 20:26:33,715,0.0914,147.0000,4.4920,183.2251,28.1400,27.7600,0.9125,6.8910
1827,2026-08-12 20:26:35,706,0.0903,147.0000,4.4670,182.5501,28.1200,27.7800,0.9133,6.8850
1828,2026-08-12 20:26:37,708,0.0905,146.0000,4.4380,178.2008,28.1000,27.8000,0.9141,6.8790
1829,2026-08-12 20:26:39,704,0.0900,145.0000,4.4100,177.1069,28.1000,27.8200,0.9149,6.8730
1830,2026-08-12 20:26:41,692,0.0885,147.0000,4.4050,175.9659,28.1000,27.8400,0.9157,6.8669
1831,2026-08-12 20:26:43,688,0.0880,144.0000,4.3720,172.4193,28.1000,27.8600,0.9165,6.8607
1832,2026-08-12 20:26:45,687,0.0879,144.0000,4.3500,171.4801,28.1000,27.8800,0.9173,6.8545
1833,2026-08-12 20:26:47,673,0.0861,145.0000,4.3190,169.9006,28.1000,27.9000,0.9181,6.8483
1834,2026-08-12 20:26:49,666,0.0852,145.0000,4.2920,166.5159,28.1000,27.8800,0.9189,6.8421
1835,2026-08-12 20:26:51,656,0.0839,144.0000,4.2690,165.4880,28.1000,27.8600,0.9197,6.8359
1836,2026-08-12 20:26:53,655,0.0838,145.0000,4.2400,164.7309,28.1000,27.8400,0.9205,6.8297
1837,2026-08-12 20:26:55,651,0.0832,145.0000,4.2130,162.7433,28.1000,27.8200,0.9213,6.8235
1838,2026-08-12 20:26:57,642,0.0821,145.0000,4.1870,159.7976,28.1000,27.8000,0.9221,6.8173
1839,2026-08-12 20:26:59,633,0.0809,145.0000,4.1590,157.8825,28.0800,27.8000,0.9229,6.8111
1840,2026-08-12 20:27:01,623,0.0797,146.0000,4.1340,156.7805,28.0600,27.8000,0.9236,6.8050
1841,2026-08-12 20:27:03,625,0.0799,143.0000,4.1110,155.2809,28.0400,27.8000,0.9244,6.7990
1842,2026-08-12 20:27:05,620,0.0793,144.0000,4.0890,153.9081,28.0200,27.8000,0.9252,6.7930
1843,2026-08-12 20:27:07,617,0.0789,143.0000,4.0560,151.8472,28.0000,27.8000,0.9260,6.7870
1844,2026-08-12 20:27:09,611,0.0781,143.0000,4.0430,149.9125,28.0000,27.8000,0.9268,6.7810
1845,2026-08-12 20:27:11,611,0.0781,141.0000,4.0150,148.0884,28.0000,27.8000,0.9276,6.7749
1846,2026-08-12 20:27:13,597,0.0763,141.0000,3.9780,145.6878,28.0000,27.8000,0.9284,6.7687
1847,2026-08-12 20:27:15,593,0.0758,139.0000,3.9490,144.3011,28.0000,27.8000,0.9292,6.7625
1848,2026-08-12 20:27:17,579,0.0740,140.0000,3.9280,142.7039,28.0000,27.8000,0.9300,6.7563
1849,2026-08-12 20:27:19,572,0.0731,141.0000,3.9080,140.7992,27.9800,27.8000,0.9308,6.7501
1850,2026-08-12 20:27:21,567,0.0725,139.0000,3.8770,138.4205,27.9600,27.8000,0.9316,6.7439
1851,2026-08-12 20:27:23,556,0.0711,140.0000,3.8470,138.0155,27.9400,27.8000,0.9324,6.7377
1852,2026-08-12 20:27:25,554,0.0708,139.0000,3.8300,135.5122,27.9200,27.8000,0.9332,6.7315
1853,2026-08-12 20:27:27,542,0.0693,140.0000,3.7980,134.0712,27.9000,27.8000,0.9340,6.7253
1854,2026-08-12 20:27:29,543,0.0694,139.0000,3.7830,133.3881,27.9000,27.8200,0.9348,6.7191
1855,2026-08-12 20:27:31,533,0.0682,139.0000,3.7470,130.2985,27.9000,27.8400,0.9356,6.7130
1856,2026-08-12 20:27:33,536,0.0685,137.0000,3.7240,129.0095,27.9000,27.8600,0.9364,6.7070
1857,2026-08-12 20:27:35,532,0.0680,134.0000,3.6910,127.0064,27.9000,27.8800,0.9372,6.7010
1858,2026-08-12 20:27:37,522,0.0668,135.0000,3.6700,125.1076,27.9000,27.9000,0.9380,6.6950
1859,2026-08-12 20:27:39,515,0.0659,135.0000,3.6480,124.9653,27.9000,27.8800,0.9388,6.6890
1860,2026-08-12 20:27:41,505,0.0646,135.0000,3.6230,122.5279,27.9000,27.8600,0.9395,6.6829
1861,2026-08-12 20:27:43,507,0.0648,132.0000,3.5980,119.7685,27.9000,27.8400,0.9403,6.6767
1862,2026-08-12 20:27:45,502,0.0642,132.0000,3.5740,118.8683,27.9000,27.8200,0.9411,6.6705
1863,2026-08-12 20:27:47,497,0.0636,132.0000,3.5540,117.4060,27.9000,27.8000,0.9419,6.6643
1864,2026-08-12 20:27:49,496,0.0634,131.0000,3.5320,116.2292,27.8800,27.8200,0.9427,6.6581
1865,2026-08-12 20:27:51,475,0.0607,132.0000,3.4960,114.2254,27.8600,27.8400,0.9435,6.6519
1866,2026-08-12 20:27:53,474,0.0606,132.0000,3.4830,111.5115,27.8400,27.8600,0.9443,6.6457
1867,2026-08-12 20:27:55,473,0.0605,130.0000,3.4620,109.7859,27.8200,27.8800,0.9451,6.6395
1868,2026-08-12 20:27:57,461,0.0590,131.0000,3.4340,108.5107,27.8000,27.9000,0.9459,6.6333
1869,2026-08-12 20:27:59,455,0.0582,130.0000,3.4070,106.6053,27.8000,27.9000,0.9466,6.6271
1870,2026-08-12 20:28:01,447,0.0572,129.0000,3.3870,105.5935,27.8000,27.9000,0.9474,6.6210
1871,2026-08-12 20:28:03,449,0.0574,127.0000,3.3610,103.9222,27.8000,27.9000,0.9482,6.6150
1872,2026-08-12 20:28:05,436,0.0558,127.0000,3.3420,102.0168,27.8000,27.9000,0.9490,6.6090
1873,2026-08-12 20:28:07,425,0.0543,127.0000,3.3130,100.2082,27.8000,27.9000,0.9498,6.6030
1874,2026-08-12 20:28:09,421,0.0538,127.0000,3.2900,99.1502,27.8000,27.9600,0.9506,6.5970
1875,2026-08-12 20:28:11,419,0.0536,126.0000,3.2710,96.6079,27.8000,28.0200,0.9514,6.5909
1876,2026-08-12 20:28:13,413,0.0528,125.0000,3.2500,95.3409,27.8000,28.0800,0.9521,6.5847
1877,2026-08-12 20:28:15,408,0.0522,125.0000,3.2280,93.4589,27.8000,28.1400,0.9529,6.5785
1878,2026-08-12 20:28:17,401,0.0513,124.0000,3.2080,91.5007,27.8000,28.2000,0.9537,6.5723
1879,2026-08-12 20:28:19,396,0.0506,124.0000,3.1860,91.0803,27.7800,28.2000,0.9545,6.5661
1880,2026-08-12 20:28:21,390,0.0499,124.0000,3.1530,88.8755,27.7600,28.2000,0.9553,6.5599
1881,2026-08-12 20:28:23,391,0.0500,123.0000,3.1330,87.1888,27.7400,28.2000,0.9561,6.5537
1882,2026-08-12 20:28:25,384,0.0491,123.0000,3.1110,86.0779,27.7200,28.2000,0.9568,6.5475
1883,2026-08-12 20:28:27,376,0.0481,121.0000,3.0890,84.5335,27.7000,28.2000,0.9576,6.5413
1884,2026-08-12 20:28:29,374,0.0478,121.0000,3.0670,82.6428,27.7000,28.1800,0.9584,6.5351
1885,2026-08-12 20:28:31,359,0.0459,120.0000,3.0460,81.8335,27.7000,28.1600,0.9592,6.5290
1886,2026-08-12 20:28:33,353,0.0451,120.0000,3.0200,81.2179,27.7000,28.1400,0.9599,6.5230
1887,2026-08-12 20:28:35,345,0.0441,121.0000,3.0020,79.8768,27.7000,28.1200,0.9607,6.5170
1888,2026-08-12 20:28:37,340,0.0435,120.0000,2.9820,78.3309,27.7000,28.1000,0.9615,6.5110
1889,2026-08-12 20:28:39,333,0.0426,120.0000,2.9600,75.8870,27.7000,28.1000,0.9623,6.5050
1890,2026-08-12 20:28:41,332,0.0425,119.0000,2.9400,74.7908,27.7000,28.1000,0.9630,6.4989
1891,2026-08-12 20:28:43,329,0.0421,118.0000,2.9210,73.7189,27.7000,28.1000,0.9638,6.4927
1892,2026-08-12 20:28:45,320,0.0409,118.0000,2.8960,72.0175,27.7000,28.1000,0.9646,6.4865
1893,2026-08-12 20:28:47,317,0.0405,117.0000,2.8730,70.7481,27.7000,28.1000,0.9654,6.4803
1894,2026-08-12 20:28:49,312,0.0399,116.0000,2.8560,68.3424,27.6800,28.1200,0.9661,6.4741
1895,2026-08-12 20:28:51,306,0.0391,116.0000,2.8380,66.4428,27.6600,28.1400,0.9669,6.4679
1896,2026-08-12 20:28:53,293,0.0375,115.0000,2.8090,65.5506,27.6400,28.1600,0.9677,6.4617
1897,2026-08-12 20:28:55,283,0.0362,114.0000,2.7880,64.6210,27.6200,28.1800,0.9684,6.4555
1898,2026-08-12 20:28:57,280,0.0358,113.0000,2.7670,62.7684,27.6000,28.2000,0.9692,6.4493
1899,2026-08-12 20:28:59,279,0.0357,114.0000,2.7510,59.9342,27.6000,28.2400,0.9699,6.4431
1900,2026-08-12 20:29:01,275,0.0352,112.0000,2.7380,58.7478,27.6000,28.2800,0.9707,6.4370
1901,2026-08-12 20:29:03,268,0.0343,112.0000,2.7100,57.1601,27.6000,28.3200,0.9715,6.4310
1902,2026-08-12 20:29:05,264,0.0338,111.0000,2.6890,55.9355,27.6000,28.3600,0.9722,6.4250
1903,2026-08-12 20:29:07,248,0.0317,112.0000,2.6700,54.4447,27.6000,28.4000,0.9730,6.4190
1904,2026-08-12 20:29:09,249,0.0318,111.0000,2.6540,53.3478,27.6000,28.3800,0.9737,6.4130
1905,2026-08-12 20:29:11,241,0.0308,112.0000,2.6320,51.7065,27.6000,28.3600,0.9745,6.4069
1906,2026-08-12 20:29:13,231,0.0295,111.0000,2.6150,49.9955,27.6000,28.3400,0.9752,6.4007
1907,2026-08-12 20:29:15,222,0.0284,112.0000,2.5950,49.4702,27.6000,28.3200,0.9760,6.3945
1908,2026-08-12 20:29:17,221,0.0283,112.0000,2.5750,48.5032,27.6000,28.3000,0.9767,6.3883
1909,2026-08-12 20:29:19,212,0.0271,111.0000,2.5540,46.9580,27.5800,28.3200,0.9775,6.3821
1910,2026-08-12 20:29:21,210,0.0269,112.0000,2.5390,45.7665,27.5600,28.3400,0.9782,6.3759
1911,2026-08-12 20:29:23,207,0.0265,111.0000,2.5200,43.7034,27.5400,28.3600,0.9789,6.3697
1912,2026-08-12 20:29:25,199,0.0254,111.0000,2.5020,43.2000,27.5200,28.3800,0.9797,6.3635
1913,2026-08-12 20:29:27,193,0.0247,110.0000,2.4830,41.7906,27.5000,28.4000,0.9804,6.3573
1914,2026-08-12 20:29:29,179,0.0229,111.0000,2.4590,40.5609,27.5000,28.4200,0.9811,6.3511
1915,2026-08-12 20:29:31,182,0.0233,111.0000,2.4450,38.5741,27.5000,28.4400,0.9818,6.3450
1916,2026-08-12 20:29:33,171,0.0219,110.0000,2.4260,37.2453,27.5000,28.4600,0.9826,6.3390
1917,2026-08-12 20:29:35,163,0.0208,110.0000,2.4040,35.5733,27.5000,28.4800,0.9833,6.3330
1918,2026-08-12 20:29:37,157,0.0201,111.0000,2.3870,33.8271,27.5000,28.5000,0.9840,6.3270
1919,2026-08-12 20:29:39,154,0.0197,111.0000,2.3730,32.7603,27.5000,28.5200,0.9847,6.3210
1920,2026-08-12 20:29:41,143,0.0183,111.0000,2.3570,31.7030,27.5000,28.5400,0.9854,6.3149
1921,2026-08-12 20:29:43,139,0.0178,109.0000,2.3380,30.6620,27.5000,28.5600,0.9861,6.3087
1922,2026-08-12 20:29:45,132,0.0169,109.0000,2.3230,29.4308,27.5000,28.5800,0.9868,6.3025
1923,2026-08-12 20:29:47,130,0.0166,108.0000,2.3020,27.8262,27.5000,28.6000,0.9875,6.2963
1924,2026-08-12 20:29:49,121,0.0155,108.0000,2.2870,27.0081,27.4800,28.6000,0.9882,6.2901
1925,2026-08-12 20:29:51,118,0.0151,105.0000,2.2660,25.9428,27.4600,28.6000,0.9889,6.2839
1926,2026-08-12 20:29:53,114,0.0146,105.0000,2.2510,24.7204,27.4400,28.6000,0.9895,6.2777
1927,2026-08-12 20:29:55,105,0.0134,103.0000,2.2290,23.4915,27.4200,28.6000,0.9902,6.2715
1928,2026-08-12 20:29:57,109,0.0139,101.0000,2.2140,22.3880,27.4000,28.6000,0.9908,6.2653
1929,2026-08-12 20:29:59,94,0.0120,101.0000,2.1950,21.9001,27.4000,28.6200,0.9915,6.2591
1930,2026-08-12 20:30:01,94,0.0120,96.0000,2.1770,21.0909,27.4000,28.6400,0.9921,6.2530
1931,2026-08-12 20:30:03,95,0.0121,93.0000,2.1640,19.5229,27.4000,28.6600,0.9928,6.2470
1932,2026-08-12 20:30:05,83,0.0106,94.0000,2.1440,18.3153,27.4000,28.6800,0.9934,6.2410
1933,2026-08-12 20:30:07,77,0.0098,89.0000,2.1260,17.9257,27.4000,28.7000,0.9940,6.2350
1934,2026-08-12 20:30:09,74,0.0095,81.0000,2.1060,15.7965,27.4000,28.6800,0.9946,6.2290
1935,2026-08-12 20:30:11,74,0.0095,82.0000,2.0910,14.7150,27.4000,28.6600,0.9952,6.2229
1936,2026-08-12 20:30:13,65,0.0083,75.0000,2.0700,13.9351,27.4000,28.6400,0.9957,6.2167
1937,2026-08-12 20:30:15,63,0.0081,68.0000,2.0550,13.2007,27.4000,28.6200,0.9963,6.2105
1938,2026-08-12 20:30:17,54,0.0069,62.0000,2.0380,12.1134,27.4000,28.6000,0.9968,6.2043
1939,2026-08-12 20:30:19,38,0.0049,56.0000,2.0170,10.6203,27.3800,28.6200,0.9973,6.1981
1940,2026-08-12 20:30:21,32,0.0041,47.0000,2.0030,10.2079,27.3600,28.6400,0.9978,6.1919
1941,2026-08-12 20:30:23,17,0.0022,39.0000,1.9850,9.3451,27.3400,28.6600,0.9982,6.1857
1942,2026-08-12 20:30:25,5,0.0006,34.0000,1.9740,8.0553,27.3200,28.6800,0.9986,6.1795
1943,2026-08-12 20:30:27,0,0.0000,24.0000,1.9590,7.3436,27.3000,28.7000,0.9990,6.1733
1944,2026-08-12 20:30:29,0,0.0000,15.0000,1.9450,5.8359,27.3000,28.7000,0.9994,6.1671
1945,2026-08-12 20:30:31,0,0.0000,7.0000,1.9360,5.3178,27.3000,28.7000,0.9997,6.1610
1946,2026-08-12 20:30:33,0,0.0000,3.0000,1.9350,5.1975,27.3000,28.7000,0.9997,6.1550
1947,2026-08-12 20:30:35,0,0.0000,2.0000,1.9350,5.1975,27.3000,28.7000,0.9998,6.1490
1948,2026-08-12 20:30:37,0,0.0000,2.0000,1.9350,4.8681,27.3000,28.7000,0.9999,6.1430
1949,2026-08-12 20:30:39,0,0.0000,2.0000,1.9350,4.0654,27.3000,28.6800,1.0000,6.1370
1950,2026-08-12 20:30:41,0,0.0000,2.0000,1.9830,3.9150,27.3000,28.6600,1.0000,6.1309
1951,2026-08-12 20:30:43,0,0.0000,2.0000,1.9830,3.7125,27.3000,28.6400,1.0000,6.1247
1952,2026-08-12 20:30:45,0,0.0000,2.0000,1.9830,3.7125,27.3000,28.6200,1.0000,6.1185
1953,2026-08-12 20:30:47,0,0.0000,2.0000,1.9830,3.4880,27.3000,28.6000,1.0000,6.1123
1954,2026-08-12 20:30:49,0,0.0000,2.0000,1.9830,2.7228,27.3000,28.5800,1.0000,6.1061
1955,2026-08-12 20:30:51,0,0.0000,2.0000,1.9830,2.2803,27.3000,28.5600,1.0000,6.1000
1956,2026-08-12 20:30:53,0,0.0000,2.0000,1.9830,1.8526,27.3000,28.5400,1.0000,6.0940
1957,2026-08-12 20:30:55,0,0.0000,2.0000,1.9830,1.6200,27.3000,28.5200,1.0000,6.0880
1958,2026-08-12 20:30:57,0,0.0000,2.0000,1.9830,1.4777,27.3000,28.5000,1.0000,6.0820
1959,2026-08-12 20:30:59,0,0.0000,2.0000,1.9830,1.3500,27.2800,28.5600,1.0000,6.0760
1960,2026-08-12 20:31:01,0,0.0000,2.0000,1.9830,1.2825,27.2600,28.6200,1.0000,6.0699
1961,2026-08-12 20:31:03,0,0.0000,2.0000,1.9830,1.2451,27.2400,28.6800,1.0000,6.0637
1962,2026-08-12 20:31:05,0,0.0000,2.0000,1.9830,1.1776,27.2200,28.7400,1.0000,6.0575
1963,2026-08-12 20:31:07,0,0.0000,2.0000,1.9830,1.1475,27.2000,28.8000,1.0000,6.0513
1964,2026-08-12 20:31:09,0,0.0000,2.0000,1.9830,1.1475,27.2000,28.8000,1.0000,6.0451
1965,2026-08-12 20:31:11,0,0.0000,2.0000,1.9830,1.1101,27.2000,28.8000,1.0000,6.0389
1966,2026-08-12 20:31:13,0,0.0000,2.0000,1.9830,1.0800,27.2000,28.8000,1.0000,6.0327
1967,2026-08-12 20:31:15,0,0.0000,2.0000,1.9830,0.0000,27.2000,28.8000,1.0000,6.0265
1968,2026-08-12 20:31:17,0,0.0000,2.0000,1.9830,0.0000,27.2000,28.8000,1.0000,6.0203
1969,2026-08-12 20:31:19,0,0.0000,2.0000,1.9830,0.0000,27.1800,28.8200,1.0000,6.0141
1970,2026-08-12 20:31:21,0,0.0000,2.0000,1.9830,0.0000,27.1600,28.8400,1.0000,6.0080
1971,2026-08-12 20:31:23,0,0.0000,2.0000,1.9830,0.0000,27.1400,28.8600,1.0000,6.0020
1972,2026-08-12 20:31:25,0,0.0000,2.0000,1.9830,0.0000,27.1200,28.8800,1.0000,5.9960
1973,2026-08-12 20:31:27,0,0.0000,2.0000,1.9830,0.0000,27.1000,28.9000,1.0000,5.9900
1974,2026-08-12 20:31:29,0,0.0000,2.0000,1.9830,0.0000,27.1000,28.8800,1.0000,5.9840
1975,2026-08-12 20:31:31,0,0.0000,2.0000,1.9830,0.0000,27.1000,28.8600,1.0000,5.9779
1976,2026-08-12 20:31:33,0,0.0000,2.0000,1.9830,0.0000,27.1000,28.8400,1.0000,5.9717
1977,2026-08-12 20:31:35,0,0.0000,2.0000,1.9830,0.0000,27.1000,28.8200,1.0000,5.9655
1978,2026-08-12 20:31:37,0,0.0000,2.0000,1.9830,0.0000,27.1000,28.8000,1.0000,5.9593
1979,2026-08-12 20:31:39,0,0.0000,2.0000,1.9830,0.0000,27.1000,28.8000,1.0000,5.9531
1980,2026-08-12 20:31:41,0,0.0000,2.0000,1.9830,0.0000,27.1000,28.8000,1.0000,5.9470
1981,2026-08-12 20:31:43,0,0.0000,2.0000,1.9830,0.0000,27.1000,28.8000,1.0000,5.9410
1982,2026-08-12 20:31:45,0,0.0000,2.0000,1.9830,0.0000,27.1000,28.8000,1.0000,5.9350
1983,2026-08-12 20:31:47,0,0.0000,2.0000,1.9830,0.0000,27.1000,28.8000,1.0000,5.9290
1984,2026-08-12 20:31:49,0,0.0000,2.0000,1.9830,0.0000,27.1000,28.7800,1.0000,5.9230
1985,2026-08-12 20:31:51,0,0.0000,2.0000,1.9830,0.0000,27.1000,28.7600,1.0000,5.9169
1986,2026-08-12 20:31:53,0,0.0000,2.0000,1.9830,0.0000,27.1000,28.7400,1.0000,5.9107
1987,2026-08-12 20:31:55,0,0.0000,2.0000,1.9830,0.0000,27.1000,28.7200,1.0000,5.9045
1988,2026-08-12 20:31:57,0,0.0000,2.0000,1.9830,0.0000,27.1000,28.7000,1.0000,5.8983
1989,2026-08-12 20:31:59,0,0.0000,2.0000,1.9830,0.0000,27.1000,28.7400,1.0000,5.8921
1990,2026-08-12 20:32:01,0,0.0000,2.0000,1.9830,0.0000,27.1000,28.7800,1.0000,5.8859
1991,2026-08-12 20:32:03,0,0.0000,2.0000,1.9830,0.0000,27.1000,28.8200,1.0000,5.8797
1992,2026-08-12 20:32:05,0,0.0000,2.0000,1.9830,0.0000,27.1000,28.8600,1.0000,5.8735
1993,2026-08-12 20:32:07,0,0.0000,2.0000,1.9830,0.0000,27.1000,28.9000,1.0000,5.8673
1994,2026-08-12 20:32:09,0,0.0000,2.0000,1.9830,0.0000,27.1000,28.8800,1.0000,5.8611
1995,2026-08-12 20:32:11,2896,0.3703,255.0000,21.5950,1.0800,27.1000,28.8600,1.0000,5.8550
1996,2026-08-12 20:32:13,3424,0.4379,255.0000,25.1590,1.0800,27.1000,28.8400,0.9999,5.8490
1997,2026-08-12 20:32:15,3500,0.4476,255.0000,25.7420,1.0800,27.1000,28.8200,0.9998,5.8430
1998,2026-08-12 20:32:17,4005,0.5121,255.0000,31.6670,1.1174,27.1000,28.8000,0.9997,5.8370
1999,2026-08-12 20:32:19,5847,0.7477,255.0000,50.0290,1.1475,27.0800,28.8200,0.9996,5.8310
2000,2026-08-12 20:32:21,11736,1.5008,255.0000,79.0480,1.2150,27.0600,28.8400,0.9993,5.8249
2001,2026-08-12 20:32:23,17423,2.2280,255.0000,111.9720,1.2150,27.0400,28.8600,0.9989,5.8187
2002,2026-08-12 20:32:25,23460,3.0000,255.0000,134.9270,1.2825,27.0200,28.8800,0.9984,5.8125
2003,2026-08-12 20:32:27,24943,3.1896,255.0000,144.1640,1.2825,27.0000,28.9000,0.9980,5.8063
2004,2026-08-12 20:32:29,0,0.0000,5.0000,1.9260,1.3874,27.0000,28.9200,0.9976,5.8001
2005,2026-08-12 20:32:31,71,0.0091,143.0000,2.1480,1.5525,27.0000,28.9400,0.9971,5.7940
2006,2026-08-12 20:32:33,69,0.0088,158.0000,2.1690,1.5899,27.0000,28.9600,0.9966,5.7880
2007,2026-08-12 20:32:35,74,0.0095,163.0000,2.2020,1.7623,27.0000,28.9800,0.9960,5.7820
2008,2026-08-12 20:32:37,74,0.0095,182.0000,2.2460,2.3097,27.0000,29.0000,0.9955,5.7760
2009,2026-08-12 20:32:39,81,0.0104,184.0000,2.2790,2.6472,27.0000,29.0200,0.9949,5.7700
2010,2026-08-12 20:32:41,83,0.0106,206.0000,2.3700,3.3970,27.0000,29.0400,0.9943,5.7639
2011,2026-08-12 20:32:43,91,0.0116,201.0000,2.4050,3.5775,27.0000,29.0600,0.9937,5.7577
2012,2026-08-12 20:32:45,89,0.0114,215.0000,2.4450,4.0500,27.0000,29.0800,0.9931,5.7515
2013,2026-08-12 20:32:47,93,0.0119,189.0000,2.3950,4.0500,27.0000,29.1000,0.9925,5.7453
2014,2026-08-12 20:32:49,94,0.0120,200.0000,2.4260,4.1997,27.0000,29.0800,0.9918,5.7391
2015,2026-08-12 20:32:51,95,0.0121,200.0000,2.4640,4.7250,27.0000,29.0600,0.9912,5.7329
2016,2026-08-12 20:32:53,105,0.0134,202.0000,2.4980,5.2349,27.0000,29.0400,0.9905,5.7267
2017,2026-08-12 20:32:55,112,0.0143,210.0000,2.5360,5.2650,27.0000,29.0200,0.9898,5.7205
2018,2026-08-12 20:32:57,114,0.0146,211.0000,2.5680,5.2650,27.0000,29.0000,0.9892,5.7143
2019,2026-08-12 20:32:59,120,0.0153,216.0000,2.6040,6.9502,27.0000,29.0200,0.9885,5.7081
2020,2026-08-12 20:33:01,128,0.0164,217.0000,2.6360,8.3391,27.0000,29.0400,0.9878,5.7020
2021,2026-08-12 20:33:03,131,0.0168,222.0000,2.6760,9.2687,27.0000,29.0600,0.9871,5.6960
2022,2026-08-12 20:33:05,137,0.0175,222.0000,2.7170,10.0047,27.0000,29.0800,0.9864,5.6900
2023,2026-08-12 20:33:07,143,0.0183,224.0000,2.7530,11.1221,27.0000,29.1000,0.9857,5.6840
2024,2026-08-12 20:33:09,147,0.0188,228.0000,2.7940,11.8800,27.0000,29.0800,0.9850,5.6780
2025,2026-08-12 20:33:11,152,0.0194,229.0000,2.8310,12.8697,27.0000,29.0600,0.9843,5.6719
2026,2026-08-12 20:33:13,158,0.0202,229.0000,2.8600,13.3349,27.0000,29.0400,0.9836,5.6657
2027,2026-08-12 20:33:15,166,0.0212,233.0000,2.8960,15.0818,27.0000,29.0200,0.9829,5.6595
2028,2026-08-12 20:33:17,168,0.0215,232.0000,2.9400,16.5294,27.0000,29.0000,0.9821,5.6533
2029,2026-08-12 20:33:19,178,0.0228,234.0000,2.9720,17.2125,26.9800,29.0600,0.9814,5.6471
2030,2026-08-12 20:33:21,187,0.0239,232.0000,3.0190,18.9278,26.9600,29.1200,0.9807,5.6410
2031,2026-08-12 20:33:23,188,0.0240,234.0000,3.0480,20.4224,26.9400,29.1800,0.9799,5.6350
2032,2026-08-12 20:33:25,194,0.0248,234.0000,3.0880,21.3146,26.9200,29.2400,0.9792,5.6290
2033,2026-08-12 20:33:27,202,0.0258,234.0000,3.1310,22.0270,26.9000,29.3000,0.9785,5.6230
2034,2026-08-12 20:33:29,205,0.0262,235.0000,3.1690,23.0395,26.9000,29.3200,0.9777,5.6170
2035,2026-08-12 20:33:31,214,0.0274,235.0000,3.2110,25.0946,26.9000,29.3400,0.9770,5.6109
2036,2026-08-12 20:33:33,222,0.0284,236.0000,3.2520,26.0997,26.9000,29.3600,0.9762,5.6047
2037,2026-08-12 20:33:35,227,0.0290,236.0000,3.2910,26.9765,26.9000,29.3800,0.9755,5.5985
2038,2026-08-12 20:33:37,234,0.0299,237.0000,3.3340,27.8019,26.9000,29.4000,0.9747,5.5923
2039,2026-08-12 20:33:39,234,0.0299,238.0000,3.3830,28.5672,26.9000,29.3400,0.9739,5.5861
2040,2026-08-12 20:33:41,246,0.0315,106.0000,2.6300,28.8672,26.9000,29.2800,0.9732,5.5800
2041,2026-08-12 20:33:43,253,0.0324,107.0000,2.6470,31.0793,26.9000,29.2200,0.9724,5.5740
2042,2026-08-12 20:33:45,273,0.0349,130.0000,2.8120,32.5269,26.9000,29.1600,0.9717,5.5680
2043,2026-08-12 20:33:47,281,0.0359,108.0000,2.7020,33.3897,26.9000,29.1000,0.9709,5.5620
2044,2026-08-12 20:33:49,280,0.0358,108.0000,2.7210,36.3223,26.9000,29.1600,0.9701,5.5560
2045,2026-08-12 20:33:51,287,0.0367,107.0000,2.7340,36.6297,26.9000,29.2200,0.9694,5.5499
2046,2026-08-12 20:33:53,271,0.0347,97.0000,2.6070,37.3942,26.9000,29.2800,0.9686,5.5437
2047,2026-08-12 20:33:55,278,0.0355,97.0000,2.6270,38.9606,26.9000,29.3400,0.9678,5.5375
2048,2026-08-12 20:33:57,283,0.0362,97.0000,2.6350,40.2593,26.9000,29.4000,0.9670,5.5313
2049,2026-08-12 20:33:59,287,0.0367,98.0000,2.6540,40.7098,26.9000,29.4000,0.9663,5.5251
2050,2026-08-12 20:34:01,290,0.0371,97.0000,2.6740,42.8918,26.9000,29.4000,0.9655,5.5190
2051,2026-08-12 20:34:03,293,0.0375,98.0000,2.6870,44.4200,26.9000,29.4000,0.9647,5.5130
2052,2026-08-12 20:34:05,304,0.0389,97.0000,2.7030,46.8971,26.9000,29.4000,0.9639,5.5070
2053,2026-08-12 20:34:07,306,0.0391,97.0000,2.7150,47.6469,26.9000,29.4000,0.9632,5.5010
2054,2026-08-12 20:34:09,322,0.0412,97.0000,2.7420,49.4320,26.9000,29.3400,0.9624,5.4950
2055,2026-08-12 20:34:11,330,0.0422,97.0000,2.7530,51.1943,26.9000,29.2800,0.9616,5.4889
2056,2026-08-12 20:34:13,327,0.0418,97.0000,2.7640,52.0425,26.9000,29.2200,0.9608,5.4827
2057,2026-08-12 20:34:15,335,0.0428,97.0000,2.7810,53.2699,26.9000,29.1600,0.9600,5.4765
2058,2026-08-12 20:34:17,337,0.0431,98.0000,2.7970,54.6823,26.9000,29.1000,0.9592,5.4703
2059,2026-08-12 20:34:19,349,0.0446,97.0000,2.8160,55.4761,26.9000,29.1800,0.9585,5.4641
2060,2026-08-12 20:34:21,357,0.0457,97.0000,2.8300,56.2194,26.9000,29.2600,0.9577,5.4579
2061,2026-08-12 20:34:23,366,0.0468,97.0000,2.8460,57.1497,26.9000,29.3400,0.9569,5.4517
2062,2026-08-12 20:34:25,366,0.0468,97.0000,2.8680,59.3163,26.9000,29.4200,0.9561,5.4455
2063,2026-08-12 20:34:27,374,0.0478,98.0000,2.8770,60.4044,26.9000,29.5000,0.9553,5.4393
2064,2026-08-12 20:34:29,377,0.0482,98.0000,2.8990,61.0721,26.8800,29.4600,0.9545,5.4331
2065,2026-08-12 20:34:31,381,0.0487,98.0000,2.9090,62.9833,26.8600,29.4200,0.9537,5.4270
2066,2026-08-12 20:34:33,393,0.0503,97.0000,2.9280,64.1917,26.8400,29.3800,0.9529,5.4210
2067,2026-08-12 20:34:35,397,0.0508,97.0000,2.9440,64.8521,26.8200,29.3400,0.9521,5.4150
2068,2026-08-12 20:34:37,410,0.0524,97.0000,2.9620,67.0568,26.8000,29.3000,0.9513,5.4090
2069,2026-08-12 20:34:39,408,0.0522,99.0000,2.9680,68.5476,26.8200,29.3200,0.9505,5.4030
2070,2026-08-12 20:34:41,415,0.0531,98.0000,2.9890,70.8522,26.8400,29.3400,0.9498,5.3969
2071,2026-08-12 20:34:43,415,0.0531,98.0000,3.0100,72.1047,26.8600,29.3600,0.9490,5.3907
2072,2026-08-12 20:34:45,422,0.0540,98.0000,3.0240,73.9719,26.8800,29.3800,0.9482,5.3845
2073,2026-08-12 20:34:47,434,0.0555,98.0000,3.0420,74.6168,26.9000,29.4000,0.9474,5.3783
2074,2026-08-12 20:34:49,436,0.0558,98.0000,3.0580,75.2617,26.8800,29.4200,0.9466,5.3721
2075,2026-08-12 20:34:51,443,0.0566,98.0000,3.0700,76.1466,26.8600,29.4400,0.9458,5.3660
2076,2026-08-12 20:34:53,448,0.0573,98.0000,3.0840,78.3073,26.8400,29.4600,0.9450,5.3600
2077,2026-08-12 20:34:55,463,0.0592,98.0000,3.1020,79.9347,26.8200,29.4800,0.9442,5.3540
2078,2026-08-12 20:34:57,469,0.0600,97.0000,3.1180,81.4717,26.8000,29.5000,0.9434,5.3480
2079,2026-08-12 20:34:59,472,0.0604,98.0000,3.1380,82.7469,26.8000,29.5200,0.9426,5.3420
2080,2026-08-12 20:35:01,481,0.0615,98.0000,3.1550,83.7733,26.8000,29.5400,0.9418,5.3359
2081,2026-08-12 20:35:03,489,0.0625,98.0000,3.1580,85.1167,26.8000,29.5600,0.9410,5.3297
2082,2026-08-12 20:35:05,494,0.0632,98.0000,3.1860,87.2744,26.8000,29.5800,0.9402,5.3235
2083,2026-08-12 20:35:07,501,0.0641,97.0000,3.1960,88.4925,26.8000,29.6000,0.9394,5.3173
2084,2026-08-12 20:35:09,508,0.0650,97.0000,3.2130,88.8674,26.8000,29.6000,0.9386,5.3111
2085,2026-08-12 20:35:11,509,0.0651,97.0000,3.2290,91.4529,26.8000,29.6000,0.9378,5.3050
2086,2026-08-12 20:35:13,521,0.0666,98.0000,3.2460,92.6547,26.8000,29.6000,0.9370,5.2990
2087,2026-08-12 20:35:15,523,0.0669,98.0000,3.2590,93.3217,26.8000,29.6000,0.9362,5.2930
2088,2026-08-12 20:35:17,529,0.0676,99.0000,3.2800,94.8522,26.8000,29.6000,0.9354,5.2870
2089,2026-08-12 20:35:19,530,0.0678,98.0000,3.2950,97.0349,26.8000,29.6200,0.9346,5.2810
2090,2026-08-12 20:35:21,530,0.0678,98.0000,3.3030,97.4017,26.8000,29.6400,0.9337,5.2749
2091,2026-08-12 20:35:23,539,0.0689,98.0000,3.3200,97.9124,26.8000,29.6600,0.9329,5.2687
2092,2026-08-12 20:35:25,550,0.0703,98.0000,3.3380,99.0973,26.8000,29.6800,0.9321,5.2625
2093,2026-08-12 20:35:27,553,0.0707,99.0000,3.3530,101.3607,26.8000,29.7000,0.9313,5.2563
2094,2026-08-12 20:35:29,565,0.0723,98.0000,3.3710,102.5024,26.8000,29.7200,0.9305,5.2501
2095,2026-08-12 20:35:31,575,0.0735,98.0000,3.3800,103.3799,26.8000,29.7400,0.9297,5.2440
2096,2026-08-12 20:35:33,577,0.0738,99.0000,3.3970,106.1613,26.8000,29.7600,0.9289,5.2380
2097,2026-08-12 20:35:35,581,0.0743,99.0000,3.4220,106.8371,26.8000,29.7800,0.9281,5.2320
2098,2026-08-12 20:35:37,591,0.0756,98.0000,3.4360,107.8261,26.8000,29.8000,0.9273,5.2260
2099,2026-08-12 20:35:39,586,0.0749,98.0000,3.4300,109.8202,26.7800,29.8000,0.9265,5.2200
2100,2026-08-12 20:35:41,601,0.0769,99.0000,3.4640,111.6450,26.7600,29.8000,0.9257,5.2139
2101,2026-08-12 20:35:43,606,0.0775,98.0000,3.4790,112.7624,26.7400,29.8000,0.9249,5.2077
2102,2026-08-12 20:35:45,611,0.0781,98.0000,3.4910,113.5034,26.7200,29.8000,0.9241,5.2015
2103,2026-08-12 20:35:47,618,0.0790,98.0000,3.5260,115.3332,26.7000,29.8000,0.9233,5.1953
2104,2026-08-12 20:35:49,626,0.0801,99.0000,3.5320,118.0706,26.7000,29.8200,0.9224,5.1891
2105,2026-08-12 20:35:51,629,0.0804,98.0000,3.5420,118.8447,26.7000,29.8400,0.9216,5.1830
2106,2026-08-12 20:35:53,636,0.0813,98.0000,3.5630,119.9167,26.7000,29.8600,0.9208,5.1770
2107,2026-08-12 20:35:55,653,0.0835,99.0000,3.5860,120.7421,26.7000,29.8800,0.9200,5.1710
2108,2026-08-12 20:35:57,645,0.0825,99.0000,3.6050,122.2498,26.7000,29.9000,0.9192,5.1650
2109,2026-08-12 20:35:59,662,0.0847,99.0000,3.6150,123.4347,26.7000,29.9800,0.9184,5.1590
2110,2026-08-12 20:36:01,659,0.0843,100.0000,3.6270,125.2850,26.7000,30.0600,0.9176,5.1529
2111,2026-08-12 20:36:03,672,0.0859,98.0000,3.6500,127.2067,26.7000,30.1400,0.9168,5.1467
2112,2026-08-12 20:36:05,677,0.0866,98.0000,3.6560,128.6006,26.7000,30.2200,0.9160,5.1405
2113,2026-08-12 20:36:07,679,0.0868,99.0000,3.6810,130.1921,26.7000,30.3000,0.9152,5.1343
2114,2026-08-12 20:36:09,685,0.0876,99.0000,3.6900,131.6763,26.7000,30.3400,0.9143,5.1281
2115,2026-08-12 20:36:11,685,0.0876,99.0000,3.6900,132.7791,26.7000,30.3800,0.9135,5.1220
2116,2026-08-12 20:36:13,699,0.0894,99.0000,3.7270,134.0681,26.7000,30.4200,0.9127,5.1160
2117,2026-08-12 20:36:15,703,0.0899,99.0000,3.7330,135.4424,26.7000,30.4600,0.9119,5.1100
2118,2026-08-12 20:36:17,707,0.0904,98.0000,3.7510,135.7572,26.7000,30.5000,0.9111,5.1040
2119,2026-08-12 20:36:19,715,0.0914,99.0000,3.7770,138.9289,26.7000,30.5600,0.9103,5.0980
2120,2026-08-12 20:36:21,724,0.0926,99.0000,3.7830,139.6494,26.7000,30.6200,0.9095,5.0919
2121,2026-08-12 20:36:23,727,0.0930,98.0000,3.8040,141.1718,26.7000,30.6800,0.9087,5.0857
2122,2026-08-12 20:36:25,724,0.0926,99.0000,3.8110,141.8248,26.7000,30.7400,0.9079,5.0795
2123,2026-08-12 20:36:27,737,0.0942,99.0000,3.8350,144.4874,26.7000,30.8000,0.9070,5.0733
2124,2026-08-12 20:36:29,744,0.0951,99.0000,3.8570,145.7545,26.7000,30.8000,0.9062,5.0671
2125,2026-08-12 20:36:31,752,0.0962,99.0000,3.8620,146.8191,26.7000,30.8000,0.9054,5.0610
2126,2026-08-12 20:36:33,755,0.0965,99.0000,3.8760,147.6592,26.7000,30.8000,0.9046,5.0550
2127,2026-08-12 20:36:35,764,0.0977,98.0000,3.8920,149.1823,26.7000,30.8000,0.9038,5.0490
2128,2026-08-12 20:36:37,777,0.0994,98.0000,3.9150,150.2234,26.7000,30.8000,0.9030,5.0430
2129,2026-08-12 20:36:39,776,0.0992,100.0000,3.9310,151.3416,26.6800,30.7800,0.9022,5.0370
2130,2026-08-12 20:36:41,790,0.1010,99.0000,3.9450,153.4040,26.6600,30.7600,0.9013,5.0309
2131,2026-08-12 20:36:43,795,0.1017,98.0000,3.9550,154.3872,26.6400,30.7400,0.9005,5.0247
2132,2026-08-12 20:36:45,802,0.1026,99.0000,3.9920,155.7877,26.6200,30.7200,0.8997,5.0185
2133,2026-08-12 20:36:47,809,0.1035,99.0000,3.9930,157.5824,26.6000,30.7000,0.8989,5.0123
2134,2026-08-12 20:36:49,811,0.1037,99.0000,4.0080,158.5949,26.6200,30.7600,0.8981,5.0061
2135,2026-08-12 20:36:51,821,0.1050,99.0000,4.0350,159.6961,26.6400,30.8200,0.8973,5.0000
2136,2026-08-12 20:36:53,830,0.1061,99.0000,4.0380,161.7447,26.6600,30.8800,0.8965,4.9940
2137,2026-08-12 20:36:55,825,0.1055,99.0000,4.0520,162.1350,26.6800,30.9400,0.8956,4.9880
2138,2026-08-12 20:36:57,838,0.1072,99.0000,4.0780,163.8804,26.7000,31.0000,0.8948,4.9820
2139,2026-08-12 20:36:59,847,0.1083,98.0000,4.0920,165.9069,26.6800,30.9800,0.8940,4.9760
2140,2026-08-12 20:37:01,848,0.1084,99.0000,4.1110,167.4806,26.6600,30.9600,0.8932,4.9699
2141,2026-08-12 20:37:03,849,0.1086,99.0000,4.1130,169.0266,26.6400,30.9400,0.8924,4.9637
2142,2026-08-12 20:37:05,862,0.1102,99.0000,4.1400,169.9342,26.6200,30.9200,0.8916,4.9575
2143,2026-08-12 20:37:07,868,0.1110,99.0000,4.1600,171.2379,26.6000,30.9000,0.8908,4.9513
2144,2026-08-12 20:37:09,877,0.1121,99.0000,4.1690,172.4544,26.6000,30.8600,0.8899,4.9451
2145,2026-08-12 20:37:11,879,0.1124,99.0000,4.1770,173.3246,26.6000,30.8200,0.8891,4.9390
2146,2026-08-12 20:37:13,883,0.1129,98.0000,4.1830,175.1089,26.6000,30.7800,0.8883,4.9330
2147,2026-08-12 20:37:15,888,0.1136,98.0000,4.2060,176.1742,26.6000,30.7400,0.8875,4.9270
2148,2026-08-12 20:37:17,895,0.1145,99.0000,4.2270,178.7099,26.6000,30.7000,0.8867,4.9210
2149,2026-08-12 20:37:19,900,0.1151,98.0000,4.2390,179.2191,26.6000,30.6800,0.8859,4.9150
2150,2026-08-12 20:37:21,903,0.1155,99.0000,4.2550,180.2925,26.6000,30.6600,0.8851,4.9089
2151,2026-08-12 20:37:23,910,0.1164,99.0000,4.2750,182.0232,26.6000,30.6400,0.8842,4.9027
2152,2026-08-12 20:37:25,919,0.1175,99.0000,4.2830,183.1348,26.6000,30.6200,0.8834,4.8965
2153,2026-08-12 20:37:27,916,0.1171,98.0000,4.2990,185.1290,26.6000,30.6000,0.8826,4.8903
2154,2026-08-12 20:37:29,931,0.1191,99.0000,4.3220,185.9845,26.6000,30.6400,0.8818,4.8841
2155,2026-08-12 20:37:31,932,0.1192,98.0000,4.3200,186.3822,26.6000,30.6800,0.8810,4.8780
2156,2026-08-12 20:37:33,944,0.1207,98.0000,4.3480,187.7160,26.6000,30.7200,0.8802,4.8720
2157,2026-08-12 20:37:35,950,0.1215,99.0000,4.3560,189.5905,26.6000,30.7600,0.8793,4.8660
2158,2026-08-12 20:37:37,960,0.1228,98.0000,4.3800,190.7095,26.6000,30.8000,0.8785,4.8600
2159,2026-08-12 20:37:39,958,0.1225,99.0000,4.3860,192.0749,26.6000,30.8400,0.8777,4.8540
2160,2026-08-12 20:37:41,974,0.1246,99.0000,4.4110,194.1431,26.6000,30.8800,0.8769,4.8479
2161,2026-08-12 20:37:43,968,0.1238,98.0000,4.4110,195.8916,26.6000,30.9200,0.8761,4.8417
2162,2026-08-12 20:37:45,980,0.1253,98.0000,4.4370,197.6774,26.6000,30.9600,0.8753,4.8355
2163,2026-08-12 20:37:47,984,0.1258,98.0000,4.4470,198.3443,26.6000,31.0000,0.8744,4.8293
2164,2026-08-12 20:37:49,987,0.1262,99.0000,4.4660,199.7171,26.6000,31.0600,0.8736,4.8231
2165,2026-08-12 20:37:51,994,0.1271,99.0000,4.4760,200.8638,26.6000,31.1200,0.8728,4.8170
2166,2026-08-12 20:37:53,999,0.1277,99.0000,4.4870,202.2072,26.6000,31.1800,0.8720,4.8110
2167,2026-08-12 20:37:55,1004,0.1284,99.0000,4.5160,203.3320,26.6000,31.2400,0.8712,4.8050
2168,2026-08-12 20:37:57,1002,0.1281,98.0000,4.5170,204.1948,26.6000,31.3000,0.8704,4.7990
2169,2026-08-12 20:37:59,1017,0.1301,98.0000,4.5340,205.7099,26.6000,31.3400,0.8695,4.7930
2170,2026-08-12 20:38:01,1049,0.1341,135.0000,5.4520,206.4590,26.6000,31.3800,0.8687,4.7870
2171,2026-08-12 20:38:03,1052,0.1345,164.0000,6.1240,207.8537,26.6000,31.4200,0.8679,4.7810
2172,2026-08-12 20:38:05,1061,0.1357,164.0000,6.1570,210.0739,26.6000,31.4600,0.8671,4.7750
2173,2026-08-12 20:38:07,1064,0.1361,164.0000,6.1540,210.5773,26.6000,31.5000,0.8663,4.7690
2174,2026-08-12 20:38:09,1076,0.1376,164.0000,6.2000,211.2588,26.6000,31.7200,0.8654,4.7630
2175,2026-08-12 20:38:11,1081,0.1382,163.0000,6.2190,212.2493,26.6000,31.9400,0.8646,4.7569
2176,2026-08-12 20:38:13,1090,0.1394,164.0000,6.2270,214.5119,26.6000,32.1600,0.8638,4.7507
2177,2026-08-12 20:38:15,1096,0.1402,165.0000,6.2360,216.1497,26.6000,32.3800,0.8630,4.7445
2178,2026-08-12 20:38:17,1104,0.1412,164.0000,6.2680,218.0917,26.6000,32.6000,0.8622,4.7383
2179,2026-08-12 20:38:19,1100,0.1407,163.0000,6.2620,219.1563,26.6000,32.6400,0.8614,4.7321
2180,2026-08-12 20:38:21,1113,0.1423,164.0000,6.2950,220.0940,26.6000,32.6800,0.8606,4.7260
2181,2026-08-12 20:38:23,1119,0.1431,163.0000,6.3290,221.4887,26.6000,32.7200,0.8597,4.7200
2182,2026-08-12 20:38:25,1119,0.1431,162.0000,6.3370,222.2848,26.6000,32.7600,0.8589,4.7140
2183,2026-08-12 20:38:27,1127,0.1441,164.0000,6.3760,224.0692,26.6000,32.8000,0.8581,4.7080
2184,2026-08-12 20:38:29,1137,0.1454,162.0000,6.3850,224.6693,26.6000,32.9200,0.8573,4.7020
2185,2026-08-12 20:38:31,1136,0.1453,163.0000,6.4000,226.5072,26.6000,33.0400,0.8565,4.6959
2186,2026-08-12 20:38:33,1136,0.1453,163.0000,6.4000,226.8521,26.6000,33.1600,0.8556,4.6897
2187,2026-08-12 20:38:35,1145,0.1464,164.0000,6.4270,227.8036,26.6000,33.2800,0.8548,4.6835
2188,2026-08-12 20:38:37,1151,0.1472,164.0000,6.4540,229.5131,26.6000,33.4000,0.8540,4.6773
2189,2026-08-12 20:38:39,1169,0.1495,163.0000,6.4960,230.4743,26.6000,33.4800,0.8532,4.6711
2190,2026-08-12 20:38:41,1162,0.1486,163.0000,6.4810,231.5381,26.6000,33.5600,0.8524,4.6650
2191,2026-08-12 20:38:43,1168,0.1494,163.0000,6.4910,233.7217,26.6000,33.6400,0.8516,4.6590
2192,2026-08-12 20:38:45,1191,0.1523,162.0000,6.5680,236.0144,26.6000,33.7200,0.8507,4.6530
2193,2026-08-12 20:38:47,1184,0.1514,162.0000,6.5380,237.5024,26.6000,33.8000,0.8499,4.6470
2194,2026-08-12 20:38:49,1207,0.1543,162.0000,6.6050,238.0644,26.6000,34.0000,0.8491,4.6410
2195,2026-08-12 20:38:51,1200,0.1535,163.0000,6.5870,238.8443,26.6000,34.2000,0.8483,4.6349
2196,2026-08-12 20:38:53,1214,0.1552,162.0000,6.6200,240.6375,26.6000,34.4000,0.8475,4.6287
2197,2026-08-12 20:38:55,1215,0.1554,162.0000,6.6250,241.9347,26.6000,34.6000,0.8467,4.6225
2198,2026-08-12 20:38:57,1221,0.1561,161.0000,6.6570,242.2949,26.6000,34.8000,0.8458,4.6163
2199,2026-08-12 20:38:59,1229,0.1572,161.0000,6.6600,244.2443,26.6000,35.0000,0.8450,4.6101
2200,2026-08-12 20:39:01,1231,0.1574,162.0000,6.6790,244.8973,26.6000,35.2000,0.8442,4.6040
2201,2026-08-12 20:39:03,1246,0.1593,161.0000,6.7310,245.2649,26.6000,35.4000,0.8434,4.5980
2202,2026-08-12 20:39:05,1246,0.1593,161.0000,6.7300,248.0698,26.6000,35.6000,0.8426,4.5920
2203,2026-08-12 20:39:07,1246,0.1593,162.0000,6.7360,249.4403,26.6000,35.8000,0.8417,4.5860
2204,2026-08-12 20:39:09,1253,0.1602,161.0000,6.7410,250.9261,26.6000,35.7800,0.8409,4.5800
2205,2026-08-12 20:39:11,1261,0.1613,161.0000,6.7540,253.3032,26.6000,35.7600,0.8401,4.5739
2206,2026-08-12 20:39:13,1269,0.1623,161.0000,6.7950,254.2498,26.6000,35.7400,0.8393,4.5677
2207,2026-08-12 20:39:15,1280,0.1637,160.0000,6.8160,254.7897,26.6000,35.7200,0.8385,4.5615
2208,2026-08-12 20:39:17,1293,0.1653,161.0000,6.8590,255.5022,26.6000,35.7000,0.8377,4.5553
2209,2026-08-12 20:39:19,1297,0.1659,160.0000,6.8580,257.1060,26.6000,35.9400,0.8368,4.5491
2210,2026-08-12 20:39:21,1291,0.1651,160.0000,6.8370,258.7267,26.6000,36.1800,0.8360,4.5430
2211,2026-08-12 20:39:23,1298,0.1660,160.0000,6.8700,259.4318,26.6000,36.4200,0.8352,4.5370
2212,2026-08-12 20:39:25,1309,0.1674,159.0000,6.8850,259.7473,26.6000,36.6600,0.8344,4.5310
2213,2026-08-12 20:39:27,1315,0.1682,159.0000,6.9050,261.1047,26.6000,36.9000,0.8336,4.5250
2214,2026-08-12 20:39:29,1319,0.1687,159.0000,6.8950,262.3482,26.6200,37.0800,0.8327,4.5190
2215,2026-08-12 20:39:31,1323,0.1692,159.0000,6.9220,264.6791,26.6400,37.2600,0.8319,4.5130
2216,2026-08-12 20:39:33,1334,0.1706,159.0000,6.9490,265.9199,26.6600,37.4400,0.8311,4.5070
2217,2026-08-12 20:39:35,1345,0.1720,159.0000,6.9710,266.4445,26.6800,37.6200,0.8303,4.5010
2218,2026-08-12 20:39:37,1351,0.1728,158.0000,6.9780,267.6059,26.7000,37.8000,0.8295,4.4950
2219,2026-08-12 20:39:39,1360,0.1739,158.0000,7.0100,269.5568,26.7200,37.8800,0.8287,4.4890
2220,2026-08-12 20:39:41,1359,0.1738,158.0000,6.9950,270.2766,26.7400,37.9600,0.8279,4.4829
2221,2026-08-12 20:39:43,1370,0.1752,158.0000,7.0230,271.3940,26.7600,38.0400,0.8270,4.4767
2222,2026-08-12 20:39:45,1369,0.1751,157.0000,7.0370,274.2371,26.7800,38.1200,0.8262,4.4705
2223,2026-08-12 20:39:47,1376,0.1760,157.0000,7.0500,274.7698,26.8000,38.2000,0.8254,4.4643
2224,2026-08-12 20:39:49,1391,0.1779,157.0000,7.0800,275.1821,26.8000,38.2200,0.8246,4.4581
2225,2026-08-12 20:39:51,1393,0.1781,157.0000,7.0870,275.5350,26.8000,38.2400,0.8238,4.4520
2226,2026-08-12 20:39:53,1404,0.1795,156.0000,7.0930,277.4015,26.8000,38.2600,0.8229,4.4460
2227,2026-08-12 20:39:55,1415,0.1809,156.0000,7.1050,279.4199,26.8000,38.2800,0.8221,4.4400
2228,2026-08-12 20:39:57,1420,0.1816,157.0000,7.1010,280.0641,26.8000,38.3000,0.8213,4.4340
2229,2026-08-12 20:39:59,1423,0.1820,155.0000,7.1390,281.5792,26.8000,38.3800,0.8205,4.4280
2230,2026-08-12 20:40:01,1423,0.1820,156.0000,7.1080,282.1948,26.8000,38.4600,0.8197,4.4219
2231,2026-08-12 20:40:03,1428,0.1826,155.0000,7.1380,283.3415,26.8000,38.5400,0.8189,4.4157
2232,2026-08-12 20:40:05,1438,0.1839,154.0000,7.1770,285.4047,26.8000,38.6200,0.8180,4.4095
2233,2026-08-12 20:40:07,1438,0.1839,154.0000,7.1650,285.9072,26.8000,38.7000,0.8172,4.4033
2234,2026-08-12 20:40:09,1447,0.1850,153.0000,7.1870,286.4847,26.8000,38.7800,0.8164,4.3971
2235,2026-08-12 20:40:11,1450,0.1854,154.0000,7.2070,287.3321,26.8000,38.8600,0.8156,4.3910
2236,2026-08-12 20:40:13,1456,0.1862,154.0000,7.2150,288.5698,26.8000,38.9400,0.8148,4.3850
2237,2026-08-12 20:40:15,1468,0.1877,154.0000,7.2450,290.3842,26.8000,39.0200,0.8140,4.3790
2238,2026-08-12 20:40:17,1472,0.1882,153.0000,7.2660,291.3975,26.8000,39.1000,0.8131,4.3730
2239,2026-08-12 20:40:19,1479,0.1891,153.0000,7.2800,291.9448,26.8000,38.9600,0.8123,4.3670
2240,2026-08-12 20:40:21,1487,0.1902,153.0000,7.2980,293.2868,26.8000,38.8200,0.8115,4.3610
2241,2026-08-12 20:40:23,1490,0.1905,153.0000,7.3060,294.7042,26.8000,38.6800,0.8107,4.3550
2242,2026-08-12 20:40:25,1497,0.1914,153.0000,7.3050,296.2568,26.8000,38.5400,0.8099,4.3490
2243,2026-08-12 20:40:27,1510,0.1931,152.0000,7.3420,296.8643,26.8000,38.4000,0.8091,4.3430
2244,2026-08-12 20:40:29,1506,0.1926,154.0000,7.3360,297.5392,26.8000,38.4600,0.8082,4.3370
2245,2026-08-12 20:40:31,1511,0.1932,153.0000,7.3570,299.4790,26.8000,38.5200,0.8074,4.3309
2246,2026-08-12 20:40:33,1522,0.1946,151.0000,7.3740,301.7991,26.8000,38.5800,0.8066,4.3247
2247,2026-08-12 20:40:35,1527,0.1953,152.0000,7.3890,302.9173,26.8000,38.6400,0.8058,4.3185
2248,2026-08-12 20:40:37,1538,0.1967,151.0000,7.4040,304.8447,26.8000,38.7000,0.8050,4.3123
2249,2026-08-12 20:40:39,1541,0.1971,152.0000,7.4240,309.1983,26.8200,38.7600,0.8041,4.3061
2250,2026-08-12 20:40:41,1541,0.1971,152.0000,7.4010,312.7950,26.8400,38.8200,0.8033,4.3000
2251,2026-08-12 20:40:43,1551,0.1983,151.0000,7.4290,312.7950,26.8600,38.8800,0.8025,4.2940
2252,2026-08-12 20:40:45,1557,0.1991,152.0000,7.4440,312.7950,26.8800,38.9400,0.8017,4.2880
2253,2026-08-12 20:40:47,1568,0.2005,151.0000,7.4600,312.9447,26.9000,39.0000,0.8009,4.2820
2254,2026-08-12 20:40:49,1569,0.2006,150.0000,7.4680,312.7950,26.9000,39.0600,0.8001,4.2760
2255,2026-08-12 20:40:51,1586,0.2028,151.0000,7.4920,312.7950,26.9000,39.1200,0.7993,4.2699
2256,2026-08-12 20:40:53,1584,0.2026,151.0000,7.4890,312.7950,26.9000,39.1800,0.7984,4.2637
2257,2026-08-12 20:40:55,1586,0.2028,151.0000,7.5020,312.9447,26.9000,39.2400,0.7976,4.2575
2258,2026-08-12 20:40:57,1582,0.2023,150.0000,7.4960,314.2573,26.9000,39.3000,0.7968,4.2513
2259,2026-08-12 20:40:59,1608,0.2056,150.0000,7.5400,314.7818,26.9000,39.4800,0.7960,4.2451
2260,2026-08-12 20:41:01,1610,0.2059,150.0000,7.5450,315.7187,26.9000,39.6600,0.7952,4.2390
2261,2026-08-12 20:41:03,1619,0.2070,149.0000,7.5730,316.3123,26.9000,39.8400,0.7944,4.2330
2262,2026-08-12 20:41:05,1630,0.2084,150.0000,7.5960,317.6323,26.9000,40.0200,0.7935,4.2270
2263,2026-08-12 20:41:07,1634,0.2090,149.0000,7.6100,319.3043,26.9000,40.2000,0.7927,4.2210
2264,2026-08-12 20:41:09,1638,0.2095,149.0000,7.6150,319.6800,26.9000,40.1200,0.7919,4.2150
2265,2026-08-12 20:41:11,1640,0.2097,149.0000,7.6220,320.5047,26.9000,40.0400,0.7911,4.2090
2266,2026-08-12 20:41:13,1647,0.2106,148.0000,7.6400,322.6419,26.9000,39.9600,0.7903,4.2030
2267,2026-08-12 20:41:15,1643,0.2101,148.0000,7.6280,322.9574,26.9000,39.8800,0.7895,4.1970
2268,2026-08-12 20:41:17,1658,0.2120,146.0000,7.6530,325.3874,26.9000,39.8000,0.7886,4.1910
2269,2026-08-12 20:41:19,1659,0.2121,146.0000,7.6570,325.9047,26.9000,39.7200,0.7878,4.1850
2270,2026-08-12 20:41:21,1667,0.2132,147.0000,7.6910,326.4219,26.9000,39.6400,0.7870,4.1789
2271,2026-08-12 20:41:23,1672,0.2138,148.0000,7.6990,327.2921,26.9000,39.5600,0.7862,4.1727
2272,2026-08-12 20:41:25,1675,0.2142,147.0000,7.7220,329.9296,26.9000,39.4800,0.7854,4.1665
2273,2026-08-12 20:41:27,1688,0.2159,147.0000,7.7260,331.6414,26.9000,39.4000,0.7846,4.1603
2274,2026-08-12 20:41:29,1687,0.2157,146.0000,7.7280,332.5123,26.9000,39.3600,0.7837,4.1541
2275,2026-08-12 20:41:31,1696,0.2169,147.0000,7.7460,333.0817,26.9000,39.3200,0.7829,4.1480
2276,2026-08-12 20:41:33,1710,0.2187,147.0000,7.7720,333.4199,26.9000,39.2800,0.7821,4.1420
2277,2026-08-12 20:41:35,1712,0.2189,145.0000,7.7770,333.7574,26.9000,39.2400,0.7813,4.1360
2278,2026-08-12 20:41:37,1724,0.2205,145.0000,7.7920,335.5645,26.9000,39.2000,0.7805,4.1300
2279,2026-08-12 20:41:39,1730,0.2212,145.0000,7.8080,336.3899,26.9200,39.1400,0.7797,4.1240
2280,2026-08-12 20:41:41,1730,0.2212,145.0000,7.7970,337.3569,26.9400,39.0800,0.7789,4.1179
2281,2026-08-12 20:41:43,1742,0.2228,144.0000,7.8400,338.0547,26.9600,39.0200,0.7780,4.1117
2282,2026-08-12 20:41:45,1740,0.2225,145.0000,7.8450,340.1163,26.9800,38.9600,0.7772,4.1055
2283,2026-08-12 20:41:47,1742,0.2228,145.0000,7.8370,340.7547,27.0000,38.9000,0.7764,4.0993
2284,2026-08-12 20:41:49,1759,0.2249,145.0000,7.8730,342.0430,27.0000,38.9400,0.7756,4.0931
2285,2026-08-12 20:41:51,1756,0.2246,144.0000,7.8730,343.0123,27.0000,38.9800,0.7748,4.0870
2286,2026-08-12 20:41:53,1764,0.2256,144.0000,7.8920,344.0086,27.0000,39.0200,0.7740,4.0810
2287,2026-08-12 20:41:55,1771,0.2265,145.0000,7.9110,344.5875,27.0000,39.0600,0.7732,4.0750
2288,2026-08-12 20:41:57,1777,0.2272,144.0000,7.9320,345.2845,27.0000,39.1000,0.7723,4.0690
2289,2026-08-12 20:41:59,1780,0.2276,144.0000,7.9320,346.1018,27.0000,39.1000,0.7715,4.0630
2290,2026-08-12 20:42:01,1788,0.2286,144.0000,7.9400,347.9317,27.0000,39.1000,0.7707,4.0570
2291,2026-08-12 20:42:03,1798,0.2299,144.0000,7.9500,348.5773,27.0000,39.1000,0.7699,4.0510
2292,2026-08-12 20:42:05,1804,0.2307,143.0000,7.9430,348.8994,27.0000,39.1000,0.7691,4.0450
2293,2026-08-12 20:42:07,1805,0.2308,143.0000,7.9500,350.5796,27.0000,39.1000,0.7683,4.0390
2294,2026-08-12 20:42:09,1811,0.2316,142.0000,7.9710,351.0668,27.0000,39.0600,0.7674,4.0330
2295,2026-08-12 20:42:11,1819,0.2326,143.0000,7.9820,352.1923,27.0000,39.0200,0.7666,4.0269
2296,2026-08-12 20:42:13,1822,0.2330,142.0000,7.9750,352.7616,27.0000,38.9800,0.7658,4.0207
2297,2026-08-12 20:42:15,1835,0.2347,142.0000,8.0180,354.0661,27.0000,38.9400,0.7650,4.0145
2298,2026-08-12 20:42:17,1838,0.2350,141.0000,8.0200,355.0118,27.0000,38.9000,0.7642,4.0083
2299,2026-08-12 20:42:19,1838,0.2350,141.0000,8.0150,356.3017,27.0000,38.9000,0.7634,4.0021
2300,2026-08-12 20:42:21,1848,0.2363,141.0000,8.0480,356.6773,27.0000,38.9000,0.7626,3.9960
2301,2026-08-12 20:42:23,1870,0.2391,140.0000,8.0860,358.2673,27.0000,38.9000,0.7617,3.9900
2302,2026-08-12 20:42:25,1864,0.2384,141.0000,8.0890,358.7992,27.0000,38.9000,0.7609,3.9840
2303,2026-08-12 20:42:27,1862,0.2381,141.0000,8.0690,359.4448,27.0000,38.9000,0.7601,3.9780
2304,2026-08-12 20:42:29,1879,0.2403,139.0000,8.1110,359.9100,27.0000,38.9000,0.7593,3.9720
2305,2026-08-12 20:42:31,1885,0.2410,139.0000,8.1090,360.5989,27.0000,38.9000,0.7585,3.9660
2306,2026-08-12 20:42:33,1882,0.2407,140.0000,8.1130,361.9042,27.0000,38.9000,0.7577,3.9600
2307,2026-08-12 20:42:35,1889,0.2416,140.0000,8.1330,362.6621,27.0000,38.9000,0.7569,3.9540
2308,2026-08-12 20:42:37,1895,0.2423,140.0000,8.1370,363.1793,27.0000,38.9000,0.7561,3.9480
2309,2026-08-12 20:42:39,1910,0.2442,140.0000,8.1700,364.5448,27.0000,38.9600,0.7552,3.9420
2310,2026-08-12 20:42:41,1921,0.2457,139.0000,8.1630,365.6321,27.0000,39.0200,0.7544,3.9359
2311,2026-08-12 20:42:43,1912,0.2445,139.0000,8.1440,367.9263,27.0000,39.0800,0.7536,3.9297
2312,2026-08-12 20:42:45,1933,0.2472,139.0000,8.1820,368.9550,27.0000,39.1400,0.7528,3.9235
2313,2026-08-12 20:42:47,1938,0.2478,138.0000,8.1920,369.1348,27.0000,39.2000,0.7520,3.9173
2314,2026-08-12 20:42:49,1942,0.2483,138.0000,8.2090,370.0944,27.0000,39.2400,0.7512,3.9111
2315,2026-08-12 20:42:51,1943,0.2485,138.0000,8.2020,370.8670,27.0000,39.2800,0.7504,3.9050
2316,2026-08-12 20:42:53,1962,0.2509,137.0000,8.2460,371.1825,27.0000,39.3200,0.7495,3.8990
2317,2026-08-12 20:42:55,1961,0.2508,137.0000,8.2330,371.5200,27.0000,39.3600,0.7487,3.8930
2318,2026-08-12 20:42:57,1964,0.2512,136.0000,8.2450,372.2999,27.0000,39.4000,0.7479,3.8870
2319,2026-08-12 20:42:59,1968,0.2517,137.0000,8.2370,372.6000,27.0000,39.4200,0.7471,3.8810
2320,2026-08-12 20:43:01,1980,0.2532,137.0000,8.2600,372.8172,27.0000,39.4400,0.7463,3.8750
2321,2026-08-12 20:43:03,1983,0.2536,137.0000,8.2720,373.9720,27.0000,39.4600,0.7455,3.8690
2322,2026-08-12 20:43:05,1990,0.2545,136.0000,8.2740,376.6199,27.0000,39.4800,0.7447,3.8630
2323,2026-08-12 20:43:07,2001,0.2559,136.0000,8.2920,377.1071,27.0000,39.5000,0.7439,3.8570
2324,2026-08-12 20:43:09,2004,0.2563,136.0000,8.2930,378.1350,27.0000,39.5000,0.7430,3.8510
2325,2026-08-12 20:43:11,2002,0.2560,136.0000,8.2890,378.4498,27.0000,39.5000,0.7422,3.8449
2326,2026-08-12 20:43:13,2011,0.2572,136.0000,8.3100,380.2869,27.0000,39.5000,0.7414,3.8387
2327,2026-08-12 20:43:15,2022,0.2586,135.0000,8.3270,380.7073,27.0000,39.5000,0.7406,3.8325
2328,2026-08-12 20:43:17,2030,0.2596,136.0000,8.3340,381.6435,27.0000,39.5000,0.7398,3.8263
2329,2026-08-12 20:43:19,2031,0.2597,135.0000,8.3340,382.9113,27.0000,39.6000,0.7390,3.8201
2330,2026-08-12 20:43:21,2034,0.2601,135.0000,8.3370,383.9848,27.0000,39.7000,0.7382,3.8140
2331,2026-08-12 20:43:23,2039,0.2607,134.0000,8.3520,384.1425,27.0000,39.8000,0.7374,3.8080
2332,2026-08-12 20:43:25,2043,0.2613,134.0000,8.3770,384.3149,27.0000,39.9000,0.7366,3.8020
2333,2026-08-12 20:43:27,2052,0.2624,133.0000,8.3770,384.8615,27.0000,40.0000,0.7357,3.7960
2334,2026-08-12 20:43:29,2058,0.2632,134.0000,8.3930,385.2225,27.0000,39.9800,0.7349,3.7900
2335,2026-08-12 20:43:31,2069,0.2646,133.0000,8.3970,385.9195,27.0000,39.9600,0.7341,3.7840
2336,2026-08-12 20:43:33,2069,0.2646,132.0000,8.4140,386.2724,27.0000,39.9400,0.7333,3.7780
2337,2026-08-12 20:43:35,2075,0.2653,132.0000,8.4170,387.2321,27.0000,39.9200,0.7325,3.7720
2338,2026-08-12 20:43:37,2086,0.2668,133.0000,8.4350,387.9893,27.0000,39.9000,0.7317,3.7660
2339,2026-08-12 20:43:39,2103,0.2689,132.0000,8.4660,389.0025,27.0000,39.8800,0.7309,3.7600
2340,2026-08-12 20:43:41,2092,0.2675,132.0000,8.4430,389.3693,27.0000,39.8600,0.7301,3.7539
2341,2026-08-12 20:43:43,2111,0.2699,132.0000,8.4450,390.2696,27.0000,39.8400,0.7293,3.7477
2342,2026-08-12 20:43:45,2113,0.2702,132.0000,8.4710,390.7421,27.0000,39.8200,0.7284,3.7415
2343,2026-08-12 20:43:47,2120,0.2711,132.0000,8.4770,391.5073,27.0000,39.8000,0.7276,3.7353
2344,2026-08-12 20:43:49,2122,0.2714,131.0000,8.4570,392.4443,27.0000,39.8000,0.7268,3.7291
2345,2026-08-12 20:43:51,2132,0.2726,131.0000,8.4830,392.9248,27.0000,39.8000,0.7260,3.7230
2346,2026-08-12 20:43:53,2137,0.2733,131.0000,8.4860,393.4722,27.0000,39.8000,0.7252,3.7170
2347,2026-08-12 20:43:55,2136,0.2731,130.0000,8.4820,393.6527,27.0000,39.8000,0.7244,3.7110
2348,2026-08-12 20:43:57,2137,0.2733,130.0000,8.4780,394.4700,27.0000,39.8000,0.7236,3.7050
2349,2026-08-12 20:43:59,2135,0.2730,130.0000,8.4850,395.4663,27.0200,39.8200,0.7228,3.6990
2350,2026-08-12 20:44:01,2150,0.2749,130.0000,8.5010,395.9550,27.0400,39.8400,0.7220,3.6930
2351,2026-08-12 20:44:03,2154,0.2754,129.0000,8.5020,395.9924,27.0600,39.8600,0.7211,3.6870
2352,2026-08-12 20:44:05,2163,0.2766,129.0000,8.5150,396.2323,27.0800,39.8800,0.7203,3.6810
2353,2026-08-12 20:44:07,2181,0.2789,129.0000,8.5520,396.6300,27.1000,39.9000,0.7195,3.6750
2354,2026-08-12 20:44:09,2183,0.2792,129.0000,8.5700,397.2969,27.1000,39.9000,0.7187,3.6690
2355,2026-08-12 20:44:11,2191,0.2802,129.0000,8.5720,397.9573,27.1000,39.9000,0.7179,3.6629
2356,2026-08-12 20:44:13,2200,0.2813,129.0000,8.5810,398.7225,27.1000,39.9000,0.7171,3.6567
2357,2026-08-12 20:44:15,2207,0.2822,128.0000,8.6050,399.1048,27.1000,39.9000,0.7163,3.6505
2358,2026-08-12 20:44:17,2205,0.2820,128.0000,8.5950,399.6814,27.1000,39.9000,0.7155,3.6443
2359,2026-08-12 20:44:19,2219,0.2838,127.0000,8.5980,400.0725,27.1000,40.0000,0.7147,3.6381
2360,2026-08-12 20:44:21,2225,0.2845,128.0000,8.6190,401.0013,27.1000,40.1000,0.7139,3.6320
2361,2026-08-12 20:44:23,2226,0.2847,127.0000,8.6090,402.0219,27.1000,40.2000,0.7130,3.6260
2362,2026-08-12 20:44:25,2222,0.2841,127.0000,8.6010,402.5700,27.1000,40.3000,0.7122,3.6200
2363,2026-08-12 20:44:27,2242,0.2867,126.0000,8.6190,403.0418,27.1000,40.4000,0.7114,3.6140
2364,2026-08-12 20:44:29,2251,0.2879,125.0000,8.6300,403.9273,27.1000,40.3800,0.7106,3.6080
2365,2026-08-12 20:44:31,2246,0.2872,126.0000,8.6070,404.8195,27.1000,40.3600,0.7098,3.6020
2366,2026-08-12 20:44:33,2254,0.2882,125.0000,8.6380,405.2172,27.1000,40.3400,0.7090,3.5960
2367,2026-08-12 20:44:35,2251,0.2879,125.0000,8.6340,405.4798,27.1000,40.3200,0.7082,3.5900
2368,2026-08-12 20:44:37,2266,0.2898,125.0000,8.6520,405.8922,27.1000,40.3000,0.7074,3.5840
2369,2026-08-12 20:44:39,2259,0.2889,125.0000,8.6410,406.0125,27.1000,40.3000,0.7066,3.5780
2370,2026-08-12 20:44:41,2277,0.2912,125.0000,8.6660,406.1622,27.1000,40.3000,0.7058,3.5720
2371,2026-08-12 20:44:43,2280,0.2916,124.0000,8.6760,406.6192,27.1000,40.3000,0.7050,3.5660
2372,2026-08-12 20:44:45,2283,0.2919,124.0000,8.6770,407.5943,27.1000,40.3000,0.7042,3.5600
2373,2026-08-12 20:44:47,2287,0.2925,124.0000,8.6920,407.9025,27.1000,40.3000,0.7034,3.5540
2374,2026-08-12 20:44:49,2289,0.2927,124.0000,8.6730,407.9025,27.0800,40.3000,0.7025,3.5480
2375,2026-08-12 20:44:51,2301,0.2942,124.0000,8.6910,408.1571,27.0600,40.3000,0.7017,3.5419
2376,2026-08-12 20:44:53,2305,0.2948,123.0000,8.6930,408.3449,27.0400,40.3000,0.7009,3.5357
2377,2026-08-12 20:44:55,2311,0.2955,124.0000,8.6970,408.8842,27.0200,40.3000,0.7001,3.5295
2378,2026-08-12 20:44:57,2322,0.2969,124.0000,8.7060,409.4998,27.0000,40.3000,0.6993,3.5233
2379,2026-08-12 20:44:59,2325,0.2973,124.0000,8.7220,409.7397,27.0000,40.2600,0.6985,3.5171
2380,2026-08-12 20:45:01,2328,0.2977,123.0000,8.7170,409.5900,27.0000,40.2200,0.6977,3.5110
2381,2026-08-12 20:45:03,2331,0.2981,123.0000,8.7270,410.1219,27.0000,40.1800,0.6969,3.5050
2382,2026-08-12 20:45:05,2336,0.2987,122.0000,8.7250,410.7375,27.0000,40.1400,0.6961,3.4990
2383,2026-08-12 20:45:07,2354,0.3010,123.0000,8.7530,411.3142,27.0000,40.1000,0.6953,3.4930
2384,2026-08-12 20:45:09,2356,0.3013,123.0000,8.7690,411.6150,27.0000,40.1400,0.6945,3.4870
2385,2026-08-12 20:45:11,2365,0.3024,122.0000,8.7710,412.2819,27.0000,40.1800,0.6937,3.4810
2386,2026-08-12 20:45:13,2378,0.3041,121.0000,8.7900,412.6723,27.0000,40.2200,0.6929,3.4750
2387,2026-08-12 20:45:15,2380,0.3043,121.0000,8.7800,413.1448,27.0000,40.2600,0.6920,3.4690
2388,2026-08-12 20:45:17,2374,0.3036,120.0000,8.7660,414.2761,27.0000,40.3000,0.6912,3.4630
2389,2026-08-12 20:45:19,2387,0.3052,120.0000,8.7980,415.2373,27.0000,40.3800,0.6904,3.4570
2390,2026-08-12 20:45:21,2389,0.3055,120.0000,8.7890,415.3275,27.0000,40.4600,0.6896,3.4509
2391,2026-08-12 20:45:23,2402,0.3072,122.0000,8.8020,415.5146,27.0000,40.5400,0.6888,3.4447
2392,2026-08-12 20:45:25,2406,0.3077,120.0000,8.8180,415.6650,27.0000,40.6200,0.6880,3.4385
2393,2026-08-12 20:45:27,2425,0.3101,121.0000,8.8390,415.9269,27.0000,40.7000,0.6872,3.4323
2394,2026-08-12 20:45:29,2423,0.3098,120.0000,8.8190,416.1375,27.0000,40.7600,0.6864,3.4261
2395,2026-08-12 20:45:31,2426,0.3102,119.0000,8.8320,416.1375,27.0000,40.8200,0.6856,3.4200
2396,2026-08-12 20:45:33,2430,0.3107,119.0000,8.8250,415.7765,27.0000,40.8800,0.6848,3.4140
2397,2026-08-12 20:45:35,2430,0.3107,118.0000,8.8330,415.8000,27.0000,40.9400,0.6840,3.4080
2398,2026-08-12 20:45:37,2447,0.3129,117.0000,8.8430,416.3986,27.0000,41.0000,0.6832,3.4020
2399,2026-08-12 20:45:39,2444,0.3125,117.0000,8.8370,416.6694,27.0000,41.0200,0.6824,3.3960
2400,2026-08-12 20:45:41,2460,0.3146,117.0000,8.8840,416.6181,27.0000,41.0400,0.6816,3.3900
2401,2026-08-12 20:45:43,2453,0.3137,117.0000,8.8640,416.4075,27.0000,41.0600,0.6808,3.3840
2402,2026-08-12 20:45:45,2466,0.3153,117.0000,8.8710,416.8800,27.0000,41.0800,0.6800,3.3780
2403,2026-08-12 20:45:47,2469,0.3157,117.0000,8.8760,416.8800,27.0000,41.1000,0.6792,3.3720
2404,2026-08-12 20:45:49,2481,0.3173,115.0000,8.8890,416.8800,27.0000,41.1000,0.6784,3.3660
2405,2026-08-12 20:45:51,2480,0.3171,115.0000,8.8830,417.5168,27.0000,41.1000,0.6775,3.3600
2406,2026-08-12 20:45:53,2484,0.3176,115.0000,8.8760,417.5168,27.0000,41.1000,0.6767,3.3540
2407,2026-08-12 20:45:55,2492,0.3187,115.0000,8.9020,417.7949,27.0000,41.1000,0.6759,3.3480
2408,2026-08-12 20:45:57,2498,0.3194,115.0000,8.8890,417.9600,27.0000,41.1000,0.6751,3.3420
2409,2026-08-12 20:45:59,2519,0.3221,114.0000,8.9200,418.0349,27.0000,41.1000,0.6743,3.3360
2410,2026-08-12 20:46:01,2509,0.3208,115.0000,8.9090,417.8478,27.0000,41.1000,0.6735,3.3299
2411,2026-08-12 20:46:03,2528,0.3233,114.0000,8.9260,418.0349,27.0000,41.1000,0.6727,3.3237
2412,2026-08-12 20:46:05,2542,0.3251,114.0000,8.9440,417.9600,27.0000,41.1000,0.6719,3.3175
2413,2026-08-12 20:46:07,2545,0.3254,113.0000,8.9510,417.9600,27.0000,41.1000,0.6711,3.3113
2414,2026-08-12 20:46:09,2550,0.3261,112.0000,8.9640,417.9600,27.0000,41.1400,0.6703,3.3051
2415,2026-08-12 20:46:11,2557,0.3270,113.0000,8.9800,417.9828,27.0000,41.1800,0.6695,3.2990
2416,2026-08-12 20:46:13,2564,0.3279,112.0000,8.9740,418.1170,27.0000,41.2200,0.6687,3.2930
2417,2026-08-12 20:46:15,2562,0.3276,112.0000,8.9700,418.1170,27.0000,41.2600,0.6679,3.2870
2418,2026-08-12 20:46:17,2567,0.3283,112.0000,8.9810,418.5675,27.0000,41.3000,0.6671,3.2810
2419,2026-08-12 20:46:19,2567,0.3283,112.0000,8.9840,418.7172,27.0000,41.3400,0.6663,3.2750
2420,2026-08-12 20:46:21,2578,0.3297,111.0000,8.9830,418.8749,27.0000,41.3800,0.6655,3.2690
2421,2026-08-12 20:46:23,2584,0.3304,111.0000,9.0020,419.5499,27.0000,41.4200,0.6647,3.2630
2422,2026-08-12 20:46:25,2587,0.3308,111.0000,9.0030,419.5426,27.0000,41.4600,0.6639,3.2570
2423,2026-08-12 20:46:27,2593,0.3316,111.0000,9.0130,419.5426,27.0000,41.5000,0.6631,3.2510
2424,2026-08-12 20:46:29,2594,0.3317,111.0000,9.0100,419.6549,27.0000,41.4600,0.6623,3.2450
2425,2026-08-12 20:46:31,2609,0.3336,111.0000,9.0210,420.4421,27.0000,41.4200,0.6615,3.2390
2426,2026-08-12 20:46:33,2608,0.3335,111.0000,9.0250,420.6226,27.0000,41.3800,0.6607,3.2330
2427,2026-08-12 20:46:35,2623,0.3354,111.0000,9.0590,419.8053,27.0000,41.3400,0.6599,3.2270
2428,2026-08-12 20:46:37,2618,0.3348,111.0000,9.0450,419.8273,27.0000,41.3000,0.6591,3.2210
2429,2026-08-12 20:46:39,2626,0.3358,111.0000,9.0380,420.4575,27.0000,41.4000,0.6583,3.2150
2430,2026-08-12 20:46:41,2621,0.3352,111.0000,9.0370,420.3453,27.0000,41.5000,0.6575,3.2089
2431,2026-08-12 20:46:43,2636,0.3371,110.0000,9.0870,420.4575,27.0000,41.6000,0.6567,3.2027
2432,2026-08-12 20:46:45,2649,0.3387,110.0000,9.1070,420.4575,27.0000,41.7000,0.6559,3.1965
2433,2026-08-12 20:46:47,2653,0.3393,110.0000,9.1020,420.2550,27.0000,41.8000,0.6551,3.1903
2434,2026-08-12 20:46:49,2654,0.3394,109.0000,9.1130,420.4274,27.0000,41.8000,0.6543,3.1841
2435,2026-08-12 20:46:51,2664,0.3407,110.0000,9.1320,420.5779,27.0000,41.8000,0.6535,3.1780
2436,2026-08-12 20:46:53,2681,0.3428,108.0000,9.1410,420.3152,27.0000,41.8000,0.6527,3.1720
2437,2026-08-12 20:46:55,2676,0.3422,108.0000,9.1320,420.6145,27.0000,41.8000,0.6519,3.1660
2438,2026-08-12 20:46:57,2691,0.3441,108.0000,9.1540,420.9153,27.0000,41.8000,0.6511,3.1600
2439,2026-08-12 20:46:59,2691,0.3441,108.0000,9.1400,420.7950,27.0000,41.9200,0.6503,3.1540
2440,2026-08-12 20:47:01,2697,0.3449,107.0000,9.1510,421.0943,27.0000,42.0400,0.6495,3.1480
2441,2026-08-12 20:47:03,2697,0.3449,107.0000,9.1470,421.4700,27.0000,42.1600,0.6487,3.1420
2442,2026-08-12 20:47:05,2703,0.3457,107.0000,9.1530,421.3952,27.0000,42.2800,0.6479,3.1360
2443,2026-08-12 20:47:07,2708,0.3463,107.0000,9.1730,421.3350,27.0000,42.4000,0.6471,3.1300
2444,2026-08-12 20:47:09,2710,0.3465,107.0000,9.1550,421.3350,27.0000,42.4000,0.6463,3.1240
2445,2026-08-12 20:47:11,2716,0.3473,106.0000,9.1710,421.2829,27.0000,42.4000,0.6455,3.1180
2446,2026-08-12 20:47:13,2719,0.3477,106.0000,9.1700,421.3350,27.0000,42.4000,0.6447,3.1120
2447,2026-08-12 20:47:15,2718,0.3476,106.0000,9.1830,421.3350,27.0000,42.4000,0.6439,3.1060
2448,2026-08-12 20:47:17,2737,0.3500,105.0000,9.1960,421.2228,27.0000,42.4000,0.6431,3.1000
2449,2026-08-12 20:47:19,2738,0.3501,105.0000,9.2050,421.2228,27.0000,42.4800,0.6423,3.0940
2450,2026-08-12 20:47:21,2747,0.3513,105.0000,9.2000,421.2147,27.0000,42.5600,0.6415,3.0879
2451,2026-08-12 20:47:23,2739,0.3503,104.0000,9.1930,421.3350,27.0000,42.6400,0.6407,3.0817
2452,2026-08-12 20:47:25,2750,0.3517,104.0000,9.2060,421.3350,27.0000,42.7200,0.6399,3.0755
2453,2026-08-12 20:47:27,2759,0.3528,104.0000,9.2150,421.6725,27.0000,42.8000,0.6391,3.0693
2454,2026-08-12 20:47:29,2767,0.3538,104.0000,9.2240,421.9799,27.0000,42.8400,0.6383,3.0631
2455,2026-08-12 20:47:31,2773,0.3546,104.0000,9.2360,421.9051,27.0000,42.8800,0.6375,3.0570
2456,2026-08-12 20:47:33,2775,0.3549,104.0000,9.2420,421.9124,27.0000,42.9200,0.6367,3.0510
2457,2026-08-12 20:47:35,2788,0.3565,103.0000,9.2530,422.0173,27.0000,42.9600,0.6359,3.0450
2458,2026-08-12 20:47:37,2794,0.3573,103.0000,9.2540,422.2735,27.0000,43.0000,0.6351,3.0390
2459,2026-08-12 20:47:39,2800,0.3581,103.0000,9.2600,422.7224,27.0000,43.0400,0.6343,3.0330
2460,2026-08-12 20:47:41,2800,0.3581,103.0000,9.2920,422.6850,27.0000,43.0800,0.6335,3.0270
2461,2026-08-12 20:47:43,2803,0.3584,102.0000,9.2730,422.7525,27.0000,43.1200,0.6327,3.0210
2462,2026-08-12 20:47:45,2811,0.3595,102.0000,9.2930,422.6850,27.0000,43.1600,0.6319,3.0150
2463,2026-08-12 20:47:47,2827,0.3615,102.0000,9.3190,423.2389,27.0000,43.2000,0.6311,3.0090
2464,2026-08-12 20:47:49,2816,0.3601,102.0000,9.2960,423.9448,27.0000,43.3200,0.6303,3.0030
2465,2026-08-12 20:47:51,2828,0.3616,101.0000,9.3070,424.3343,27.0000,43.4400,0.6295,2.9970
2466,2026-08-12 20:47:53,2836,0.3627,102.0000,9.3270,424.7474,27.0000,43.5600,0.6287,2.9910
2467,2026-08-12 20:47:55,2838,0.3629,102.0000,9.3180,424.7775,27.0000,43.6800,0.6279,2.9850
2468,2026-08-12 20:47:57,2851,0.3646,102.0000,9.3520,424.6352,27.0000,43.8000,0.6271,2.9790
2469,2026-08-12 20:47:59,2845,0.3638,101.0000,9.3380,424.3043,27.0000,43.7800,0.6263,2.9730
2470,2026-08-12 20:48:01,2847,0.3641,101.0000,9.3330,424.6352,27.0000,43.7600,0.6255,2.9670
2471,2026-08-12 20:48:03,2858,0.3655,102.0000,9.3600,424.7100,27.0000,43.7400,0.6247,2.9610
2472,2026-08-12 20:48:05,2864,0.3662,101.0000,9.3510,424.2383,27.0000,43.7200,0.6239,2.9550
2473,2026-08-12 20:48:07,2862,0.3660,101.0000,9.3420,423.9675,27.0000,43.7000,0.6231,2.9490
2474,2026-08-12 20:48:09,2882,0.3685,101.0000,9.3700,423.9675,27.0000,43.6800,0.6223,2.9430
2475,2026-08-12 20:48:11,2875,0.3676,101.0000,9.3720,424.5662,27.0000,43.6600,0.6216,2.9369
2476,2026-08-12 20:48:13,2893,0.3699,101.0000,9.3770,425.1224,27.0000,43.6400,0.6208,2.9307
2477,2026-08-12 20:48:15,2895,0.3702,100.0000,9.3810,425.1825,27.0000,43.6200,0.6200,2.9245
2478,2026-08-12 20:48:17,2895,0.3702,100.0000,9.3830,425.3850,27.0000,43.6000,0.6192,2.9183
2479,2026-08-12 20:48:19,2903,0.3712,100.0000,9.3840,426.3300,27.0000,43.6600,0.6184,2.9121
2480,2026-08-12 20:48:21,2908,0.3719,101.0000,9.4040,427.2214,27.0000,43.7200,0.6176,2.9060
2481,2026-08-12 20:48:23,2913,0.3725,100.0000,9.4070,427.7849,27.0000,43.7800,0.6168,2.9000
2482,2026-08-12 20:48:25,2920,0.3734,100.0000,9.4170,427.8898,27.0000,43.8400,0.6160,2.8940
2483,2026-08-12 20:48:27,2932,0.3749,100.0000,9.4350,427.9500,27.0000,43.9000,0.6152,2.8880
2484,2026-08-12 20:48:29,2935,0.3753,100.0000,9.4380,427.9500,27.0000,43.9200,0.6144,2.8820
2485,2026-08-12 20:48:31,2928,0.3744,100.0000,9.4240,427.8898,27.0000,43.9400,0.6136,2.8760
2486,2026-08-12 20:48:33,2945,0.3766,99.0000,9.4330,427.9647,27.0000,43.9600,0.6128,2.8700
2487,2026-08-12 20:48:35,2953,0.3776,100.0000,9.4430,428.0850,27.0000,43.9800,0.6120,2.8640
2488,2026-08-12 20:48:37,2943,0.3763,100.0000,9.4270,427.9354,27.0000,44.0000,0.6112,2.8580
2489,2026-08-12 20:48:39,2955,0.3779,100.0000,9.4450,427.8150,27.0000,44.1200,0.6104,2.8520
2490,2026-08-12 20:48:41,2963,0.3789,99.0000,9.4690,427.8150,27.0000,44.2400,0.6096,2.8460
2491,2026-08-12 20:48:43,2974,0.3803,99.0000,9.4840,428.0021,27.0000,44.3600,0.6088,2.8400
2492,2026-08-12 20:48:45,2970,0.3798,99.0000,9.4730,428.2273,27.0000,44.4800,0.6081,2.8340
2493,2026-08-12 20:48:47,2975,0.3804,100.0000,9.4830,429.1261,27.0000,44.6000,0.6073,2.8280
2494,2026-08-12 20:48:49,2983,0.3815,99.0000,9.4910,429.6749,27.0000,44.6000,0.6065,2.8220
2495,2026-08-12 20:48:51,2980,0.3811,99.0000,9.4770,429.7050,27.0000,44.6000,0.6057,2.8160
2496,2026-08-12 20:48:53,2988,0.3821,99.0000,9.4930,430.5825,27.0000,44.6000,0.6049,2.8100
2497,2026-08-12 20:48:55,3004,0.3841,98.0000,9.4990,430.3954,27.0000,44.6000,0.6041,2.8040
2498,2026-08-12 20:48:57,3011,0.3850,99.0000,9.5120,430.0043,27.0000,44.6000,0.6033,2.7980
2499,2026-08-12 20:48:59,3017,0.3858,98.0000,9.5210,430.2450,27.0000,44.6400,0.6025,2.7920
2500,2026-08-12 20:49:01,3025,0.3868,98.0000,9.5300,429.1226,27.0000,44.6800,0.6017,2.7859
2501,2026-08-12 20:49:03,3028,0.3872,98.0000,9.5400,426.3192,27.0000,44.7200,0.6009,2.7797
2502,2026-08-12 20:49:05,3029,0.3873,98.0000,9.5300,423.2177,27.0000,44.7600,0.6001,2.7735
2503,2026-08-12 20:49:07,3030,0.3875,98.0000,9.5340,423.1575,27.0000,44.8000,0.5993,2.7673
2504,2026-08-12 20:49:09,3041,0.3889,98.0000,9.5350,422.7834,27.0000,44.8400,0.5986,2.7611
2505,2026-08-12 20:49:11,3044,0.3893,98.0000,9.5410,422.4451,27.0000,44.8800,0.5978,2.7550
2506,2026-08-12 20:49:13,3046,0.3895,98.0000,9.5340,422.4150,27.0000,44.9200,0.5970,2.7490
2507,2026-08-12 20:49:15,3058,0.3910,98.0000,9.5480,422.4825,27.0000,44.9600,0.5962,2.7430
2508,2026-08-12 20:49:17,3062,0.3916,98.0000,9.5540,422.7525,27.0000,45.0000,0.5954,2.7370
2509,2026-08-12 20:49:19,3059,0.3912,98.0000,9.5440,423.8699,27.0000,44.9400,0.5946,2.7310
2510,2026-08-12 20:49:21,3068,0.3923,97.0000,9.5440,423.8626,27.0000,44.8800,0.5938,2.7250
2511,2026-08-12 20:49:23,3083,0.3942,97.0000,9.5510,423.4950,27.0000,44.8200,0.5930,2.7190
2512,2026-08-12 20:49:25,3079,0.3937,97.0000,9.5400,423.6821,27.0000,44.7600,0.5922,2.7130
2513,2026-08-12 20:49:27,3089,0.3950,97.0000,9.5450,423.8325,27.0000,44.7000,0.5914,2.7070
2514,2026-08-12 20:49:29,3090,0.3951,97.0000,9.5270,423.9000,27.0000,44.8200,0.5907,2.7010
2515,2026-08-12 20:49:31,3098,0.3962,97.0000,9.5350,423.9374,27.0000,44.9400,0.5899,2.6950
2516,2026-08-12 20:49:33,3095,0.3958,97.0000,9.5310,424.4400,27.0000,45.0600,0.5891,2.6890
2517,2026-08-12 20:49:35,3107,0.3973,97.0000,9.5350,424.4400,27.0000,45.1800,0.5883,2.6830
2518,2026-08-12 20:49:37,3105,0.3971,97.0000,9.5190,424.5148,27.0000,45.3000,0.5875,2.6770
2519,2026-08-12 20:49:39,3114,0.3982,97.0000,9.5340,425.1744,27.0000,45.3200,0.5867,2.6710
2520,2026-08-12 20:49:41,3118,0.3987,96.0000,9.5550,425.3850,27.0000,45.3400,0.5859,2.6650
2521,2026-08-12 20:49:43,3130,0.4003,97.0000,9.5830,425.6249,27.0000,45.3600,0.5851,2.6590
2522,2026-08-12 20:49:45,3127,0.3999,96.0000,9.5640,426.0600,27.0000,45.3800,0.5843,2.6530
2523,2026-08-12 20:49:47,3134,0.4008,97.0000,9.5740,426.8986,27.0000,45.4000,0.5836,2.6470
2524,2026-08-12 20:49:49,3138,0.4013,96.0000,9.5650,427.2596,27.0000,45.3600,0.5828,2.6410
2525,2026-08-12 20:49:51,3150,0.4028,97.0000,9.5640,427.4100,27.0000,45.3200,0.5820,2.6349
2526,2026-08-12 20:49:53,3146,0.4023,96.0000,9.5570,427.5898,27.0000,45.2800,0.5812,2.6287
2527,2026-08-12 20:49:55,3172,0.4056,98.0000,9.9060,428.2347,27.0000,45.2400,0.5804,2.6225
2528,2026-08-12 20:49:57,3172,0.4056,98.0000,9.8950,428.9845,27.0000,45.2000,0.5796,2.6163
2529,2026-08-12 20:49:59,3199,0.4091,121.0000,11.0600,429.1650,27.0000,45.2400,0.5788,2.6101
2530,2026-08-12 20:50:01,3202,0.4095,121.0000,11.0530,428.9405,27.0000,45.2800,0.5781,2.6040
2531,2026-08-12 20:50:03,3216,0.4113,153.0000,13.1840,429.2773,27.0000,45.3200,0.5773,2.5980
2532,2026-08-12 20:50:05,3213,0.4109,153.0000,13.1800,429.4049,27.0000,45.3600,0.5765,2.5920
2533,2026-08-12 20:50:07,3216,0.4113,153.0000,13.1680,429.5399,27.0000,45.4000,0.5757,2.5860
2534,2026-08-12 20:50:09,3229,0.4129,153.0000,13.1810,429.9750,27.0200,45.4600,0.5749,2.5800
2535,2026-08-12 20:50:11,3241,0.4145,153.0000,13.1820,429.5700,27.0400,45.5200,0.5741,2.5740
2536,2026-08-12 20:50:13,3248,0.4153,153.0000,13.1690,429.0308,27.0600,45.5800,0.5733,2.5680
2537,2026-08-12 20:50:15,3251,0.4157,153.0000,13.1390,429.4798,27.0800,45.6400,0.5726,2.5620
2538,2026-08-12 20:50:17,3255,0.4162,153.0000,13.1260,429.9750,27.1000,45.7000,0.5718,2.5560
2539,2026-08-12 20:50:19,3260,0.4169,152.0000,13.1040,429.9750,27.1000,45.7200,0.5710,2.5500
2540,2026-08-12 20:50:21,3265,0.4175,150.0000,13.0770,430.0124,27.1000,45.7400,0.5702,2.5440
2541,2026-08-12 20:50:23,3270,0.4182,150.0000,13.0430,431.4299,27.1000,45.7600,0.5694,2.5380
2542,2026-08-12 20:50:25,3277,0.4191,150.0000,13.0360,431.6097,27.1000,45.7800,0.5686,2.5320
2543,2026-08-12 20:50:27,3269,0.4180,149.0000,13.0100,431.7300,27.1000,45.8000,0.5678,2.5260
2544,2026-08-12 20:50:29,3290,0.4207,148.0000,13.0080,431.7601,27.1000,45.7600,0.5671,2.5200
2545,2026-08-12 20:50:31,3304,0.4225,147.0000,13.0180,431.7300,27.1000,45.7200,0.5663,2.5140
2546,2026-08-12 20:50:33,3296,0.4215,147.0000,12.9860,431.7300,27.1000,45.6800,0.5655,2.5080
2547,2026-08-12 20:50:35,3304,0.4225,147.0000,12.9620,431.9919,27.1000,45.6400,0.5647,2.5020
2548,2026-08-12 20:50:37,3310,0.4233,146.0000,12.9540,432.4270,27.1000,45.6000,0.5639,2.4960
2549,2026-08-12 20:50:39,3311,0.4234,146.0000,12.9330,432.5018,27.1000,45.6400,0.5631,2.4900
2550,2026-08-12 20:50:41,3331,0.4260,145.0000,12.8390,432.7425,27.1000,45.6800,0.5624,2.4840
2551,2026-08-12 20:50:43,3332,0.4261,145.0000,12.8570,433.2590,27.1000,45.7200,0.5616,2.4780
2552,2026-08-12 20:50:45,3331,0.4260,144.0000,12.8230,433.7924,27.1000,45.7600,0.5608,2.4720
2553,2026-08-12 20:50:47,3344,0.4276,144.0000,12.8340,433.8225,27.1000,45.8000,0.5600,2.4660
2554,2026-08-12 20:50:49,3343,0.4275,143.0000,12.8000,433.8225,27.1000,45.7800,0.5592,2.4600
2555,2026-08-12 20:50:51,3356,0.4292,143.0000,12.7960,433.7924,27.1000,45.7600,0.5584,2.4540
2556,2026-08-12 20:50:53,3358,0.4294,142.0000,12.7750,434.0324,27.1000,45.7400,0.5577,2.4480
2557,2026-08-12 20:50:55,3366,0.4304,143.0000,12.7770,434.0925,27.1000,45.7200,0.5569,2.4420
2558,2026-08-12 20:50:57,3368,0.4307,142.0000,12.7350,434.2275,27.1000,45.7000,0.5561,2.4360
2559,2026-08-12 20:50:59,3381,0.4324,142.0000,12.7490,434.4821,27.1000,45.6600,0.5553,2.4300
2560,2026-08-12 20:51:01,3378,0.4320,140.0000,12.7000,434.7073,27.1000,45.6200,0.5545,2.4239
2561,2026-08-12 20:51:03,3378,0.4320,140.0000,12.6660,434.7675,27.1000,45.5800,0.5538,2.4177
2562,2026-08-12 20:51:05,3389,0.4334,140.0000,12.6690,434.6325,27.1000,45.5400,0.5530,2.4115
2563,2026-08-12 20:51:07,3390,0.4335,139.0000,12.6170,434.5577,27.1000,45.5000,0.5522,2.4053
2564,2026-08-12 20:51:09,3395,0.4341,137.0000,12.6050,434.5577,27.1000,45.5200,0.5514,2.3991
2565,2026-08-12 20:51:11,3405,0.4354,138.0000,12.5870,434.6325,27.1000,45.5400,0.5506,2.3930
2566,2026-08-12 20:51:13,3412,0.4363,137.0000,12.5770,434.9025,27.1000,45.5600,0.5499,2.3870
2567,2026-08-12 20:51:15,3409,0.4359,136.0000,12.5420,434.9033,27.1000,45.5800,0.5491,2.3810
2568,2026-08-12 20:51:17,3420,0.4373,136.0000,12.5540,434.4227,27.1000,45.6000,0.5483,2.3750
2569,2026-08-12 20:51:19,3419,0.4372,137.0000,12.5170,434.4374,27.1000,45.6600,0.5475,2.3690
2570,2026-08-12 20:51:21,3418,0.4371,136.0000,12.4770,434.5577,27.1000,45.7200,0.5467,2.3630
2571,2026-08-12 20:51:23,3431,0.4387,136.0000,12.4880,433.8615,27.1000,45.7800,0.5460,2.3570
2572,2026-08-12 20:51:25,3449,0.4410,135.0000,12.4770,434.4975,27.1000,45.8400,0.5452,2.3510
2573,2026-08-12 20:51:27,3445,0.4405,135.0000,12.4390,434.4975,27.1000,45.9000,0.5444,2.3450
2574,2026-08-12 20:51:29,3457,0.4421,134.0000,12.4300,434.4975,27.1000,45.9200,0.5436,2.3390
2575,2026-08-12 20:51:31,3459,0.4423,135.0000,12.4080,491.6025,27.1000,45.9400,0.5429,2.3330
2576,2026-08-12 20:51:33,3469,0.4436,133.0000,12.3820,492.4800,27.1000,45.9600,0.5421,2.3270
2577,2026-08-12 20:51:35,3483,0.4454,132.0000,12.4000,491.9936,27.1000,45.9800,0.5413,2.3210
2578,2026-08-12 20:51:37,3489,0.4462,133.0000,12.3740,491.6025,27.1000,46.0000,0.5405,2.3150
2579,2026-08-12 20:51:39,3475,0.4444,132.0000,12.3170,486.1025,27.1000,46.0000,0.5397,2.3090
2580,2026-08-12 20:51:41,3490,0.4463,131.0000,12.3260,462.1205,27.1000,46.0000,0.5390,2.3030
2581,2026-08-12 20:51:43,3491,0.4464,131.0000,12.3220,447.6156,27.1000,46.0000,0.5382,2.2970
2582,2026-08-12 20:51:45,3487,0.4459,130.0000,12.2990,444.0231,27.1000,46.0000,0.5374,2.2910
2583,2026-08-12 20:51:47,3496,0.4471,130.0000,12.2680,443.7751,27.1000,46.0000,0.5366,2.2850
2584,2026-08-12 20:51:49,3508,0.4486,130.0000,12.2700,443.2806,27.1000,46.0000,0.5358,2.2790
2585,2026-08-12 20:51:51,3510,0.4488,129.0000,12.2500,442.0818,27.1000,46.0000,0.5351,2.2730
2586,2026-08-12 20:51:53,3522,0.4504,128.0000,12.2370,440.3488,27.1000,46.0000,0.5343,2.2670
2587,2026-08-12 20:51:55,3532,0.4517,128.0000,12.2180,438.9988,27.1000,46.0000,0.5335,2.2610
2588,2026-08-12 20:51:57,3539,0.4526,128.0000,12.1800,438.0075,27.1000,46.0000,0.5327,2.2550
2589,2026-08-12 20:51:59,3540,0.4527,128.0000,12.1460,438.0075,27.1000,46.0200,0.5320,2.2490
2590,2026-08-12 20:52:01,3542,0.4529,127.0000,12.1240,437.5350,27.1000,46.0400,0.5312,2.2430
2591,2026-08-12 20:52:03,2933,0.3751,92.0000,8.4750,437.3252,27.1000,46.0600,0.5304,2.2370
2592,2026-08-12 20:52:05,3547,0.4536,126.0000,11.9800,437.2650,27.1000,46.0800,0.5296,2.2310
2593,2026-08-12 20:52:07,3559,0.4551,125.0000,11.9830,437.3773,27.1000,46.1000,0.5289,2.2250
2594,2026-08-12 20:52:09,3555,0.4546,125.0000,11.9710,437.4675,27.1000,46.1200,0.5281,2.2190
2595,2026-08-12 20:52:11,3573,0.4569,124.0000,11.9880,437.4675,27.1000,46.1400,0.5273,2.2130
2596,2026-08-12 20:52:13,3571,0.4566,124.0000,11.9510,437.4675,27.1000,46.1600,0.5265,2.2070
2597,2026-08-12 20:52:15,3571,0.4566,124.0000,11.9350,437.4675,27.1000,46.1800,0.5258,2.2010
2598,2026-08-12 20:52:17,3570,0.4565,123.0000,11.8940,437.6473,27.1000,46.2000,0.5250,2.1950
2599,2026-08-12 20:52:19,3580,0.4578,122.0000,11.8890,437.7375,27.1000,46.2400,0.5242,2.1890
2600,2026-08-12 20:52:21,3580,0.4578,123.0000,11.8640,437.7074,27.1000,46.2800,0.5235,2.1830
2601,2026-08-12 20:52:23,3580,0.4578,121.0000,11.8270,437.7375,27.1000,46.3200,0.5227,2.1770
2602,2026-08-12 20:52:25,3582,0.4581,121.0000,11.7980,437.7375,27.1000,46.3600,0.5219,2.1710
2603,2026-08-12 20:52:27,3594,0.4596,120.0000,11.7940,437.7001,27.1000,46.4000,0.5211,2.1650
2604,2026-08-12 20:52:29,3591,0.4592,120.0000,11.7580,437.7375,27.1000,46.3400,0.5204,2.1590
2605,2026-08-12 20:52:31,3606,0.4611,120.0000,11.7520,437.5204,27.1000,46.2800,0.5196,2.1529
2606,2026-08-12 20:52:33,3615,0.4623,118.0000,11.7410,437.3626,27.1000,46.2200,0.5188,2.1467
2607,2026-08-12 20:52:35,3619,0.4628,118.0000,11.7170,437.3325,27.1000,46.1600,0.5181,2.1405
2608,2026-08-12 20:52:37,3622,0.4632,118.0000,11.7050,436.7925,27.1000,46.1000,0.5173,2.1343
2609,2026-08-12 20:52:39,3603,0.4607,98.0000,10.3920,436.6803,27.1200,46.1800,0.5165,2.1281
2610,2026-08-12 20:52:41,3631,0.4643,128.0000,12.5810,436.7023,27.1400,46.2600,0.5157,2.1220
2611,2026-08-12 20:52:43,3623,0.4633,128.0000,12.5210,436.9730,27.1600,46.3400,0.5150,2.1160
2612,2026-08-12 20:52:45,3627,0.4638,151.0000,14.1780,437.2723,27.1800,46.4200,0.5142,2.1100
2613,2026-08-12 20:52:47,3629,0.4641,152.0000,14.1370,437.9400,27.2000,46.5000,0.5134,2.1040
2614,2026-08-12 20:52:49,3630,0.4642,152.0000,14.1130,438.2767,27.1800,46.5000,0.5127,2.0980
2615,2026-08-12 20:52:51,3644,0.4660,151.0000,14.1130,438.6825,27.1600,46.5000,0.5119,2.0920
2616,2026-08-12 20:52:53,3648,0.4665,150.0000,14.0450,438.6825,27.1400,46.5000,0.5111,2.0860
2617,2026-08-12 20:52:55,3659,0.4679,148.0000,14.0060,438.6825,27.1200,46.5000,0.5103,2.0800
2618,2026-08-12 20:52:57,3890,0.4974,141.0000,14.4100,438.6077,27.1000,46.5000,0.5096,2.0740
2619,2026-08-12 20:52:59,3730,0.4770,142.0000,14.0250,438.6077,27.1200,46.6200,0.5088,2.0680
2620,2026-08-12 20:53:01,3731,0.4771,141.0000,13.9500,438.2181,27.1400,46.7400,0.5080,2.0620
2621,2026-08-12 20:53:03,3677,0.4702,146.0000,13.8160,438.2775,27.1600,46.8600,0.5073,2.0560
2622,2026-08-12 20:53:05,3688,0.4716,146.0000,13.8140,438.0075,27.1800,46.9800,0.5065,2.0500
2623,2026-08-12 20:53:07,3707,0.4740,145.0000,13.7860,438.2775,27.2000,47.1000,0.5057,2.0440
2624,2026-08-12 20:53:09,3703,0.4735,145.0000,13.7590,438.2775,27.2000,47.1200,0.5050,2.0380
2625,2026-08-12 20:53:11,3720,0.4757,143.0000,13.7520,438.2775,27.2000,47.1400,0.5042,2.0320
2626,2026-08-12 20:53:13,3728,0.4767,143.0000,13.7090,438.2775,27.2000,47.1600,0.5034,2.0260
2627,2026-08-12 20:53:15,3736,0.4777,141.0000,13.6760,438.2775,27.2000,47.1800,0.5027,2.0200
2628,2026-08-12 20:53:17,3734,0.4775,141.0000,13.6260,438.3450,27.2000,47.2000,0.5019,2.0140
2629,2026-08-12 20:53:19,3747,0.4792,141.0000,13.6080,437.9400,27.2000,47.2200,0.5011,2.0080
2630,2026-08-12 20:53:21,3752,0.4798,140.0000,13.5870,437.7155,27.2000,47.2400,0.5004,2.0020
2631,2026-08-12 20:53:23,3755,0.4802,139.0000,13.5310,437.9400,27.2000,47.2600,0.4996,1.9960
2632,2026-08-12 20:53:25,3758,0.4806,138.0000,13.4840,438.2100,27.2000,47.2800,0.4988,1.9900
2633,2026-08-12 20:53:27,3765,0.4815,138.0000,13.4640,438.0897,27.2000,47.3000,0.4981,1.9840
2634,2026-08-12 20:53:29,3769,0.4820,138.0000,13.4410,438.0897,27.2000,47.3600,0.4973,1.9780
2635,2026-08-12 20:53:31,3787,0.4843,138.0000,13.4270,438.5410,27.2000,47.4200,0.4965,1.9720
2636,2026-08-12 20:53:33,3791,0.4848,137.0000,13.3710,438.9525,27.2000,47.4800,0.4958,1.9660
2637,2026-08-12 20:53:35,3779,0.4832,137.0000,13.2830,438.5410,27.2000,47.5400,0.4950,1.9600
2638,2026-08-12 20:53:37,3792,0.4849,135.0000,13.2680,438.5410,27.2000,47.6000,0.4942,1.9540
2639,2026-08-12 20:53:39,3799,0.4858,133.0000,13.2230,438.5035,27.2200,47.5400,0.4935,1.9480
2640,2026-08-12 20:53:41,3796,0.4854,134.0000,13.2060,438.0222,27.2400,47.4800,0.4927,1.9420
2641,2026-08-12 20:53:43,3795,0.4853,133.0000,13.1770,438.1425,27.2600,47.4200,0.4919,1.9360
2642,2026-08-12 20:53:45,3801,0.4861,133.0000,13.1690,438.1425,27.2800,47.3600,0.4912,1.9300
2643,2026-08-12 20:53:47,3811,0.4873,132.0000,13.1350,438.1425,27.3000,47.3000,0.4904,1.9240
2644,2026-08-12 20:53:49,3809,0.4871,131.0000,13.0760,438.2100,27.3000,47.2600,0.4896,1.9180
2645,2026-08-12 20:53:51,3818,0.4882,131.0000,13.0620,438.6150,27.3000,47.2200,0.4889,1.9120
2646,2026-08-12 20:53:53,3812,0.4875,130.0000,13.0090,438.6451,27.3000,47.1800,0.4881,1.9060
2647,2026-08-12 20:53:55,3810,0.4872,129.0000,12.9600,438.8322,27.3000,47.1400,0.4874,1.9000
2648,2026-08-12 20:53:57,3821,0.4886,128.0000,12.9310,439.1550,27.3000,47.1000,0.4866,1.8940
2649,2026-08-12 20:53:59,3823,0.4889,128.0000,12.8890,439.1550,27.3000,47.1800,0.4858,1.8880
2650,2026-08-12 20:54:01,3815,0.4879,127.0000,12.8110,439.0200,27.3000,47.2600,0.4851,1.8820
2651,2026-08-12 20:54:03,3824,0.4890,127.0000,12.8180,438.9525,27.3000,47.3400,0.4843,1.8760
2652,2026-08-12 20:54:05,3832,0.4900,127.0000,12.7850,438.9826,27.3000,47.4200,0.4835,1.8700
2653,2026-08-12 20:54:07,3843,0.4914,126.0000,12.7520,438.1807,27.3000,47.5000,0.4828,1.8640
2654,2026-08-12 20:54:09,3865,0.4942,126.0000,12.7540,437.9400,27.3000,47.4600,0.4820,1.8580
2655,2026-08-12 20:54:11,3849,0.4922,124.0000,12.6760,437.8351,27.3000,47.4200,0.4813,1.8520
2656,2026-08-12 20:54:13,3881,0.4963,124.0000,12.6910,437.6554,27.3000,47.3800,0.4805,1.8460
2657,2026-08-12 20:54:15,3890,0.4974,124.0000,12.6750,436.8990,27.3000,47.3400,0.4797,1.8400
2658,2026-08-12 20:54:17,3878,0.4959,124.0000,12.6150,436.2379,27.3000,47.3000,0.4790,1.8340
2659,2026-08-12 20:54:19,3885,0.4968,124.0000,12.5850,436.1175,27.3000,47.2800,0.4782,1.8280
2660,2026-08-12 20:54:21,3883,0.4965,125.0000,12.5600,435.1432,27.3000,47.2600,0.4775,1.8220
2661,2026-08-12 20:54:23,3884,0.4967,122.0000,12.5110,434.8350,27.3000,47.2400,0.4767,1.8160
2662,2026-08-12 20:54:25,3895,0.4981,120.0000,12.4940,433.4850,27.3000,47.2200,0.4759,1.8100
2663,2026-08-12 20:54:27,3898,0.4985,120.0000,12.4800,432.9605,27.3000,47.2000,0.4752,1.8040
2664,2026-08-12 20:54:29,3909,0.4999,119.0000,12.4630,432.2781,27.3000,47.1800,0.4744,1.7980
2665,2026-08-12 20:54:31,3915,0.5006,120.0000,12.4440,431.1696,27.3000,47.1600,0.4737,1.7920
2666,2026-08-12 20:54:33,3917,0.5009,118.0000,12.4000,429.1504,27.3000,47.1400,0.4729,1.7860
2667,2026-08-12 20:54:35,3916,0.5008,118.0000,12.3570,426.0754,27.3000,47.1200,0.4721,1.7800
2668,2026-08-12 20:54:37,3931,0.5027,118.0000,12.3690,424.8238,27.3000,47.1000,0.4714,1.7740
2669,2026-08-12 20:54:39,3939,0.5037,118.0000,12.3350,423.4950,27.3000,47.1000,0.4706,1.7680
2670,2026-08-12 20:54:41,3955,0.5058,116.0000,12.3920,422.5581,27.3000,47.1000,0.4699,1.7620
2671,2026-08-12 20:54:43,3953,0.5055,115.0000,12.3680,422.0181,27.3000,47.1000,0.4691,1.7560
2672,2026-08-12 20:54:45,3969,0.5075,115.0000,12.3700,420.7503,27.3000,47.1000,0.4683,1.7500
2673,2026-08-12 20:54:47,3972,0.5079,114.0000,12.3390,420.2404,27.3000,47.1000,0.4676,1.7440
2674,2026-08-12 20:54:49,3975,0.5083,114.0000,12.3080,417.4181,27.3000,47.1200,0.4668,1.7380
2675,2026-08-12 20:54:51,3970,0.5077,113.0000,12.2800,414.5865,27.3000,47.1400,0.4661,1.7320
2676,2026-08-12 20:54:53,3972,0.5079,111.0000,12.2300,412.0354,27.3000,47.1600,0.4653,1.7260
2677,2026-08-12 20:54:55,3997,0.5111,112.0000,12.2520,410.2276,27.3000,47.1800,0.4646,1.7200
2678,2026-08-12 20:54:57,3998,0.5113,111.0000,12.2130,409.2379,27.3000,47.2000,0.4638,1.7140
2679,2026-08-12 20:54:59,3996,0.5110,111.0000,12.2040,406.7932,27.3000,47.1800,0.4631,1.7080
2680,2026-08-12 20:55:01,3997,0.5111,111.0000,12.1990,405.2797,27.3000,47.1600,0.4623,1.7020
2681,2026-08-12 20:55:03,4006,0.5123,110.0000,12.1850,402.6610,27.3000,47.1400,0.4615,1.6960
2682,2026-08-12 20:55:05,4012,0.5130,109.0000,12.1640,402.0601,27.3000,47.1200,0.4608,1.6900
2683,2026-08-12 20:55:07,4019,0.5139,109.0000,12.1490,400.5539,27.3000,47.1000,0.4600,1.6840
2684,2026-08-12 20:55:09,4029,0.5152,108.0000,12.1300,399.8854,27.3000,47.1200,0.4593,1.6780
2685,2026-08-12 20:55:11,4024,0.5146,108.0000,12.0960,399.1129,27.3000,47.1400,0.4585,1.6720
2686,2026-08-12 20:55:13,4039,0.5165,107.0000,12.0930,398.2215,27.3000,47.1600,0.4578,1.6660
2687,2026-08-12 20:55:15,4045,0.5173,107.0000,12.0850,397.6726,27.3000,47.1800,0.4570,1.6600
2688,2026-08-12 20:55:17,4039,0.5165,106.0000,12.0440,397.0651,27.3000,47.2000,0.4563,1.6540
2689,2026-08-12 20:55:19,4040,0.5166,106.0000,12.0090,397.0350,27.3000,47.1800,0.4555,1.6480
2690,2026-08-12 20:55:21,4046,0.5174,106.0000,12.0140,397.0350,27.3000,47.1600,0.4548,1.6420
2691,2026-08-12 20:55:23,4062,0.5194,106.0000,12.0210,397.0350,27.3000,47.1400,0.4540,1.6360
2692,2026-08-12 20:55:25,4069,0.5203,103.0000,11.9940,397.0350,27.3000,47.1200,0.4533,1.6300
2693,2026-08-12 20:55:27,4062,0.5194,103.0000,11.9720,397.1025,27.3000,47.1000,0.4525,1.6240
2694,2026-08-12 20:55:29,4070,0.5205,103.0000,11.9620,397.1627,27.3000,47.1200,0.4518,1.6180
2695,2026-08-12 20:55:31,4086,0.5225,102.0000,11.9730,397.3498,27.3000,47.1400,0.4510,1.6120
2696,2026-08-12 20:55:33,4079,0.5216,102.0000,11.9280,397.4774,27.3000,47.1600,0.4503,1.6060
2697,2026-08-12 20:55:35,4084,0.5223,102.0000,11.8900,397.9264,27.3000,47.1800,0.4495,1.6000
2698,2026-08-12 20:55:37,4093,0.5234,102.0000,11.9120,399.2089,27.3000,47.2000,0.4487,1.5940
2699,2026-08-12 20:55:39,4112,0.5258,102.0000,11.9190,399.7350,27.3000,47.2000,0.4480,1.5880
2700,2026-08-12 20:55:41,4106,0.5251,101.0000,11.9840,402.3961,27.3000,47.2000,0.4472,1.5820
2701,2026-08-12 20:55:43,4101,0.5244,101.0000,11.9450,403.6045,27.3000,47.2000,0.4465,1.5760
2702,2026-08-12 20:55:45,4107,0.5252,100.0000,11.9460,405.2172,27.3000,47.2000,0.4457,1.5700
2703,2026-08-12 20:55:47,4101,0.5244,100.0000,11.9170,406.4468,27.3000,47.2000,0.4450,1.5640
2704,2026-08-12 20:55:49,4116,0.5263,99.0000,11.9300,406.9868,27.3000,47.3400,0.4443,1.5580
2705,2026-08-12 20:55:51,4130,0.5281,99.0000,11.9360,408.2620,27.3000,47.4800,0.4435,1.5520
2706,2026-08-12 20:55:53,4133,0.5285,98.0000,11.9350,409.5129,27.3000,47.6200,0.4428,1.5460
2707,2026-08-12 20:55:55,4134,0.5286,98.0000,11.9180,410.5423,27.3000,47.7600,0.4420,1.5400
2708,2026-08-12 20:55:57,4135,0.5288,98.0000,11.9040,414.6641,27.3000,47.9000,0.4413,1.5340
2709,2026-08-12 20:55:59,4152,0.5309,97.0000,11.9120,416.2417,27.3000,47.8800,0.4405,1.5280
2710,2026-08-12 20:56:01,4151,0.5308,97.0000,11.9090,417.0972,27.3000,47.8600,0.4398,1.5220
2711,2026-08-12 20:56:03,4149,0.5306,97.0000,11.8790,417.4948,27.3000,47.8400,0.4390,1.5160
2712,2026-08-12 20:56:05,4142,0.5297,97.0000,11.8460,420.3958,27.3000,47.8200,0.4383,1.5100
2713,2026-08-12 20:56:07,0,0.0000,2.0000,1.5530,421.4546,27.3000,47.8000,0.4375,1.5040
2714,2026-08-12 20:56:09,4138,0.5292,96.0000,11.7640,424.9800,27.3000,47.8200,0.4368,1.4980
2715,2026-08-12 20:56:11,4149,0.5306,97.0000,11.7860,426.1348,27.3000,47.8400,0.4360,1.4920
2716,2026-08-12 20:56:13,4156,0.5315,96.0000,11.7970,426.7042,27.3000,47.8600,0.4353,1.4860
2717,2026-08-12 20:56:15,4160,0.5320,97.0000,11.7740,427.0050,27.3000,47.8800,0.4345,1.4800
2718,2026-08-12 20:56:17,4179,0.5344,96.0000,11.8100,428.5934,27.3000,47.9000,0.4338,1.4740
2719,2026-08-12 20:56:19,4197,0.5367,96.0000,11.8300,431.4203,27.3000,47.9000,0.4330,1.4680
2720,2026-08-12 20:56:21,4191,0.5359,96.0000,11.7840,432.3896,27.3000,47.9000,0.4323,1.4620
2721,2026-08-12 20:56:23,4189,0.5357,96.0000,11.7700,432.5400,27.3000,47.9000,0.4316,1.4560
2722,2026-08-12 20:56:25,4185,0.5352,96.0000,11.7330,432.7645,27.3000,47.9000,0.4308,1.4500
2723,2026-08-12 20:56:27,4256,0.5442,91.0000,11.7830,432.9450,27.3000,47.9000,0.4301,1.4440
2724,2026-08-12 20:56:29,4192,0.5361,95.0000,11.7050,433.4615,27.3000,47.8800,0.4293,1.4380
2725,2026-08-12 20:56:31,4198,0.5368,92.0000,11.6810,434.3837,27.3000,47.8600,0.4286,1.4320
2726,2026-08-12 20:56:33,4185,0.5352,95.0000,11.6730,434.8350,27.3000,47.8400,0.4278,1.4260
2727,2026-08-12 20:56:35,4190,0.5358,95.0000,11.6570,435.6890,27.3000,47.8200,0.4271,1.4200
2728,2026-08-12 20:56:37,4198,0.5368,96.0000,11.6580,436.6567,27.3000,47.8000,0.4263,1.4140
2729,2026-08-12 20:56:39,4231,0.5410,103.0000,12.5050,437.1373,27.3200,47.8600,0.4256,1.4080
2730,2026-08-12 20:56:41,4244,0.5427,116.0000,13.3470,437.6318,27.3400,47.9200,0.4249,1.4020
2731,2026-08-12 20:56:43,4262,0.5450,132.0000,14.6480,437.2577,27.3600,47.9800,0.4241,1.3960
2732,2026-08-12 20:56:45,4222,0.5399,239.0000,29.7280,437.1975,27.3800,48.0400,0.4234,1.3900
2733,2026-08-12 20:56:47,4231,0.5410,236.0000,28.2090,437.5717,27.4000,48.1000,0.4226,1.3840
2734,2026-08-12 20:56:49,4233,0.5413,223.0000,26.6740,438.0523,27.3800,48.0800,0.4219,1.3780
2735,2026-08-12 20:56:51,4250,0.5435,222.0000,26.5920,438.1425,27.3600,48.0600,0.4212,1.3720
2736,2026-08-12 20:56:53,4254,0.5440,222.0000,26.4910,438.1799,27.3400,48.0400,0.4204,1.3660
2737,2026-08-12 20:56:55,4268,0.5458,220.0000,26.3490,439.3406,27.3200,48.0200,0.4197,1.3600
2738,2026-08-12 20:56:57,4260,0.5448,221.0000,26.2000,445.8418,27.3000,48.0000,0.4189,1.3540
2739,2026-08-12 20:56:59,4273,0.5464,219.0000,26.1480,447.1648,27.3000,47.9800,0.4182,1.3480
2740,2026-08-12 20:57:01,4273,0.5464,218.0000,26.0350,448.3701,27.3000,47.9600,0.4175,1.3420
2741,2026-08-12 20:57:03,4284,0.5478,218.0000,25.9640,449.2800,27.3000,47.9400,0.4167,1.3360
2742,2026-08-12 20:57:05,4295,0.5492,218.0000,25.8640,449.2800,27.3000,47.9200,0.4160,1.3300
2743,2026-08-12 20:57:07,4287,0.5482,216.0000,25.7350,448.1649,27.3000,47.9000,0.4152,1.3240
2744,2026-08-12 20:57:09,4282,0.5476,213.0000,25.5890,447.2851,27.3000,47.9000,0.4145,1.3180
2745,2026-08-12 20:57:11,4296,0.5494,212.0000,25.5210,447.0151,27.3000,47.9000,0.4138,1.3120
2746,2026-08-12 20:57:13,4302,0.5501,211.0000,25.4160,447.1648,27.3000,47.9000,0.4130,1.3060
2747,2026-08-12 20:57:15,4297,0.5495,211.0000,25.2910,448.3315,27.3000,47.9000,0.4123,1.3000
2748,2026-08-12 20:57:17,4301,0.5500,210.0000,25.1820,439.9064,27.3000,47.9000,0.4115,1.2940
2749,2026-08-12 20:57:19,4308,0.5509,209.0000,25.0960,435.1096,27.3200,47.8800,0.4108,1.2880
2750,2026-08-12 20:57:21,4305,0.5505,209.0000,24.9700,433.3500,27.3400,47.8600,0.4101,1.2820
2751,2026-08-12 20:57:23,4310,0.5512,209.0000,24.8410,433.3500,27.3600,47.8400,0.4093,1.2760
2752,2026-08-12 20:57:25,4308,0.5509,205.0000,24.6810,432.1431,27.3800,47.8200,0.4086,1.2700
2753,2026-08-12 20:57:27,4326,0.5532,204.0000,24.6410,430.6435,27.4000,47.8000,0.4079,1.2640
2754,2026-08-12 20:57:29,4323,0.5528,204.0000,24.5240,429.8400,27.3800,47.8400,0.4071,1.2580
2755,2026-08-12 20:57:31,4329,0.5536,203.0000,24.4310,429.7725,27.3600,47.8800,0.4064,1.2520
2756,2026-08-12 20:57:33,4349,0.5561,202.0000,24.3280,429.3382,27.3400,47.9200,0.4057,1.2460
2757,2026-08-12 20:57:35,4362,0.5578,201.0000,24.2450,428.7600,27.3200,47.9600,0.4049,1.2400
2758,2026-08-12 20:57:37,4356,0.5570,200.0000,24.1110,427.5539,27.3000,48.0000,0.4042,1.2340
2759,2026-08-12 20:57:39,4362,0.5578,200.0000,23.9970,426.9302,27.3200,48.0000,0.4035,1.2280
2760,2026-08-12 20:57:41,4356,0.5570,199.0000,23.5450,426.8025,27.3400,48.0000,0.4027,1.2220
2761,2026-08-12 20:57:43,4358,0.5573,198.0000,23.4890,426.5406,27.3600,48.0000,0.4020,1.2160
2762,2026-08-12 20:57:45,4363,0.5579,196.0000,23.4250,426.2926,27.3800,48.0000,0.4013,1.2100
2763,2026-08-12 20:57:47,4380,0.5601,197.0000,23.3140,426.0901,27.4000,48.0000,0.4005,1.2040
2764,2026-08-12 20:57:49,4377,0.5597,196.0000,23.2270,425.3923,27.3800,48.0000,0.3998,1.1980
2765,2026-08-12 20:57:51,4400,0.5627,192.0000,23.1690,425.3175,27.3600,48.0000,0.3991,1.1920
2766,2026-08-12 20:57:53,4409,0.5638,192.0000,23.0710,425.3175,27.3400,48.0000,0.3983,1.1860
2767,2026-08-12 20:57:55,4399,0.5625,192.0000,22.9150,425.1378,27.3200,48.0000,0.3976,1.1800
2768,2026-08-12 20:57:57,4402,0.5629,189.0000,22.8440,424.5750,27.3000,48.0000,0.3969,1.1740
2769,2026-08-12 20:57:59,4410,0.5639,189.0000,22.7180,424.3652,27.3000,48.0000,0.3961,1.1680
2770,2026-08-12 20:58:01,4420,0.5652,188.0000,22.6200,424.3050,27.3000,48.0000,0.3954,1.1620
2771,2026-08-12 20:58:03,4417,0.5648,188.0000,22.4820,424.2375,27.3000,48.0000,0.3947,1.1560
2772,2026-08-12 20:58:05,4422,0.5655,186.0000,22.4220,423.6975,27.3000,48.0000,0.3939,1.1500
2773,2026-08-12 20:58:07,4438,0.5675,185.0000,22.3130,423.6975,27.3000,48.0000,0.3932,1.1440
2774,2026-08-12 20:58:09,4444,0.5683,185.0000,22.2410,423.6601,27.3000,48.0000,0.3925,1.1380
2775,2026-08-12 20:58:11,4445,0.5684,183.0000,22.1230,422.9257,27.3000,48.0000,0.3918,1.1320
2776,2026-08-12 20:58:13,4447,0.5687,183.0000,22.0090,422.6850,27.3000,48.0000,0.3910,1.1260
2777,2026-08-12 20:58:15,4457,0.5699,181.0000,21.9050,422.6850,27.3000,48.0000,0.3903,1.1200
2778,2026-08-12 20:58:17,4455,0.5697,180.0000,21.8040,422.4679,27.3000,48.0000,0.3896,1.1140
2779,2026-08-12 20:58:19,4463,0.5707,179.0000,21.6750,421.8075,27.3200,48.0200,0.3888,1.1080
2780,2026-08-12 20:58:21,4468,0.5714,179.0000,21.5510,421.5082,27.3400,48.0400,0.3881,1.1020
2781,2026-08-12 20:58:23,4454,0.5696,178.0000,21.4510,421.0203,27.3600,48.0600,0.3874,1.0960
2782,2026-08-12 20:58:25,4462,0.5706,178.0000,21.3290,419.1912,27.3800,48.0800,0.3867,1.0900
2783,2026-08-12 20:58:27,4472,0.5719,176.0000,21.2120,418.5829,27.4000,48.1000,0.3859,1.0840
2784,2026-08-12 20:58:29,4459,0.5702,175.0000,20.8800,418.6196,27.3800,48.1200,0.3852,1.0780
2785,2026-08-12 20:58:31,4491,0.5743,173.0000,20.8120,418.5829,27.3600,48.1400,0.3845,1.0720
2786,2026-08-12 20:58:33,4481,0.5730,173.0000,20.7470,418.0950,27.3400,48.1600,0.3838,1.0660
2787,2026-08-12 20:58:35,4476,0.5724,172.0000,20.6090,417.6900,27.3200,48.1800,0.3830,1.0600
2788,2026-08-12 20:58:37,4478,0.5726,172.0000,20.5020,417.9145,27.3000,48.2000,0.3823,1.0540
2789,2026-08-12 20:58:39,4485,0.5735,171.0000,20.3940,417.7957,27.3000,48.2400,0.3816,1.0480
2790,2026-08-12 20:58:41,4490,0.5742,169.0000,20.0490,417.4948,27.3000,48.2800,0.3808,1.0420
2791,2026-08-12 20:58:43,4492,0.5744,169.0000,19.9780,417.4802,27.3000,48.3200,0.3801,1.0360
2792,2026-08-12 20:58:45,4499,0.5753,167.0000,19.8710,417.2175,27.3000,48.3600,0.3794,1.0300
2793,2026-08-12 20:58:47,4498,0.5752,166.0000,19.7510,416.7979,27.3000,48.4000,0.3787,1.0240
2794,2026-08-12 20:58:49,4545,0.5812,164.0000,19.7280,416.0033,27.3000,48.4200,0.3780,1.0180
2795,2026-08-12 20:58:51,4527,0.5789,164.0000,19.5440,415.2461,27.3000,48.4400,0.3772,1.0120
2796,2026-08-12 20:58:53,4530,0.5793,162.0000,19.3980,414.1353,27.3000,48.4600,0.3765,1.0060
2797,2026-08-12 20:58:55,4535,0.5799,161.0000,19.3350,413.9775,27.3000,48.4800,0.3758,1.0000
2798,2026-08-12 20:58:57,4545,0.5812,162.0000,19.2310,413.4830,27.3000,48.5000,0.3751,0.9940
2799,2026-08-12 20:58:59,4541,0.5807,161.0000,19.1200,412.3583,27.3000,48.4800,0.3743,0.9880
2800,2026-08-12 20:59:01,4564,0.5836,161.0000,19.0420,412.0501,27.3000,48.4600,0.3736,0.9820
2801,2026-08-12 20:59:03,4568,0.5841,159.0000,18.9230,411.8329,27.3000,48.4400,0.3729,0.9760
2802,2026-08-12 20:59:05,4580,0.5857,157.0000,18.8460,411.4580,27.3000,48.4200,0.3722,0.9700
2803,2026-08-12 20:59:07,4595,0.5876,157.0000,18.7770,411.0376,27.3000,48.4000,0.3715,0.9640
2804,2026-08-12 20:59:09,4605,0.5889,156.0000,18.6570,410.0706,27.3000,48.3800,0.3707,0.9580
2805,2026-08-12 20:59:11,4591,0.5871,154.0000,18.4900,409.7177,27.3000,48.3600,0.3700,0.9521
2806,2026-08-12 20:59:13,4590,0.5870,154.0000,18.3840,409.2305,27.3000,48.3400,0.3693,0.9463
2807,2026-08-12 20:59:15,4569,0.5843,153.0000,18.2080,408.7052,27.3000,48.3200,0.3686,0.9405
2808,2026-08-12 20:59:17,4573,0.5848,154.0000,18.1210,407.3949,27.3000,48.3000,0.3679,0.9347
2809,2026-08-12 20:59:19,4562,0.5834,151.0000,17.9660,405.7653,27.3000,48.3200,0.3671,0.9289
2810,2026-08-12 20:59:21,4581,0.5858,151.0000,17.8730,405.4953,27.3000,48.3400,0.3664,0.9230
2811,2026-08-12 20:59:23,4586,0.5864,150.0000,17.7500,405.3676,27.3000,48.3600,0.3657,0.9170
2812,2026-08-12 20:59:25,4588,0.5867,149.0000,17.6070,405.0756,27.3000,48.3800,0.3650,0.9110
2813,2026-08-12 20:59:27,4580,0.5857,147.0000,17.4540,404.8650,27.3000,48.4000,0.3643,0.9050
2814,2026-08-12 20:59:29,4587,0.5866,147.0000,17.3300,403.7784,27.3200,48.4000,0.3635,0.8990
2815,2026-08-12 20:59:31,4594,0.5875,145.0000,17.1930,402.9376,27.3400,48.4000,0.3628,0.8930
2816,2026-08-12 20:59:33,4594,0.5875,145.0000,17.0940,402.3675,27.3600,48.4000,0.3621,0.8870
2817,2026-08-12 20:59:35,4581,0.5858,143.0000,16.9100,402.0601,27.3800,48.4000,0.3614,0.8810
2818,2026-08-12 20:59:37,4569,0.5843,143.0000,16.7650,401.7226,27.4000,48.4000,0.3607,0.8750
2819,2026-08-12 20:59:39,4573,0.5848,143.0000,16.6500,401.5502,27.3800,48.4000,0.3600,0.8690
2820,2026-08-12 20:59:41,4588,0.5867,141.0000,16.3250,400.5230,27.3600,48.4000,0.3592,0.8630
2821,2026-08-12 20:59:43,4606,0.5890,139.0000,16.2660,399.4430,27.3400,48.4000,0.3585,0.8570
2822,2026-08-12 20:59:45,4606,0.5890,138.0000,16.1770,398.6859,27.3200,48.4000,0.3578,0.8510
2823,2026-08-12 20:59:47,4617,0.5904,137.0000,16.0770,397.3667,27.3000,48.4000,0.3571,0.8450
2824,2026-08-12 20:59:49,4611,0.5896,136.0000,15.9420,396.1282,27.3200,48.4000,0.3564,0.8390
2825,2026-08-12 20:59:51,4604,0.5887,136.0000,15.7570,395.3402,27.3400,48.4000,0.3557,0.8330
2826,2026-08-12 20:59:53,4615,0.5902,135.0000,15.6660,393.5941,27.3600,48.4000,0.3550,0.8270
2827,2026-08-12 20:59:55,4620,0.5908,134.0000,15.5470,391.1633,27.3800,48.4000,0.3542,0.8210
2828,2026-08-12 20:59:57,4621,0.5909,133.0000,15.4120,390.7803,27.4000,48.4000,0.3535,0.8150
2829,2026-08-12 20:59:59,4620,0.5908,131.0000,15.2500,390.6900,27.4000,48.4200,0.3528,0.8090
2830,2026-08-12 21:00:01,4617,0.5904,131.0000,15.1470,390.3533,27.4000,48.4400,0.3521,0.8030
2831,2026-08-12 21:00:03,4603,0.5886,131.0000,14.9980,390.0825,27.4000,48.4600,0.3514,0.7970
2832,2026-08-12 21:00:05,4603,0.5886,131.0000,14.8630,389.4465,27.4000,48.4800,0.3507,0.7910
2833,2026-08-12 21:00:07,4600,0.5882,129.0000,14.7720,387.6907,27.4000,48.5000,0.3500,0.7850
2834,2026-08-12 21:00:09,4590,0.5870,128.0000,14.6330,386.5733,27.4000,48.5000,0.3493,0.7790
2835,2026-08-12 21:00:11,4587,0.5866,127.0000,14.5050,385.9504,27.4000,48.5000,0.3486,0.7730
2836,2026-08-12 21:00:13,4564,0.5836,127.0000,14.3220,383.6195,27.4000,48.5000,0.3478,0.7670
2837,2026-08-12 21:00:15,4540,0.5806,126.0000,14.1780,382.6876,27.4000,48.5000,0.3471,0.7610
2838,2026-08-12 21:00:17,4532,0.5795,124.0000,14.0230,381.7353,27.4000,48.5000,0.3464,0.7550
2839,2026-08-12 21:00:19,4512,0.5770,123.0000,13.8730,381.3303,27.3800,48.5200,0.3457,0.7490
2840,2026-08-12 21:00:21,4477,0.5725,123.0000,13.6940,380.6406,27.3600,48.5400,0.3450,0.7430
2841,2026-08-12 21:00:23,4476,0.5724,122.0000,13.5720,380.4300,27.3400,48.5600,0.3443,0.7370
2842,2026-08-12 21:00:25,4442,0.5680,121.0000,13.3230,379.5614,27.3200,48.5800,0.3436,0.7310
2843,2026-08-12 21:00:27,4413,0.5643,120.0000,13.1780,378.6376,27.3000,48.6000,0.3429,0.7250
2844,2026-08-12 21:00:29,4423,0.5656,118.0000,13.0690,377.9553,27.3000,48.5800,0.3422,0.7190
2845,2026-08-12 21:00:31,4388,0.5611,118.0000,12.9390,377.1306,27.3000,48.5600,0.3415,0.7130
2846,2026-08-12 21:00:33,4388,0.5611,116.0000,12.7040,376.7029,27.3000,48.5400,0.3408,0.7070
2847,2026-08-12 21:00:35,4353,0.5566,115.0000,12.4640,376.4475,27.3000,48.5200,0.3401,0.7010
2848,2026-08-12 21:00:37,4339,0.5549,113.0000,12.3550,375.5480,27.3000,48.5000,0.3393,0.6950
2849,2026-08-12 21:00:39,4295,0.5492,112.0000,12.2150,374.3778,27.3000,48.5000,0.3386,0.6890
2850,2026-08-12 21:00:41,4270,0.5460,112.0000,12.0120,373.1115,27.3000,48.5000,0.3379,0.6831
2851,2026-08-12 21:00:43,4261,0.5449,111.0000,11.8780,371.6859,27.3000,48.5000,0.3372,0.6773
2852,2026-08-12 21:00:45,4216,0.5391,110.0000,11.7200,371.2427,27.3000,48.5000,0.3365,0.6715
2853,2026-08-12 21:00:47,4167,0.5329,109.0000,11.5500,371.0776,27.3000,48.5000,0.3358,0.6657
2854,2026-08-12 21:00:49,4134,0.5286,109.0000,11.4580,370.0732,27.3000,48.4800,0.3351,0.6599
2855,2026-08-12 21:00:51,4118,0.5266,108.0000,11.3350,369.4503,27.3000,48.4600,0.3344,0.6540
2856,2026-08-12 21:00:53,4071,0.5206,106.0000,11.1960,368.9631,27.3000,48.4400,0.3337,0.6480
2857,2026-08-12 21:00:55,4016,0.5136,106.0000,11.0490,367.9734,27.3000,48.4200,0.3330,0.6420
2858,2026-08-12 21:00:57,4014,0.5133,103.0000,10.9170,367.3350,27.3000,48.4000,0.3323,0.6360
2859,2026-08-12 21:00:59,3971,0.5078,103.0000,10.7760,366.6901,27.3000,48.4200,0.3316,0.6300
2860,2026-08-12 21:01:01,3964,0.5069,101.0000,10.4660,365.9403,27.3000,48.4400,0.3309,0.6240
2861,2026-08-12 21:01:03,3928,0.5023,101.0000,10.4000,365.5125,27.3000,48.4600,0.3302,0.6180
2862,2026-08-12 21:01:05,3846,0.4918,101.0000,10.2450,364.9953,27.3000,48.4800,0.3295,0.6120
2863,2026-08-12 21:01:07,3807,0.4868,101.0000,10.1550,364.7326,27.3000,48.5000,0.3288,0.6060
2864,2026-08-12 21:01:09,3776,0.4829,100.0000,10.0290,364.4032,27.3000,48.5000,0.3281,0.6000
2865,2026-08-12 21:01:11,3770,0.4821,99.0000,9.8810,362.5888,27.3000,48.5000,0.3274,0.5940
2866,2026-08-12 21:01:13,3721,0.4758,98.0000,9.7380,361.5975,27.3000,48.5000,0.3267,0.5880
2867,2026-08-12 21:01:15,3688,0.4716,97.0000,9.5580,361.5975,27.3000,48.5000,0.3260,0.5820
2868,2026-08-12 21:01:17,3642,0.4657,97.0000,9.4630,361.1632,27.3000,48.5000,0.3253,0.5760
2869,2026-08-12 21:01:19,3576,0.4573,97.0000,9.2840,360.4801,27.3000,48.5000,0.3246,0.5700
2870,2026-08-12 21:01:21,3523,0.4505,96.0000,9.1440,360.0604,27.3000,48.5000,0.3239,0.5640
2871,2026-08-12 21:01:23,3474,0.4442,95.0000,8.8900,359.6929,27.3000,48.5000,0.3232,0.5580
2872,2026-08-12 21:01:25,3410,0.4361,95.0000,8.7740,359.8425,27.3000,48.5000,0.3225,0.5520
2873,2026-08-12 21:01:27,3353,0.4288,95.0000,8.6620,359.7075,27.3000,48.5000,0.3218,0.5460
2874,2026-08-12 21:01:29,3285,0.4201,95.0000,8.5010,359.2204,27.3000,48.5200,0.3211,0.5400
2875,2026-08-12 21:01:31,3206,0.4100,95.0000,8.3340,358.9577,27.3000,48.5400,0.3204,0.5340
2876,2026-08-12 21:01:33,3130,0.4003,95.0000,8.1790,358.3803,27.3000,48.5600,0.3197,0.5280
2877,2026-08-12 21:01:35,3086,0.3946,95.0000,8.0700,357.4588,27.3000,48.5800,0.3190,0.5220
2878,2026-08-12 21:01:37,3092,0.3954,94.0000,7.9070,356.9026,27.3000,48.6000,0.3183,0.5160
2879,2026-08-12 21:01:39,3032,0.3877,94.0000,7.7910,356.5651,27.3000,48.6200,0.3176,0.5100
2880,2026-08-12 21:01:41,2951,0.3774,93.0000,7.5550,355.4859,27.3000,48.6400,0.3169,0.5041
2881,2026-08-12 21:01:43,2882,0.3685,93.0000,7.4400,354.5929,27.3000,48.6600,0.3162,0.4983
2882,2026-08-12 21:01:45,2799,0.3579,92.0000,7.2680,354.2180,27.3000,48.6800,0.3156,0.4925
2883,2026-08-12 21:01:47,2798,0.3578,92.0000,7.1880,353.5577,27.3000,48.7000,0.3149,0.4867
2884,2026-08-12 21:01:49,2702,0.3455,93.0000,7.0150,353.4300,27.3000,48.6800,0.3142,0.4809
2885,2026-08-12 21:01:51,2699,0.3451,91.0000,6.8650,352.3581,27.3000,48.6600,0.3135,0.4750
2886,2026-08-12 21:01:53,2653,0.3393,91.0000,6.7610,352.1101,27.3000,48.6400,0.3128,0.4690
2887,2026-08-12 21:01:55,2581,0.3301,91.0000,6.5760,352.0800,27.3000,48.6200,0.3121,0.4630
2888,2026-08-12 21:01:57,2506,0.3205,90.0000,6.4300,351.7954,27.3000,48.6000,0.3114,0.4570
2889,2026-08-12 21:01:59,2443,0.3124,90.0000,6.2980,351.3603,27.3000,48.6200,0.3107,0.4510
2890,2026-08-12 21:02:01,2371,0.3032,89.0000,6.1260,350.6787,27.3000,48.6400,0.3100,0.4450
2891,2026-08-12 21:02:03,2337,0.2988,90.0000,6.0350,350.1225,27.3000,48.6600,0.3093,0.4390
2892,2026-08-12 21:02:05,2276,0.2910,89.0000,5.8650,350.1225,27.3000,48.6800,0.3086,0.4330
2893,2026-08-12 21:02:07,2258,0.2887,88.0000,5.7320,350.0851,27.3000,48.7000,0.3079,0.4270
2894,2026-08-12 21:02:09,2204,0.2818,86.0000,5.5790,349.1856,27.3000,48.7000,0.3073,0.4210
2895,2026-08-12 21:02:11,2112,0.2701,86.0000,5.3790,348.7505,27.3000,48.7000,0.3066,0.4150
2896,2026-08-12 21:02:13,2132,0.2726,85.0000,5.2680,348.4952,27.3000,48.7000,0.3059,0.4090
2897,2026-08-12 21:02:15,2172,0.2777,81.0000,5.1140,348.4350,27.3000,48.7000,0.3052,0.4030
2898,2026-08-12 21:02:17,2086,0.2668,80.0000,4.9460,348.4350,27.3000,48.7000,0.3045,0.3970
2899,2026-08-12 21:02:19,2110,0.2698,79.0000,4.8370,348.4350,27.3000,48.7400,0.3038,0.3910
2900,2026-08-12 21:02:21,2106,0.2693,75.0000,4.6790,348.2325,27.3000,48.7800,0.3031,0.3850
2901,2026-08-12 21:02:23,2118,0.2708,74.0000,4.5550,348.2325,27.3000,48.8200,0.3024,0.3790
2902,2026-08-12 21:02:25,2046,0.2616,71.0000,4.3590,348.1650,27.3000,48.8600,0.3018,0.3730
2903,2026-08-12 21:02:27,1955,0.2500,70.0000,4.1800,347.9625,27.3000,48.9000,0.3011,0.3670
2904,2026-08-12 21:02:29,1864,0.2384,67.0000,4.0210,347.9625,27.3000,48.9000,0.3004,0.3610
2905,2026-08-12 21:02:31,1812,0.2317,64.0000,3.9600,347.7754,27.3000,48.9000,0.2997,0.3550
2906,2026-08-12 21:02:33,1739,0.2224,63.0000,3.8700,347.6250,27.3000,48.9000,0.2990,0.3490
2907,2026-08-12 21:02:35,1680,0.2148,61.0000,3.7420,347.6250,27.3000,48.9000,0.2983,0.3430
2908,2026-08-12 21:02:37,1665,0.2129,58.0000,3.6870,347.3404,27.3000,48.9000,0.2976,0.3370
2909,2026-08-12 21:02:39,1637,0.2093,58.0000,3.6130,347.1452,27.3000,48.9200,0.2970,0.3310
2910,2026-08-12 21:02:41,1536,0.1964,55.0000,4.2600,347.0549,27.3000,48.9400,0.2963,0.3251
2911,2026-08-12 21:02:43,1516,0.1939,53.0000,4.2020,347.0175,27.3000,48.9600,0.2956,0.3193
2912,2026-08-12 21:02:45,1376,0.1760,52.0000,3.9770,346.9053,27.3000,48.9800,0.2949,0.3135
2913,2026-08-12 21:02:47,1366,0.1747,50.0000,3.9040,346.8150,27.3000,49.0000,0.2942,0.3077
2914,2026-08-12 21:02:49,1317,0.1684,49.0000,3.8210,346.8150,27.3000,49.0000,0.2935,0.3019
2915,2026-08-12 21:02:51,1251,0.1600,46.0000,3.7520,346.0879,27.3000,49.0000,0.2929,0.2960
2916,2026-08-12 21:02:53,1196,0.1529,45.0000,3.6740,345.9375,27.3000,49.0000,0.2922,0.2900
2917,2026-08-12 21:02:55,1157,0.1480,44.0000,3.6000,345.9375,27.3000,49.0000,0.2915,0.2840
2918,2026-08-12 21:02:57,1098,0.1404,43.0000,3.5230,345.9375,27.3000,49.0000,0.2908,0.2780
2919,2026-08-12 21:02:59,1020,0.1304,42.0000,3.4100,345.9074,27.2800,48.9800,0.2901,0.2720
2920,2026-08-12 21:03:01,962,0.1230,41.0000,3.3410,345.6000,27.2600,48.9600,0.2895,0.2660
2921,2026-08-12 21:03:03,901,0.1152,40.0000,3.2680,345.4129,27.2400,48.9400,0.2888,0.2600
2922,2026-08-12 21:03:05,828,0.1059,39.0000,3.1840,345.2625,27.2200,48.9200,0.2881,0.2540
2923,2026-08-12 21:03:07,781,0.0999,38.0000,3.1400,344.9632,27.2000,48.9000,0.2874,0.2480
2924,2026-08-12 21:03:09,731,0.0935,37.0000,3.0760,344.2728,27.2200,48.9000,0.2867,0.2420
2925,2026-08-12 21:03:11,673,0.0861,36.0000,3.0130,343.8450,27.2400,48.9000,0.2861,0.2360
2926,2026-08-12 21:03:13,614,0.0785,35.0000,2.9400,343.6279,27.2600,48.9000,0.2854,0.2300
2927,2026-08-12 21:03:15,557,0.0712,34.0000,2.8700,343.5075,27.2800,48.9000,0.2847,0.2240
2928,2026-08-12 21:03:17,518,0.0662,34.0000,2.8420,343.3725,27.3000,48.9000,0.2840,0.2180
2929,2026-08-12 21:03:19,444,0.0568,31.0000,2.7740,343.3725,27.3000,48.9000,0.2834,0.2120
2930,2026-08-12 21:03:21,387,0.0495,30.0000,2.7300,342.8927,27.3000,48.9000,0.2827,0.2060
2931,2026-08-12 21:03:23,321,0.0410,29.0000,2.6710,342.7650,27.3000,48.9000,0.2820,0.2000
2932,2026-08-12 21:03:25,247,0.0316,28.0000,2.6100,342.7276,27.3000,48.9000,0.2813,0.1940
2933,2026-08-12 21:03:27,138,0.0176,27.0000,2.5510,341.8582,27.3000,48.9000,0.2807,0.1880
2934,2026-08-12 21:03:29,16,0.0020,26.0000,2.5000,341.5801,27.2800,48.9000,0.2800,0.1820
2935,2026-08-12 21:03:31,1,0.0001,26.0000,2.4380,340.9132,27.2600,48.9000,0.2793,0.1761
2936,2026-08-12 21:03:33,0,0.0000,24.0000,2.3940,340.2675,27.2400,48.9000,0.2786,0.1703
2937,2026-08-12 21:03:35,0,0.0000,24.0000,2.3490,339.6754,27.2200,48.9000,0.2780,0.1645
2938,2026-08-12 21:03:37,0,0.0000,23.0000,2.3010,339.3827,27.2000,48.9000,0.2773,0.1587
2939,2026-08-12 21:03:39,0,0.0000,23.0000,2.2600,339.2623,27.2000,48.9200,0.2766,0.1529
2940,2026-08-12 21:03:41,0,0.0000,22.0000,2.5470,339.1127,27.2000,48.9400,0.2760,0.1470
2941,2026-08-12 21:03:43,0,0.0000,22.0000,2.4820,339.1273,27.2000,48.9600,0.2753,0.1410
2942,2026-08-12 21:03:45,0,0.0000,21.0000,2.4410,338.9403,27.2000,48.9800,0.2746,0.1350
2943,2026-08-12 21:03:47,0,0.0000,21.0000,2.4310,338.7004,27.2000,49.0000,0.2739,0.1290
2944,2026-08-12 21:03:49,0,0.0000,20.0000,2.4040,338.5052,27.2000,49.0200,0.2733,0.1230
2945,2026-08-12 21:03:51,0,0.0000,19.0000,2.3770,337.5228,27.2000,49.0400,0.2726,0.1170
2946,2026-08-12 21:03:53,0,0.0000,18.0000,2.3470,336.9901,27.2000,49.0600,0.2719,0.1110
2947,2026-08-12 21:03:55,0,0.0000,17.0000,2.2980,336.8925,27.2000,49.0800,0.2713,0.1050
2948,2026-08-12 21:03:57,0,0.0000,16.0000,2.2180,336.8551,27.2000,49.1000,0.2706,0.0990
2949,2026-08-12 21:03:59,0,0.0000,16.0000,2.2310,336.6225,27.2000,49.1000,0.2699,0.0930
2950,2026-08-12 21:04:01,0,0.0000,15.0000,2.2120,336.0605,27.2000,49.1000,0.2693,0.0870
2951,2026-08-12 21:04:03,0,0.0000,15.0000,2.1690,335.1001,27.2000,49.1000,0.2686,0.0810
2952,2026-08-12 21:04:05,0,0.0000,15.0000,2.1350,334.8829,27.2000,49.1000,0.2679,0.0750
2953,2026-08-12 21:04:07,0,0.0000,14.0000,2.1140,334.5154,27.2000,49.1000,0.2673,0.0690
2954,2026-08-12 21:04:09,0,0.0000,14.0000,2.0700,334.3202,27.2000,49.1400,0.2666,0.0630
2955,2026-08-12 21:04:11,0,0.0000,13.0000,2.0180,334.0502,27.2000,49.1800,0.2659,0.0571
2956,2026-08-12 21:04:13,0,0.0000,13.0000,2.0240,333.7281,27.2000,49.2200,0.2653,0.0513
2957,2026-08-12 21:04:15,0,0.0000,12.0000,2.0250,332.5659,27.2000,49.2600,0.2646,0.0455
2958,2026-08-12 21:04:17,0,0.0000,12.0000,2.0150,331.4104,27.2000,49.3000,0.2639,0.0397
2959,2026-08-12 21:04:19,0,0.0000,11.0000,1.9760,331.1851,27.2000,49.2800,0.2633,0.0339
2960,2026-08-12 21:04:21,0,0.0000,10.0000,1.9390,330.6304,27.2000,49.2600,0.2626,0.0280
2961,2026-08-12 21:04:23,0,0.0000,10.0000,1.9310,329.9400,27.2000,49.2400,0.2620,0.0220
2962,2026-08-12 21:04:25,0,0.0000,9.0000,1.9280,329.9400,27.2000,49.2200,0.2613,0.0160
2963,2026-08-12 21:04:27,0,0.0000,9.0000,1.9150,329.5878,27.2000,49.2000,0.2606,0.0100
2964,2026-08-12 21:04:29,0,0.0000,9.0000,1.9000,329.2504,27.2000,49.2400,0.2600,0.0040
2965,2026-08-12 21:04:31,0,0.0000,9.0000,1.8850,328.6429,27.2000,49.2800,0.2593,-0.0020
2966,2026-08-12 21:04:33,0,0.0000,8.0000,1.8710,327.9825,27.2000,49.3200,0.2586,-0.0080
2967,2026-08-12 21:04:35,0,0.0000,8.0000,1.8520,327.6751,27.2000,49.3600,0.2580,-0.0140
2968,2026-08-12 21:04:37,0,0.0000,8.0000,1.8220,327.5702,27.2000,49.4000,0.2573,-0.0200
2969,2026-08-12 21:04:39,0,0.0000,8.0000,1.8200,327.4425,27.2000,49.4000,0.2567,-0.0260
2970,2026-08-12 21:04:41,0,0.0000,7.0000,1.8840,326.8732,27.2000,49.4000,0.2560,-0.0320
2971,2026-08-12 21:04:43,0,0.0000,7.0000,1.8780,326.5203,27.2000,49.4000,0.2554,-0.0380
2972,2026-08-12 21:04:45,0,0.0000,6.0000,1.8750,325.1271,27.2000,49.4000,0.2547,-0.0440
2973,2026-08-12 21:04:47,0,0.0000,5.0000,1.8590,324.3676,27.2000,49.4000,0.2540,-0.0500
2974,2026-08-12 21:04:49,0,0.0000,5.0000,1.8460,323.1526,27.2000,49.4000,0.2534,-0.0560
2975,2026-08-12 21:04:51,0,0.0000,5.0000,1.8350,322.5378,27.2000,49.4000,0.2527,-0.0619
2976,2026-08-12 21:04:53,0,0.0000,4.0000,1.8280,321.9758,27.2000,49.4000,0.2521,-0.0677
2977,2026-08-12 21:04:55,0,0.0000,4.0000,1.8230,321.5627,27.2000,49.4000,0.2514,-0.0735
2978,2026-08-12 21:04:57,0,0.0000,4.0000,1.8180,320.3704,27.2000,49.4000,0.2508,-0.0793
2979,2026-08-12 21:04:59,0,0.0000,4.0000,1.8110,320.1525,27.2000,49.3800,0.2501,-0.0851
2980,2026-08-12 21:05:01,0,0.0000,3.0000,1.8060,319.5157,27.2000,49.3600,0.2495,-0.0910
2981,2026-08-12 21:05:03,0,0.0000,3.0000,1.8040,318.5179,27.2000,49.3400,0.2488,-0.0970
2982,2026-08-12 21:05:05,0,0.0000,3.0000,1.7990,318.0006,27.2000,49.3200,0.2481,-0.1030
2983,2026-08-12 21:05:07,0,0.0000,3.0000,1.7990,317.6176,27.2000,49.3000,0.2475,-0.1090
2984,2026-08-12 21:05:09,0,0.0000,3.0000,1.7940,316.8450,27.1800,49.3400,0.2468,-0.1150
2985,2026-08-12 21:05:11,0,0.0000,3.0000,1.7920,316.3733,27.1600,49.3800,0.2462,-0.1210
2986,2026-08-12 21:05:13,0,0.0000,2.0000,1.7880,315.7504,27.1400,49.4200,0.2455,-0.1270
2987,2026-08-12 21:05:15,0,0.0000,2.0000,1.7850,314.9778,27.1200,49.4600,0.2449,-0.1330
2988,2026-08-12 21:05:17,0,0.0000,2.0000,1.7810,314.6476,27.1000,49.5000,0.2442,-0.1390
2989,2026-08-12 21:05:19,0,0.0000,2.0000,1.7780,314.3776,27.1000,49.5200,0.2436,-0.1450
2990,2026-08-12 21:05:21,0,0.0000,2.0000,1.7750,313.1040,27.1000,49.5400,0.2429,-0.1510
2991,2026-08-12 21:05:23,0,0.0000,2.0000,1.7730,312.4876,27.1000,49.5600,0.2423,-0.1570
2992,2026-08-12 21:05:25,0,0.0000,2.0000,1.7750,311.5507,27.1000,49.5800,0.2416,-0.1630
2993,2026-08-12 21:05:27,0,0.0000,2.0000,1.7730,310.9351,27.1000,49.6000,0.2410,-0.1690
2994,2026-08-12 21:05:29,0,0.0000,2.0000,1.7710,309.8940,27.1000,49.6000,0.2403,-0.1750
2995,2026-08-12 21:05:31,0,0.0000,2.0000,1.7700,308.8426,27.1000,49.6000,0.2397,-0.1809
2996,2026-08-12 21:05:33,0,0.0000,2.0000,1.7690,308.3701,27.1000,49.6000,0.2390,-0.1867
2997,2026-08-12 21:05:35,0,0.0000,2.0000,1.7680,308.1904,27.1000,49.6000,0.2384,-0.1925
2998,2026-08-12 21:05:37,0,0.0000,2.0000,1.7670,307.7252,27.1000,49.6000,0.2377,-0.1983
2999,2026-08-12 21:05:39,0,0.0000,2.0000,1.7650,307.2153,27.1000,49.6200,0.2371,-0.2041
3000,2026-08-12 21:05:41,0,0.0000,2.0000,1.8820,306.5784,27.1000,49.6400,0.2365,-0.2100
3001,2026-08-12 21:05:43,0,0.0000,2.0000,1.8800,305.9628,27.1000,49.6600,0.2358,-0.2160
3002,2026-08-12 21:05:45,0,0.0000,2.0000,1.9220,304.4478,27.1000,49.6800,0.2352,-0.2220
3003,2026-08-12 21:05:47,0,0.0000,2.0000,1.9260,304.0501,27.1000,49.7000,0.2345,-0.2280
3004,2026-08-12 21:05:49,0,0.0000,16.0000,13.5770,303.5028,27.1000,49.7000,0.2339,-0.2340
3005,2026-08-12 21:05:51,32400,4.1432,255.0000,250.6900,303.2027,27.1000,49.7000,0.2332,-0.2400
3006,2026-08-12 21:05:53,0,0.0000,18.0000,7.6870,301.2386,27.1000,49.7000,0.2326,-0.2460
3007,2026-08-12 21:05:55,0,0.0000,13.0000,10.9740,300.6076,27.1000,49.7000,0.2320,-0.2520
3008,2026-08-12 21:05:57,0,0.0000,9.0000,6.4850,299.9700,27.1000,49.7000,0.2313,-0.2580
3009,2026-08-12 21:05:59,0,0.0000,6.0000,3.9970,299.6479,27.1000,49.7200,0.2307,-0.2640
3010,2026-08-12 21:06:01,0,0.0000,5.0000,2.9730,299.1454,27.1000,49.7400,0.2300,-0.2699
