time,t_rel,lx,lx_smooth
2026-08-12 19:14:19.445706,0.805,8534.025,10900.980
2026-08-12 19:14:20.445706,1.805,11664.136,10857.983
2026-08-12 19:14:21.445706,2.805,12276.900,10838.138
2026-08-12 19:14:22.445706,3.805,11234.768,10818.293
2026-08-12 19:14:23.445706,4.805,10943.978,10803.105
2026-08-12 19:14:24.445706,5.805,10857.983,10787.918
2026-08-12 19:14:25.445706,6.805,10818.293,10782.518
2026-08-12 19:14:26.445706,7.805,10787.918,10777.118
2026-08-12 19:14:27.445706,8.805,10767.263,10777.118
2026-08-12 19:14:28.445706,9.805,10777.118,10776.240
2026-08-12 19:14:29.445706,10.805,10763.618,10772.528
2026-08-12 19:14:30.445706,11.805,10776.240,10767.263
2026-08-12 19:14:31.445706,12.805,10753.695,10767.128
2026-08-12 19:14:32.445706,13.805,10772.528,10763.618
2026-08-12 19:14:33.445706,14.805,10738.913,10753.695
2026-08-12 19:14:34.445706,15.805,10725.953,10748.768
2026-08-12 19:14:35.445706,16.805,10732.771,10747.013
2026-08-12 19:14:36.445706,17.805,10767.128,10738.980
2026-08-12 19:14:37.445706,18.805,10747.013,10738.913
2026-08-12 19:14:38.445706,19.805,10748.768,10737.766
2026-08-12 19:14:39.445706,20.805,10738.980,10733.580
2026-08-12 19:14:40.445706,21.805,10737.766,10732.771
2026-08-12 19:14:41.445706,22.805,10726.830,10727.641
2026-08-12 19:14:42.445706,23.805,10718.190,10727.641
2026-08-12 19:14:43.445706,24.805,10733.580,10726.830
2026-08-12 19:14:44.445706,25.805,10724.333,10724.333
2026-08-12 19:14:45.445706,26.805,10718.393,10720.688
2026-08-12 19:14:46.445706,27.805,10720.688,10719.338
2026-08-12 19:14:47.445706,28.805,10717.988,10719.338
2026-08-12 19:14:48.445706,29.805,10727.641,10718.528
2026-08-12 19:14:49.445706,30.805,10719.338,10718.393
2026-08-12 19:14:50.445706,31.805,10710.226,10718.393
2026-08-12 19:14:51.445706,32.805,10715.761,10717.988
2026-08-12 19:14:52.445706,33.805,10703.070,10715.761
2026-08-12 19:14:53.445706,34.805,10688.693,10710.226
2026-08-12 19:14:54.445706,35.805,10728.585,10710.226
2026-08-12 19:14:55.445706,36.805,10718.528,10703.678
2026-08-12 19:14:56.445706,37.805,10691.865,10703.476
2026-08-12 19:14:57.445706,38.805,10703.678,10703.476
2026-08-12 19:14:58.445706,39.805,10696.591,10703.070
2026-08-12 19:14:59.445706,40.805,10693.013,10697.400
2026-08-12 19:15:00.445706,41.805,10689.301,10697.400
2026-08-12 19:15:01.445706,42.805,10716.503,10701.248
2026-08-12 19:15:02.445706,43.805,10703.476,10699.021
2026-08-12 19:15:03.445706,44.805,10697.400,10697.400
2026-08-12 19:15:04.445706,45.805,10710.766,10697.400
2026-08-12 19:15:05.445706,46.805,10684.508,10697.400
2026-08-12 19:15:06.445706,47.805,10683.293,10697.400
2026-08-12 19:15:07.445706,48.805,10702.328,10697.400
2026-08-12 19:15:08.445706,49.805,10701.248,10697.400
2026-08-12 19:15:09.445706,50.805,10699.021,10696.658
2026-08-12 19:15:10.445706,51.805,10696.591,10696.591
2026-08-12 19:15:11.445706,52.805,10694.633,10694.633
2026-08-12 19:15:12.445706,53.805,10697.806,10684.508
2026-08-12 19:15:13.445706,54.805,10676.678,10683.293
2026-08-12 19:15:14.445706,55.805,10656.698,10677.960
2026-08-12 19:15:15.445706,56.805,10696.658,10677.960
2026-08-12 19:15:16.445706,57.805,10661.355,10676.678
2026-08-12 19:15:17.445706,58.805,10677.960,10674.855
2026-08-12 19:15:18.445706,59.805,10658.858,10668.443
2026-08-12 19:15:19.445706,60.805,10674.855,10666.080
2026-08-12 19:15:20.445706,61.805,10663.785,10663.785
2026-08-12 19:15:21.445706,62.805,10666.080,10661.761
2026-08-12 19:15:22.445706,63.805,10678.365,10661.761
2026-08-12 19:15:23.445706,64.805,10659.601,10661.355
2026-08-12 19:15:24.445706,65.805,10668.443,10659.601
2026-08-12 19:15:25.445706,66.805,10661.761,10658.858
2026-08-12 19:15:26.445706,67.805,10646.101,10657.710
2026-08-12 19:15:27.445706,68.805,10653.863,10657.710
2026-08-12 19:15:28.445706,69.805,10657.710,10656.968
2026-08-12 19:15:29.445706,70.805,10656.968,10653.863
2026-08-12 19:15:30.445706,71.805,10634.085,10646.101
2026-08-12 19:15:31.445706,72.805,10645.830,10645.830
2026-08-12 19:15:32.445706,73.805,10634.085,10645.088
2026-08-12 19:15:33.445706,74.805,10632.128,10638.068
2026-08-12 19:15:34.445706,75.805,10657.710,10634.085
2026-08-12 19:15:35.445706,76.805,10625.040,10634.085
2026-08-12 19:15:36.445706,77.805,10638.068,10632.128
2026-08-12 19:15:37.445706,78.805,10631.318,10631.318
2026-08-12 19:15:38.445706,79.805,10645.088,10625.040
2026-08-12 19:15:39.445706,80.805,10613.835,10620.585
2026-08-12 19:15:40.445706,81.805,10619.573,10619.910
2026-08-12 19:15:41.445706,82.805,10619.506,10619.573
2026-08-12 19:15:42.445706,83.805,10619.910,10619.506
2026-08-12 19:15:43.445706,84.805,10620.585,10613.835
2026-08-12 19:15:44.445706,85.805,10604.453,10604.453
2026-08-12 19:15:45.445706,86.805,10603.778,10603.778
2026-08-12 19:15:46.445706,87.805,10589.603,10603.508
2026-08-12 19:15:47.445706,88.805,10600.740,10600.740
2026-08-12 19:15:48.445706,89.805,10600.133,10600.133
2026-08-12 19:15:49.445706,90.805,10603.508,10594.261
2026-08-12 19:15:50.445706,91.805,10584.811,10589.603
2026-08-12 19:15:51.445706,92.805,10583.258,10584.811
2026-08-12 19:15:52.445706,93.805,10594.261,10583.258
2026-08-12 19:15:53.445706,94.805,10577.926,10577.926
2026-08-12 19:15:54.445706,95.805,10572.728,10572.728
2026-08-12 19:15:55.445706,96.805,10564.426,10569.960
2026-08-12 19:15:56.445706,97.805,10565.775,10565.775
2026-08-12 19:15:57.445706,98.805,10561.522,10565.101
2026-08-12 19:15:58.445706,99.805,10565.101,10564.426
2026-08-12 19:15:59.445706,100.805,10569.960,10562.198
2026-08-12 19:16:00.445706,101.805,10562.198,10561.522
2026-08-12 19:16:01.445706,102.805,10546.808,10553.085
2026-08-12 19:16:02.445706,103.805,10534.455,10546.808
2026-08-12 19:16:03.445706,104.805,10546.403,10546.403
2026-08-12 19:16:04.445706,105.805,10553.085,10545.728
2026-08-12 19:16:05.445706,106.805,10545.728,10534.455
2026-08-12 19:16:06.445706,107.805,10515.218,10531.688
2026-08-12 19:16:07.445706,108.805,10522.306,10523.723
2026-08-12 19:16:08.445706,109.805,10516.365,10522.306
2026-08-12 19:16:09.445706,110.805,10531.688,10522.306
2026-08-12 19:16:10.445706,111.805,10520.415,10520.415
2026-08-12 19:16:11.445706,112.805,10514.812,10519.538
2026-08-12 19:16:12.445706,113.805,10523.723,10517.108
2026-08-12 19:16:13.445706,114.805,10519.538,10516.365
2026-08-12 19:16:14.445706,115.805,10517.108,10516.365
2026-08-12 19:16:15.445706,116.805,10510.358,10514.812
2026-08-12 19:16:16.445706,117.805,10525.208,10510.358
2026-08-12 19:16:17.445706,118.805,10500.908,10500.908
2026-08-12 19:16:18.445706,119.805,10491.391,10491.391
2026-08-12 19:16:19.445706,120.805,10483.290,10484.370
2026-08-12 19:16:20.445706,121.805,10479.848,10483.290
2026-08-12 19:16:21.445706,122.805,10484.370,10481.131
2026-08-12 19:16:22.445706,123.805,10481.131,10479.848
2026-08-12 19:16:23.445706,124.805,10467.631,10479.848
2026-08-12 19:16:24.445706,125.805,10474.785,10474.785
2026-08-12 19:16:25.445706,126.805,10467.495,10467.631
2026-08-12 19:16:26.445706,127.805,10461.758,10467.495
2026-08-12 19:16:27.445706,128.805,10458.046,10467.360
2026-08-12 19:16:28.445706,129.805,10467.360,10463.985
2026-08-12 19:16:29.445706,130.805,10454.062,10461.758
2026-08-12 19:16:30.445706,131.805,10487.812,10461.556
2026-08-12 19:16:31.445706,132.805,10449.405,10458.046
2026-08-12 19:16:32.445706,133.805,10463.985,10455.210
2026-08-12 19:16:33.445706,134.805,10455.210,10454.062
2026-08-12 19:16:34.445706,135.805,10422.473,10451.633
2026-08-12 19:16:35.445706,136.805,10461.556,10449.405
2026-08-12 19:16:36.445706,137.805,10446.368,10448.933
2026-08-12 19:16:37.445706,138.805,10439.888,10446.368
2026-08-12 19:16:38.445706,139.805,10451.633,10439.888
2026-08-12 19:16:39.445706,140.805,10448.933,10439.820
2026-08-12 19:16:40.445706,141.805,10439.820,10437.525
2026-08-12 19:16:41.445706,142.805,10416.938,10431.181
2026-08-12 19:16:42.445706,143.805,10425.915,10431.181
2026-08-12 19:16:43.445706,144.805,10431.046,10431.181
2026-08-12 19:16:44.445706,145.805,10431.181,10431.046
2026-08-12 19:16:45.445706,146.805,10420.178,10429.358
2026-08-12 19:16:46.445706,147.805,10423.620,10425.915
2026-08-12 19:16:47.445706,148.805,10437.525,10424.768
2026-08-12 19:16:48.445706,149.805,10413.766,10423.620
2026-08-12 19:16:49.445706,150.805,10423.013,10423.620
2026-08-12 19:16:50.445706,151.805,10436.243,10423.620
2026-08-12 19:16:51.445706,152.805,10424.768,10423.013
2026-08-12 19:16:52.445706,153.805,10429.358,10421.933
2026-08-12 19:16:53.445706,154.805,10421.933,10421.933
2026-08-12 19:16:54.445706,155.805,10400.468,10414.710
2026-08-12 19:16:55.445706,156.805,10382.851,10414.710
2026-08-12 19:16:56.445706,157.805,10395.405,10414.710
2026-08-12 19:16:57.445706,158.805,10425.240,10414.103
2026-08-12 19:16:58.445706,159.805,10391.288,10407.421
2026-08-12 19:16:59.445706,160.805,10402.763,10406.070
2026-08-12 19:17:00.445706,161.805,10407.421,10402.763
2026-08-12 19:17:01.445706,162.805,10414.710,10400.468
2026-08-12 19:17:02.445706,163.805,10415.048,10397.025
2026-08-12 19:17:03.445706,164.805,10414.103,10397.025
2026-08-12 19:17:04.445706,165.805,10391.085,10400.400
2026-08-12 19:17:05.445706,166.805,10406.070,10400.400
2026-08-12 19:17:06.445706,167.805,10395.405,10400.400
2026-08-12 19:17:07.445706,168.805,10397.025,10397.025
2026-08-12 19:17:08.445706,169.805,10379.476,10397.025
2026-08-12 19:17:09.445706,170.805,10374.008,10395.405
2026-08-12 19:17:10.445706,171.805,10388.993,10395.405
2026-08-12 19:17:11.445706,172.805,10400.400,10392.436
2026-08-12 19:17:12.445706,173.805,10402.088,10392.436
2026-08-12 19:17:13.445706,174.805,10386.091,10392.436
2026-08-12 19:17:14.445706,175.805,10392.436,10391.085
2026-08-12 19:17:15.445706,176.805,10400.400,10391.085
2026-08-12 19:17:16.445706,177.805,10389.803,10391.085
2026-08-12 19:17:17.445706,178.805,10407.758,10391.085
2026-08-12 19:17:18.445706,179.805,10390.681,10391.085
2026-08-12 19:17:19.445706,180.805,10391.085,10390.681
2026-08-12 19:17:20.445706,181.805,10403.978,10390.208
2026-08-12 19:17:21.445706,182.805,10390.208,10390.208
2026-08-12 19:17:22.445706,183.805,10395.811,10389.803
2026-08-12 19:17:23.445706,184.805,10377.248,10389.803
2026-08-12 19:17:24.445706,185.805,10378.936,10387.373
2026-08-12 19:17:25.445706,186.805,10365.976,10378.936
2026-08-12 19:17:26.445706,187.805,10376.235,10377.248
2026-08-12 19:17:27.445706,188.805,10387.373,10376.235
2026-08-12 19:17:28.445706,189.805,10371.511,10371.511
2026-08-12 19:17:29.445706,190.805,10356.660,10371.511
2026-08-12 19:17:30.445706,191.805,10393.448,10369.418
2026-08-12 19:17:31.445706,192.805,10365.570,10369.080
2026-08-12 19:17:32.445706,193.805,10369.418,10368.338
2026-08-12 19:17:33.445706,194.805,10363.275,10368.676
2026-08-12 19:17:34.445706,195.805,10365.705,10368.338
2026-08-12 19:17:35.445706,196.805,10365.233,10365.705
2026-08-12 19:17:36.445706,197.805,10374.683,10365.570
2026-08-12 19:17:37.445706,198.805,10368.338,10365.570
2026-08-12 19:17:38.445706,199.805,10369.080,10365.233
2026-08-12 19:17:39.445706,200.805,10356.323,10363.681
2026-08-12 19:17:40.445706,201.805,10368.676,10363.275
2026-08-12 19:17:41.445706,202.805,10356.391,10361.453
2026-08-12 19:17:42.445706,203.805,10363.681,10356.391
2026-08-12 19:17:43.445706,204.805,10361.453,10356.323
2026-08-12 19:17:44.445706,205.805,10347.075,10352.881
2026-08-12 19:17:45.445706,206.805,10350.855,10350.855
2026-08-12 19:17:46.445706,207.805,10335.601,10350.788
2026-08-12 19:17:47.445706,208.805,10352.881,10349.168
2026-08-12 19:17:48.445706,209.805,10344.308,10347.075
2026-08-12 19:17:49.445706,210.805,10345.658,10345.658
2026-08-12 19:17:50.445706,211.805,10349.168,10345.253
2026-08-12 19:17:51.445706,212.805,10350.788,10344.308
2026-08-12 19:17:52.445706,213.805,10345.253,10341.676
2026-08-12 19:17:53.445706,214.805,10325.070,10339.921
2026-08-12 19:17:54.445706,215.805,10337.288,10339.921
2026-08-12 19:17:55.445706,216.805,10341.676,10337.288
2026-08-12 19:17:56.445706,217.805,10335.735,10335.735
2026-08-12 19:17:57.445706,218.805,10339.921,10329.256
2026-08-12 19:17:58.445706,219.805,10329.256,10327.298
2026-08-12 19:17:59.445706,220.805,10324.058,10326.556
2026-08-12 19:18:00.445706,221.805,10317.646,10326.556
2026-08-12 19:18:01.445706,222.805,10313.056,10326.556
2026-08-12 19:18:02.445706,223.805,10317.848,10325.610
2026-08-12 19:18:03.445706,224.805,10327.298,10324.058
2026-08-12 19:18:04.445706,225.805,10304.753,10324.058
2026-08-12 19:18:05.445706,226.805,10326.556,10323.046
2026-08-12 19:18:06.445706,227.805,10308.466,10317.848
2026-08-12 19:18:07.445706,228.805,10327.365,10317.646
2026-08-12 19:18:08.445706,229.805,10304.482,10315.756
2026-08-12 19:18:09.445706,230.805,10325.610,10315.756
2026-08-12 19:18:10.445706,231.805,10323.046,10309.545
2026-08-12 19:18:11.445706,232.805,10324.058,10308.466
2026-08-12 19:18:12.445706,233.805,10315.756,10309.545
2026-08-12 19:18:13.445706,234.805,10301.716,10308.466
2026-08-12 19:18:14.445706,235.805,10302.863,10304.482
2026-08-12 19:18:15.445706,236.805,10297.936,10304.415
2026-08-12 19:18:16.445706,237.805,10291.388,10302.863
2026-08-12 19:18:17.445706,238.805,10309.545,10301.716
2026-08-12 19:18:18.445706,239.805,10304.415,10297.936
2026-08-12 19:18:19.445706,240.805,10312.516,10297.936
2026-08-12 19:18:20.445706,241.805,10287.203,10294.561
2026-08-12 19:18:21.445706,242.805,10272.353,10291.388
2026-08-12 19:18:22.445706,243.805,10294.561,10288.620
2026-08-12 19:18:23.445706,244.805,10288.620,10287.203
2026-08-12 19:18:24.445706,245.805,10297.936,10286.190
2026-08-12 19:18:25.445706,246.805,10275.931,10281.061
2026-08-12 19:18:26.445706,247.805,10286.190,10278.698
2026-08-12 19:18:27.445706,248.805,10276.403,10276.403
2026-08-12 19:18:28.445706,249.805,10257.165,10275.931
2026-08-12 19:18:29.445706,250.805,10278.698,10275.931
2026-08-12 19:18:30.445706,251.805,10264.860,10264.860
2026-08-12 19:18:31.445706,252.805,10281.061,10261.620
2026-08-12 19:18:32.445706,253.805,10261.620,10259.798
2026-08-12 19:18:33.445706,254.805,10258.988,10258.988
2026-08-12 19:18:34.445706,255.805,10250.482,10257.165
2026-08-12 19:18:35.445706,256.805,10247.580,10255.410
2026-08-12 19:18:36.445706,257.805,10255.410,10255.343
2026-08-12 19:18:37.445706,258.805,10255.343,10250.482
2026-08-12 19:18:38.445706,259.805,10259.798,10247.580
2026-08-12 19:18:39.445706,260.805,10231.718,10243.530
2026-08-12 19:18:40.445706,261.805,10232.933,10242.855
2026-08-12 19:18:41.445706,262.805,10243.530,10237.253
2026-08-12 19:18:42.445706,263.805,10215.518,10234.823
2026-08-12 19:18:43.445706,264.805,10237.253,10234.080
2026-08-12 19:18:44.445706,265.805,10234.823,10232.933
2026-08-12 19:18:45.445706,266.805,10242.855,10232.933
2026-08-12 19:18:46.445706,267.805,10217.205,10231.718
2026-08-12 19:18:47.445706,268.805,10228.343,10228.343
2026-08-12 19:18:48.445706,269.805,10234.080,10226.521
2026-08-12 19:18:49.445706,270.805,10226.048,10226.048
2026-08-12 19:18:50.445706,271.805,10195.808,10226.048
2026-08-12 19:18:51.445706,272.805,10219.365,10219.365
2026-08-12 19:18:52.445706,273.805,10237.860,10217.205
2026-08-12 19:18:53.445706,274.805,10226.521,10211.535
2026-08-12 19:18:54.445706,275.805,10198.643,10203.301
2026-08-12 19:18:55.445706,276.805,10184.062,10201.545
2026-08-12 19:18:56.445706,277.805,10211.535,10199.790
2026-08-12 19:18:57.445706,278.805,10197.091,10198.643
2026-08-12 19:18:58.445706,279.805,10199.790,10198.643
2026-08-12 19:18:59.445706,280.805,10201.545,10197.091
2026-08-12 19:19:00.445706,281.805,10186.223,10195.538
2026-08-12 19:19:01.445706,282.805,10203.301,10186.223
2026-08-12 19:19:02.445706,283.805,10195.538,10186.223
2026-08-12 19:19:03.445706,284.805,10175.490,10186.223
2026-08-12 19:19:04.445706,285.805,10179.945,10185.143
2026-08-12 19:19:05.445706,286.805,10185.143,10179.945
2026-08-12 19:19:06.445706,287.805,10186.223,10175.490
2026-08-12 19:19:07.445706,288.805,10163.610,10172.453
2026-08-12 19:19:08.445706,289.805,10172.453,10169.820
2026-08-12 19:19:09.445706,290.805,10165.433,10166.445
2026-08-12 19:19:10.445706,291.805,10164.623,10165.433
2026-08-12 19:19:11.445706,292.805,10166.445,10164.960
2026-08-12 19:19:12.445706,293.805,10162.261,10164.623
2026-08-12 19:19:13.445706,294.805,10169.820,10163.610
2026-08-12 19:19:14.445706,295.805,10152.811,10163.476
2026-08-12 19:19:15.445706,296.805,10149.503,10162.261
2026-08-12 19:19:16.445706,297.805,10164.960,10159.561
2026-08-12 19:19:17.445706,298.805,10156.253,10158.008
2026-08-12 19:19:18.445706,299.805,10163.476,10156.253
2026-08-12 19:19:19.445706,300.805,10159.561,10154.700
2026-08-12 19:19:20.445706,301.805,10154.700,10152.811
2026-08-12 19:19:21.445706,302.805,10158.008,10149.503
2026-08-12 19:19:22.445706,303.805,10137.420,10142.213
2026-08-12 19:19:23.445706,304.805,10130.333,10138.500
2026-08-12 19:19:24.445706,305.805,10135.530,10137.420
2026-08-12 19:19:25.445706,306.805,10138.500,10135.530
2026-08-12 19:19:26.445706,307.805,10131.143,10133.101
2026-08-12 19:19:27.445706,308.805,10142.213,10131.143
2026-08-12 19:19:28.445706,309.805,10120.478,10130.333
2026-08-12 19:19:29.445706,310.805,10128.375,10128.375
2026-08-12 19:19:30.445706,311.805,10107.181,10124.730
2026-08-12 19:19:31.445706,312.805,10124.730,10123.516
2026-08-12 19:19:32.445706,313.805,10123.516,10120.478
2026-08-12 19:19:33.445706,314.805,10133.101,10119.330
2026-08-12 19:19:34.445706,315.805,10119.330,10112.985
2026-08-12 19:19:35.445706,316.805,10108.058,10112.985
2026-08-12 19:19:36.445706,317.805,10112.985,10108.058
2026-08-12 19:19:37.445706,318.805,10105.897,10107.855
2026-08-12 19:19:38.445706,319.805,10103.198,10107.855
2026-08-12 19:19:39.445706,320.805,10103.198,10105.897
2026-08-12 19:19:40.445706,321.805,10096.312,10103.198
2026-08-12 19:19:41.445706,322.805,10107.855,10103.198
2026-08-12 19:19:42.445706,323.805,10113.998,10102.860
2026-08-12 19:19:43.445706,324.805,10102.860,10096.312
2026-08-12 19:19:44.445706,325.805,10091.521,10095.503
2026-08-12 19:19:45.445706,326.805,10094.018,10095.368
2026-08-12 19:19:46.445706,327.805,10095.368,10095.368
2026-08-12 19:19:47.445706,328.805,10092.668,10095.301
2026-08-12 19:19:48.445706,329.805,10095.503,10094.018
2026-08-12 19:19:49.445706,330.805,10090.306,10092.668
2026-08-12 19:19:50.445706,331.805,10089.428,10092.668
2026-08-12 19:19:51.445706,332.805,10082.678,10092.668
2026-08-12 19:19:52.445706,333.805,10095.301,10092.668
2026-08-12 19:19:53.445706,334.805,10099.485,10092.668
2026-08-12 19:19:54.445706,335.805,10085.243,10092.668
2026-08-12 19:19:55.445706,336.805,10086.795,10090.778
2026-08-12 19:19:56.445706,337.805,10092.668,10090.306
2026-08-12 19:19:57.445706,338.805,10084.905,10089.428
2026-08-12 19:19:58.445706,339.805,10101.038,10086.795
2026-08-12 19:19:59.445706,340.805,10098.676,10086.795
2026-08-12 19:20:00.445706,341.805,10093.613,10085.243
2026-08-12 19:20:01.445706,342.805,10081.868,10084.905
2026-08-12 19:20:02.445706,343.805,10090.778,10084.838
2026-08-12 19:20:03.445706,344.805,10079.370,10081.868
2026-08-12 19:20:04.445706,345.805,10084.838,10079.641
2026-08-12 19:20:05.445706,346.805,10079.641,10079.370
2026-08-12 19:20:06.445706,347.805,10062.968,10063.980
2026-08-12 19:20:07.445706,348.805,10061.888,10062.968
2026-08-12 19:20:08.445706,349.805,10054.261,10061.888
2026-08-12 19:20:09.445706,350.805,10063.980,10061.551
2026-08-12 19:20:10.445706,351.805,10056.623,10058.513
2026-08-12 19:20:11.445706,352.805,10055.408,10056.623
2026-08-12 19:20:12.445706,353.805,10061.551,10055.408
2026-08-12 19:20:13.445706,354.805,10058.513,10054.261
2026-08-12 19:20:14.445706,355.805,10037.790,10049.670
2026-08-12 19:20:15.445706,356.805,10049.670,10043.325
2026-08-12 19:20:16.445706,357.805,10043.056,10043.056
2026-08-12 19:20:17.445706,358.805,10034.415,10037.790
2026-08-12 19:20:18.445706,359.805,10016.258,10034.415
2026-08-12 19:20:19.445706,360.805,10030.568,10030.568
2026-08-12 19:20:20.445706,361.805,10015.718,10026.383
2026-08-12 19:20:21.445706,362.805,10043.325,10020.982
2026-08-12 19:20:22.445706,363.805,10018.553,10018.553
2026-08-12 19:20:23.445706,364.805,10026.383,10016.258
2026-08-12 19:20:24.445706,365.805,10020.982,10016.258
2026-08-12 19:20:25.445706,366.805,10016.258,10015.718
2026-08-12 19:20:26.445706,367.805,10001.205,10006.268
2026-08-12 19:20:27.445706,368.805,10006.268,10003.163
2026-08-12 19:20:28.445706,369.805,9997.628,10001.205
2026-08-12 19:20:29.445706,370.805,9978.256,9997.628
2026-08-12 19:20:30.445706,371.805,10003.163,9994.051
2026-08-12 19:20:31.445706,372.805,9994.051,9978.391
2026-08-12 19:20:32.445706,373.805,9968.400,9978.256
2026-08-12 19:20:33.445706,374.805,9978.391,9975.758
2026-08-12 19:20:34.445706,375.805,9966.038,9968.400
2026-08-12 19:20:35.445706,376.805,9949.905,9968.062
2026-08-12 19:20:36.445706,377.805,9968.062,9966.038
2026-08-12 19:20:37.445706,378.805,9975.758,9963.338
2026-08-12 19:20:38.445706,379.805,9955.778,9962.123
2026-08-12 19:20:39.445706,380.805,9959.355,9959.355
2026-08-12 19:20:40.445706,381.805,9962.123,9955.778
2026-08-12 19:20:41.445706,382.805,9963.338,9949.905
2026-08-12 19:20:42.445706,383.805,9949.771,9949.771
2026-08-12 19:20:43.445706,384.805,9946.328,9946.328
2026-08-12 19:20:44.445706,385.805,9942.346,9942.346
2026-08-12 19:20:45.445706,386.805,9938.700,9938.700
2026-08-12 19:20:46.445706,387.805,9927.158,9936.271
2026-08-12 19:20:47.445706,388.805,9936.271,9927.158
2026-08-12 19:20:48.445706,389.805,9926.482,9926.482
2026-08-12 19:20:49.445706,390.805,9921.353,9921.353
2026-08-12 19:20:50.445706,391.805,9915.008,9920.812
2026-08-12 19:20:51.445706,392.805,9913.320,9917.978
2026-08-12 19:20:52.445706,393.805,9920.812,9915.075
2026-08-12 19:20:53.445706,394.805,9904.545,9915.008
2026-08-12 19:20:54.445706,395.805,9917.978,9913.320
2026-08-12 19:20:55.445706,396.805,9901.170,9904.545
2026-08-12 19:20:56.445706,397.805,9896.647,9901.170
2026-08-12 19:20:57.445706,398.805,9892.463,9897.256
2026-08-12 19:20:58.445706,399.805,9892.868,9896.647
2026-08-12 19:20:59.445706,400.805,9915.075,9892.868
2026-08-12 19:21:00.445706,401.805,9889.155,9892.463
2026-08-12 19:21:01.445706,402.805,9897.256,9890.033
2026-08-12 19:21:02.445706,403.805,9889.021,9889.155
2026-08-12 19:21:03.445706,404.805,9873.495,9889.021
2026-08-12 19:21:04.445706,405.805,9890.033,9883.688
2026-08-12 19:21:05.445706,406.805,9877.815,9881.190
2026-08-12 19:21:06.445706,407.805,9872.348,9877.815
2026-08-12 19:21:07.445706,408.805,9881.190,9877.815
2026-08-12 19:21:08.445706,409.805,9871.943,9875.926
2026-08-12 19:21:09.445706,410.805,9883.688,9873.495
2026-08-12 19:21:10.445706,411.805,9875.926,9872.348
2026-08-12 19:21:11.445706,412.805,9867.488,9871.943
2026-08-12 19:21:12.445706,413.805,9863.708,9867.488
2026-08-12 19:21:13.445706,414.805,9864.045,9864.045
2026-08-12 19:21:14.445706,415.805,9878.490,9863.708
2026-08-12 19:21:15.445706,416.805,9853.245,9855.878
2026-08-12 19:21:16.445706,417.805,9855.878,9854.933
2026-08-12 19:21:17.445706,418.805,9850.208,9853.245
2026-08-12 19:21:18.445706,419.805,9846.968,9850.208
2026-08-12 19:21:19.445706,420.805,9848.250,9848.250
2026-08-12 19:21:20.445706,421.805,9854.933,9846.968
2026-08-12 19:21:21.445706,422.805,9834.143,9841.163
2026-08-12 19:21:22.445706,423.805,9837.788,9837.788
2026-08-12 19:21:23.445706,424.805,9830.903,9835.357
2026-08-12 19:21:24.445706,425.805,9829.351,9834.143
2026-08-12 19:21:25.445706,426.805,9841.163,9831.848
2026-08-12 19:21:26.445706,427.805,9831.848,9830.903
2026-08-12 19:21:27.445706,428.805,9828.676,9830.633
2026-08-12 19:21:28.445706,429.805,9830.633,9829.351
2026-08-12 19:21:29.445706,430.805,9815.311,9828.676
2026-08-12 19:21:30.445706,431.805,9835.357,9822.061
2026-08-12 19:21:31.445706,432.805,9822.061,9815.783
2026-08-12 19:21:32.445706,433.805,9815.783,9815.311
2026-08-12 19:21:33.445706,434.805,9796.545,9812.003
2026-08-12 19:21:34.445706,435.805,9810.315,9810.315
2026-08-12 19:21:35.445706,436.805,9803.903,9808.290
2026-08-12 19:21:36.445706,437.805,9812.003,9806.873
2026-08-12 19:21:37.445706,438.805,9787.163,9803.903
2026-08-12 19:21:38.445706,439.805,9806.873,9801.540
2026-08-12 19:21:39.445706,440.805,9799.110,9799.110
2026-08-12 19:21:40.445706,441.805,9796.950,9796.950
2026-08-12 19:21:41.445706,442.805,9808.290,9796.950
2026-08-12 19:21:42.445706,443.805,9782.235,9791.078
2026-08-12 19:21:43.445706,444.805,9801.540,9787.163
2026-08-12 19:21:44.445706,445.805,9777.780,9786.218
2026-08-12 19:21:45.445706,446.805,9775.485,9782.235
2026-08-12 19:21:46.445706,447.805,9791.078,9777.780
2026-08-12 19:21:47.445706,448.805,9786.218,9775.485
2026-08-12 19:21:48.445706,449.805,9767.723,9772.043
2026-08-12 19:21:49.445706,450.805,9769.545,9769.545
2026-08-12 19:21:50.445706,451.805,9761.918,9767.723
2026-08-12 19:21:51.445706,452.805,9759.420,9763.808
2026-08-12 19:21:52.445706,453.805,9772.043,9763.538
2026-08-12 19:21:53.445706,454.805,9763.538,9762.863
2026-08-12 19:21:54.445706,455.805,9751.388,9761.918
2026-08-12 19:21:55.445706,456.805,9753.346,9761.378
2026-08-12 19:21:56.445706,457.805,9757.530,9759.420
2026-08-12 19:21:57.445706,458.805,9763.808,9757.530
2026-08-12 19:21:58.445706,459.805,9753.008,9757.261
2026-08-12 19:21:59.445706,460.805,9762.863,9755.573
2026-08-12 19:22:00.445706,461.805,9746.730,9754.561
2026-08-12 19:22:01.445706,462.805,9761.378,9753.346
2026-08-12 19:22:02.445706,463.805,9755.573,9753.346
2026-08-12 19:22:03.445706,464.805,9747.000,9753.008
2026-08-12 19:22:04.445706,465.805,9757.261,9747.000
2026-08-12 19:22:05.445706,466.805,9754.561,9746.730
2026-08-12 19:22:06.445706,467.805,9737.753,9745.448
2026-08-12 19:22:07.445706,468.805,9734.107,9737.753
2026-08-12 19:22:08.445706,469.805,9729.045,9736.471
2026-08-12 19:22:09.445706,470.805,9745.448,9734.107
2026-08-12 19:22:10.445706,471.805,9724.658,9731.476
2026-08-12 19:22:11.445706,472.805,9736.471,9729.045
2026-08-12 19:22:12.445706,473.805,9720.271,9728.843
2026-08-12 19:22:13.445706,474.805,9728.843,9725.603
2026-08-12 19:22:14.445706,475.805,9731.476,9724.658
2026-08-12 19:22:15.445706,476.805,9725.603,9723.038
2026-08-12 19:22:16.445706,477.805,9723.038,9723.038
2026-08-12 19:22:17.445706,478.805,9715.073,9720.271
2026-08-12 19:22:18.445706,479.805,9714.061,9715.073
2026-08-12 19:22:19.445706,480.805,9693.811,9714.061
2026-08-12 19:22:20.445706,481.805,9699.683,9710.618
2026-08-12 19:22:21.445706,482.805,9709.943,9709.943
2026-08-12 19:22:22.445706,483.805,9710.618,9707.107
2026-08-12 19:22:23.445706,484.805,9723.982,9706.568
2026-08-12 19:22:24.445706,485.805,9707.107,9705.690
2026-08-12 19:22:25.445706,486.805,9705.690,9702.990
2026-08-12 19:22:26.445706,487.805,9706.568,9699.683
2026-08-12 19:22:27.445706,488.805,9675.248,9699.683
2026-08-12 19:22:28.445706,489.805,9702.990,9697.860
2026-08-12 19:22:29.445706,490.805,9686.318,9694.688
2026-08-12 19:22:30.445706,491.805,9694.688,9689.490
2026-08-12 19:22:31.445706,492.805,9697.860,9688.613
2026-08-12 19:22:32.445706,493.805,9689.490,9686.318
2026-08-12 19:22:33.445706,494.805,9688.613,9686.048
2026-08-12 19:22:34.445706,495.805,9679.433,9679.433
2026-08-12 19:22:35.445706,496.805,9672.008,9679.433
2026-08-12 19:22:36.445706,497.805,9686.048,9678.083
2026-08-12 19:22:37.445706,498.805,9676.125,9677.003
2026-08-12 19:22:38.445706,499.805,9678.083,9676.801
2026-08-12 19:22:39.445706,500.805,9660.195,9676.125
2026-08-12 19:22:40.445706,501.805,9677.003,9672.008
2026-08-12 19:22:41.445706,502.805,9665.258,9665.258
2026-08-12 19:22:42.445706,503.805,9662.693,9664.583
2026-08-12 19:22:43.445706,504.805,9656.618,9664.583
2026-08-12 19:22:44.445706,505.805,9664.583,9664.516
2026-08-12 19:22:45.445706,506.805,9676.801,9663.165
2026-08-12 19:22:46.445706,507.805,9663.165,9662.693
2026-08-12 19:22:47.445706,508.805,9651.825,9662.693
2026-08-12 19:22:48.445706,509.805,9657.495,9658.508
2026-08-12 19:22:49.445706,510.805,9647.370,9657.495
2026-08-12 19:22:50.445706,511.805,9669.443,9656.618
2026-08-12 19:22:51.445706,512.805,9664.516,9651.825
2026-08-12 19:22:52.445706,513.805,9640.823,9649.261
2026-08-12 19:22:53.445706,514.805,9658.508,9647.370
2026-08-12 19:22:54.445706,515.805,9645.278,9645.278
2026-08-12 19:22:55.445706,516.805,9644.062,9644.062
2026-08-12 19:22:56.445706,517.805,9649.261,9641.565
2026-08-12 19:22:57.445706,518.805,9637.312,9641.093
2026-08-12 19:22:58.445706,519.805,9641.565,9640.823
2026-08-12 19:22:59.445706,520.805,9641.093,9639.473
2026-08-12 19:23:00.445706,521.805,9639.473,9637.312
2026-08-12 19:23:01.445706,522.805,9623.745,9631.103
2026-08-12 19:23:02.445706,523.805,9631.103,9623.745
2026-08-12 19:23:03.445706,524.805,9621.923,9623.476
2026-08-12 19:23:04.445706,525.805,9617.468,9621.923
2026-08-12 19:23:05.445706,526.805,9613.891,9618.548
2026-08-12 19:23:06.445706,527.805,9612.136,9617.468
2026-08-12 19:23:07.445706,528.805,9618.548,9614.498
2026-08-12 19:23:08.445706,529.805,9623.476,9614.431
2026-08-12 19:23:09.445706,530.805,9614.431,9613.891
2026-08-12 19:23:10.445706,531.805,9610.312,9612.136
2026-08-12 19:23:11.445706,532.805,9614.498,9610.312
2026-08-12 19:23:12.445706,533.805,9609.030,9609.030
2026-08-12 19:23:13.445706,534.805,9600.256,9605.588
2026-08-12 19:23:14.445706,535.805,9605.588,9600.256
2026-08-12 19:23:15.445706,536.805,9595.261,9595.261
2026-08-12 19:23:16.445706,537.805,9592.088,9592.088
2026-08-12 19:23:17.445706,538.805,9581.625,9581.625
2026-08-12 19:23:18.445706,539.805,9578.723,9580.748
2026-08-12 19:23:19.445706,540.805,9579.601,9579.601
2026-08-12 19:23:20.445706,541.805,9559.080,9578.723
2026-08-12 19:23:21.445706,542.805,9577.238,9578.723
2026-08-12 19:23:22.445706,543.805,9562.928,9577.440
2026-08-12 19:23:23.445706,544.805,9577.440,9577.238
2026-08-12 19:23:24.445706,545.805,9580.748,9566.708
2026-08-12 19:23:25.445706,546.805,9566.708,9562.928
2026-08-12 19:23:26.445706,547.805,9554.018,9559.080
2026-08-12 19:23:27.445706,548.805,9558.743,9558.743
2026-08-12 19:23:28.445706,549.805,9578.790,9554.018
2026-08-12 19:23:29.445706,550.805,9550.846,9550.846
2026-08-12 19:23:30.445706,551.805,9544.838,9546.188
2026-08-12 19:23:31.445706,552.805,9546.188,9545.445
2026-08-12 19:23:32.445706,553.805,9543.353,9544.838
2026-08-12 19:23:33.445706,554.805,9545.445,9543.353
2026-08-12 19:23:34.445706,555.805,9542.745,9542.745
2026-08-12 19:23:35.445706,556.805,9538.155,9540.855
2026-08-12 19:23:36.445706,557.805,9540.721,9540.721
2026-08-12 19:23:37.445706,558.805,9540.855,9538.155
2026-08-12 19:23:38.445706,559.805,9528.503,9528.503
2026-08-12 19:23:39.445706,560.805,9528.301,9528.301
2026-08-12 19:23:40.445706,561.805,9521.348,9523.508
2026-08-12 19:23:41.445706,562.805,9516.218,9521.348
2026-08-12 19:23:42.445706,563.805,9519.593,9519.593
2026-08-12 19:23:43.445706,564.805,9523.508,9516.218
2026-08-12 19:23:44.445706,565.805,9507.375,9514.125
2026-08-12 19:23:45.445706,566.805,9511.830,9511.830
2026-08-12 19:23:46.445706,567.805,9509.400,9509.400
2026-08-12 19:23:47.445706,568.805,9514.125,9507.375
2026-08-12 19:23:48.445706,569.805,9502.043,9504.136
2026-08-12 19:23:49.445706,570.805,9504.136,9503.865
2026-08-12 19:23:50.445706,571.805,9503.865,9502.043
2026-08-12 19:23:51.445706,572.805,9494.955,9494.955
2026-08-12 19:23:52.445706,573.805,9492.391,9492.391
2026-08-12 19:23:53.445706,574.805,9490.163,9490.163
2026-08-12 19:23:54.445706,575.805,9485.168,9485.168
2026-08-12 19:23:55.445706,576.805,9470.183,9481.793
2026-08-12 19:23:56.445706,577.805,9477.676,9478.553
2026-08-12 19:23:57.445706,578.805,9468.833,9477.676
2026-08-12 19:23:58.445706,579.805,9475.245,9475.245
2026-08-12 19:23:59.445706,580.805,9481.793,9472.681
2026-08-12 19:24:00.445706,581.805,9478.553,9470.183
2026-08-12 19:24:01.445706,582.805,9468.968,9468.968
2026-08-12 19:24:02.445706,583.805,9472.681,9468.833
2026-08-12 19:24:03.445706,584.805,9442.035,9466.538
2026-08-12 19:24:04.445706,585.805,9466.538,9457.088
2026-08-12 19:24:05.445706,586.805,9451.216,9451.891
2026-08-12 19:24:06.445706,587.805,9441.158,9451.216
2026-08-12 19:24:07.445706,588.805,9457.088,9449.528
2026-08-12 19:24:08.445706,589.805,9451.891,9442.035
2026-08-12 19:24:09.445706,590.805,9434.678,9441.158
2026-08-12 19:24:10.445706,591.805,9449.528,9439.808
2026-08-12 19:24:11.445706,592.805,9433.598,9434.678
2026-08-12 19:24:12.445706,593.805,9427.860,9433.598
2026-08-12 19:24:13.445706,594.805,9421.583,9433.598
2026-08-12 19:24:14.445706,595.805,9439.808,9433.598
2026-08-12 19:24:15.445706,596.805,9422.056,9433.598
2026-08-12 19:24:16.445706,597.805,9430.357,9433.598
2026-08-12 19:24:17.445706,598.805,9405.315,9433.598
2026-08-12 19:24:18.445706,599.805,9400.455,9433.598
2026-08-12 19:24:19.445706,600.805,9423.540,9439.808
2026-08-12 19:24:20.445706,601.805,9446.490,9446.490
2026-08-12 19:24:21.445706,602.805,9506.971,9506.971
2026-08-12 19:24:22.445706,603.805,9560.835,9560.835
2026-08-12 19:24:23.445706,604.805,9652.096,9585.203
2026-08-12 19:24:24.445706,605.805,9593.573,9593.573
2026-08-12 19:24:25.445706,606.805,9585.203,9621.248
2026-08-12 19:24:26.445706,607.805,9621.248,9652.096
2026-08-12 19:24:27.445706,608.805,9721.351,9665.460
2026-08-12 19:24:28.445706,609.805,9665.460,9679.298
2026-08-12 19:24:29.445706,610.805,9679.298,9721.351
2026-08-12 19:24:30.445706,611.805,9834.953,9815.918
2026-08-12 19:24:31.445706,612.805,9821.318,9821.318
2026-08-12 19:24:32.445706,613.805,9815.918,9832.522
2026-08-12 19:24:33.445706,614.805,9872.820,9832.522
2026-08-12 19:24:34.445706,615.805,9866.070,9832.522
2026-08-12 19:24:35.445706,616.805,9906.030,9832.522
2026-08-12 19:24:36.445706,617.805,9932.828,9834.953
2026-08-12 19:24:37.445706,618.805,9832.522,9834.953
2026-08-12 19:24:38.445706,619.805,9864.181,9832.522
2026-08-12 19:24:39.445706,620.805,9840.083,9840.083
2026-08-12 19:24:40.445706,621.805,9611.393,9840.083
2026-08-12 19:24:41.445706,622.805,9678.758,9832.522
2026-08-12 19:24:42.445706,623.805,9741.803,9822.870
2026-08-12 19:24:43.445706,624.805,9959.355,9822.870
2026-08-12 19:24:44.445706,625.805,9722.633,9822.870
2026-08-12 19:24:45.445706,626.805,9683.482,9822.870
2026-08-12 19:24:46.445706,627.805,9879.030,9819.631
2026-08-12 19:24:47.445706,628.805,8122.343,9759.556
2026-08-12 19:24:48.445706,629.805,9759.556,9759.556
2026-08-12 19:24:49.445706,630.805,9822.870,9759.556
2026-08-12 19:24:50.445706,631.805,9843.256,9759.556
2026-08-12 19:24:51.445706,632.805,9840.623,9740.926
2026-08-12 19:24:52.445706,633.805,9855.000,9759.556
2026-08-12 19:24:53.445706,634.805,9819.631,9793.980
2026-08-12 19:24:54.445706,635.805,9740.926,9793.980
2026-08-12 19:24:55.445706,636.805,9703.868,9793.980
2026-08-12 19:24:56.445706,637.805,9685.238,9793.980
2026-08-12 19:24:57.445706,638.805,9663.030,9777.578
2026-08-12 19:24:58.445706,639.805,9665.325,9740.926
2026-08-12 19:24:59.445706,640.805,9793.980,9703.868
2026-08-12 19:25:00.445706,641.805,9891.653,9703.868
2026-08-12 19:25:01.445706,642.805,9907.516,9703.868
2026-08-12 19:25:02.445706,643.805,9777.578,9685.238
2026-08-12 19:25:03.445706,644.805,9647.506,9665.325
2026-08-12 19:25:04.445706,645.805,9640.080,9665.325
2026-08-12 19:25:05.445706,646.805,9624.353,9665.325
2026-08-12 19:25:06.445706,647.805,9614.903,9647.506
2026-08-12 19:25:07.445706,648.805,9823.613,9646.897
2026-08-12 19:25:08.445706,649.805,9866.543,9640.080
2026-08-12 19:25:09.445706,650.805,9646.897,9624.353
2026-08-12 19:25:10.445706,651.805,9551.723,9624.353
2026-08-12 19:25:11.445706,652.805,9685.508,9614.903
2026-08-12 19:25:12.445706,653.805,9624.353,9551.723
2026-08-12 19:25:13.445706,654.805,9348.278,9348.278
2026-08-12 19:25:14.445706,655.805,9272.678,9272.678
2026-08-12 19:25:15.445706,656.805,9247.771,9248.040
2026-08-12 19:25:16.445706,657.805,9248.040,9247.771
2026-08-12 19:25:17.445706,658.805,9224.280,9225.968
2026-08-12 19:25:18.445706,659.805,9222.931,9225.900
2026-08-12 19:25:19.445706,660.805,9225.900,9224.280
2026-08-12 19:25:20.445706,661.805,9215.978,9222.931
2026-08-12 19:25:21.445706,662.805,9225.968,9222.660
2026-08-12 19:25:22.445706,663.805,9203.355,9215.978
2026-08-12 19:25:23.445706,664.805,9192.353,9211.253
2026-08-12 19:25:24.445706,665.805,9211.253,9210.780
2026-08-12 19:25:25.445706,666.805,9198.495,9206.730
2026-08-12 19:25:26.445706,667.805,9222.660,9203.355
2026-08-12 19:25:27.445706,668.805,9206.730,9203.355
2026-08-12 19:25:28.445706,669.805,9210.780,9201.195
2026-08-12 19:25:29.445706,670.805,9201.195,9199.575
2026-08-12 19:25:30.445706,671.805,9199.575,9198.495
2026-08-12 19:25:31.445706,672.805,9203.355,9198.495
2026-08-12 19:25:32.445706,673.805,9186.480,9186.480
2026-08-12 19:25:33.445706,674.805,9184.455,9184.455
2026-08-12 19:25:34.445706,675.805,9178.448,9179.663
2026-08-12 19:25:35.445706,676.805,9179.663,9178.448
2026-08-12 19:25:36.445706,677.805,9160.897,9172.846
2026-08-12 19:25:37.445706,678.805,9167.445,9171.766
2026-08-12 19:25:38.445706,679.805,9172.846,9167.445
2026-08-12 19:25:39.445706,680.805,9171.766,9165.150
2026-08-12 19:25:40.445706,681.805,9165.150,9160.897
2026-08-12 19:25:41.445706,682.805,9158.400,9160.628
2026-08-12 19:25:42.445706,683.805,9160.628,9158.400
2026-08-12 19:25:43.445706,684.805,9157.995,9157.995
2026-08-12 19:25:44.445706,685.805,9148.950,9149.221
2026-08-12 19:25:45.445706,686.805,9149.221,9148.950
2026-08-12 19:25:46.445706,687.805,9144.630,9146.723
2026-08-12 19:25:47.445706,688.805,9142.673,9144.630
2026-08-12 19:25:48.445706,689.805,9146.723,9142.673
2026-08-12 19:25:49.445706,690.805,9133.966,9133.966
2026-08-12 19:25:50.445706,691.805,9124.718,9133.357
2026-08-12 19:25:51.445706,692.805,9121.883,9126.811
2026-08-12 19:25:52.445706,693.805,9126.811,9124.718
2026-08-12 19:25:53.445706,694.805,9133.357,9121.883
2026-08-12 19:25:54.445706,695.805,9110.476,9119.857
2026-08-12 19:25:55.445706,696.805,9116.078,9116.078
2026-08-12 19:25:56.445706,697.805,9119.857,9110.476
2026-08-12 19:25:57.445706,698.805,9108.721,9108.721
2026-08-12 19:25:58.445706,699.805,9098.325,9106.628
2026-08-12 19:25:59.445706,700.805,9104.468,9104.468
2026-08-12 19:26:00.445706,701.805,9106.628,9103.726
2026-08-12 19:26:01.445706,702.805,9103.726,9102.982
2026-08-12 19:26:02.445706,703.805,9102.982,9099.338
2026-08-12 19:26:03.445706,704.805,9099.338,9098.325
2026-08-12 19:26:04.445706,705.805,9098.123,9098.123
2026-08-12 19:26:05.445706,706.805,9080.573,9089.348
2026-08-12 19:26:06.445706,707.805,9080.505,9082.732
2026-08-12 19:26:07.445706,708.805,9082.732,9080.573
2026-08-12 19:26:08.445706,709.805,9089.348,9080.505
2026-08-12 19:26:09.445706,710.805,9075.848,9075.848
2026-08-12 19:26:10.445706,711.805,9075.375,9075.375
2026-08-12 19:26:11.445706,712.805,9069.232,9073.418
2026-08-12 19:26:12.445706,713.805,9073.418,9072.945
2026-08-12 19:26:13.445706,714.805,9071.056,9071.056
2026-08-12 19:26:14.445706,715.805,9052.493,9069.232
2026-08-12 19:26:15.445706,716.805,9067.681,9067.681
2026-08-12 19:26:16.445706,717.805,9072.945,9066.466
2026-08-12 19:26:17.445706,718.805,9046.755,9059.985
2026-08-12 19:26:18.445706,719.805,9066.466,9052.830
2026-08-12 19:26:19.445706,720.805,9046.620,9052.830
2026-08-12 19:26:20.445706,721.805,9052.763,9052.763
2026-08-12 19:26:21.445706,722.805,9059.985,9052.493
2026-08-12 19:26:22.445706,723.805,9052.830,9051.075
2026-08-12 19:26:23.445706,724.805,9049.118,9049.118
2026-08-12 19:26:24.445706,725.805,9036.766,9048.308
2026-08-12 19:26:25.445706,726.805,9048.308,9048.308
2026-08-12 19:26:26.445706,727.805,9055.261,9046.620
2026-08-12 19:26:27.445706,728.805,9051.075,9042.705
2026-08-12 19:26:28.445706,729.805,9042.705,9036.766
2026-08-12 19:26:29.445706,730.805,9035.686,9035.686
2026-08-12 19:26:30.445706,731.805,9025.088,9025.088
2026-08-12 19:26:31.445706,732.805,8997.143,9022.726
2026-08-12 19:26:32.445706,733.805,9021.646,9021.646
2026-08-12 19:26:33.445706,734.805,9011.386,9016.448
2026-08-12 19:26:34.445706,735.805,9012.870,9014.558
2026-08-12 19:26:35.445706,736.805,9022.726,9012.870
2026-08-12 19:26:36.445706,737.805,9016.448,9011.386
2026-08-12 19:26:37.445706,738.805,8997.278,8998.628
2026-08-12 19:26:38.445706,739.805,9014.558,8997.278
2026-08-12 19:26:39.445706,740.805,8994.308,8997.278
2026-08-12 19:26:40.445706,741.805,8987.896,8996.130
2026-08-12 19:26:41.445706,742.805,8993.903,8994.308
2026-08-12 19:26:42.445706,743.805,8996.130,8993.903
2026-08-12 19:26:43.445706,744.805,8998.628,8990.190
2026-08-12 19:26:44.445706,745.805,8976.690,8987.896
2026-08-12 19:26:45.445706,746.805,8982.226,8987.896
2026-08-12 19:26:46.445706,747.805,8978.716,8986.748
2026-08-12 19:26:47.445706,748.805,8986.748,8982.226
2026-08-12 19:26:48.445706,749.805,8990.190,8980.942
2026-08-12 19:26:49.445706,750.805,8980.942,8980.875
2026-08-12 19:26:50.445706,751.805,8968.995,8978.716
2026-08-12 19:26:51.445706,752.805,8980.875,8977.905
2026-08-12 19:26:52.445706,753.805,8987.963,8977.905
2026-08-12 19:26:53.445706,754.805,8977.905,8968.995
2026-08-12 19:26:54.445706,755.805,8966.025,8966.025
2026-08-12 19:26:55.445706,756.805,8961.638,8965.958
2026-08-12 19:26:56.445706,757.805,8965.958,8961.638
2026-08-12 19:26:57.445706,758.805,8961.368,8961.368
2026-08-12 19:26:58.445706,759.805,8952.998,8955.293
2026-08-12 19:26:59.445706,760.805,8945.708,8952.998
2026-08-12 19:27:00.445706,761.805,8955.293,8949.150
2026-08-12 19:27:01.445706,762.805,8949.150,8945.708
2026-08-12 19:27:02.445706,763.805,8945.505,8945.505
2026-08-12 19:27:03.445706,764.805,8939.633,8940.848
2026-08-12 19:27:04.445706,765.805,8937.000,8939.633
2026-08-12 19:27:05.445706,766.805,8940.848,8937.000
2026-08-12 19:27:06.445706,767.805,8924.445,8933.761
2026-08-12 19:27:07.445706,768.805,8925.795,8929.643
2026-08-12 19:27:08.445706,769.805,8933.761,8926.740
2026-08-12 19:27:09.445706,770.805,8918.438,8925.795
2026-08-12 19:27:10.445706,771.805,8929.643,8924.445
2026-08-12 19:27:11.445706,772.805,8910.203,8918.438
2026-08-12 19:27:12.445706,773.805,8917.763,8917.763
2026-08-12 19:27:13.445706,774.805,8926.740,8910.203
2026-08-12 19:27:14.445706,775.805,8895.758,8907.908
2026-08-12 19:27:15.445706,776.805,8892.181,8901.900
2026-08-12 19:27:16.445706,777.805,8901.900,8899.065
2026-08-12 19:27:17.445706,778.805,8907.908,8896.905
2026-08-12 19:27:18.445706,779.805,8892.653,8895.758
2026-08-12 19:27:19.445706,780.805,8899.065,8892.653
2026-08-12 19:27:20.445706,781.805,8896.905,8892.181
2026-08-12 19:27:21.445706,782.805,8886.982,8890.897
2026-08-12 19:27:22.445706,783.805,8890.897,8886.982
2026-08-12 19:27:23.445706,784.805,8885.903,8885.903
2026-08-12 19:27:24.445706,785.805,8885.633,8885.633
2026-08-12 19:27:25.445706,786.805,8875.170,8882.865
2026-08-12 19:27:26.445706,787.805,8881.516,8881.516
2026-08-12 19:27:27.445706,788.805,8866.396,8875.170
2026-08-12 19:27:28.445706,789.805,8858.295,8871.458
2026-08-12 19:27:29.445706,790.805,8882.865,8866.396
2026-08-12 19:27:30.445706,791.805,8859.173,8862.480
2026-08-12 19:27:31.445706,792.805,8862.480,8862.480
2026-08-12 19:27:32.445706,793.805,8854.650,8859.173
2026-08-12 19:27:33.445706,794.805,8871.458,8858.295
2026-08-12 19:27:34.445706,795.805,8848.778,8854.650
2026-08-12 19:27:35.445706,796.805,8862.480,8849.655
2026-08-12 19:27:36.445706,797.805,8842.838,8848.846
2026-08-12 19:27:37.445706,798.805,8841.960,8848.778
2026-08-12 19:27:38.445706,799.805,8848.846,8842.838
2026-08-12 19:27:39.445706,800.805,8827.245,8841.960
2026-08-12 19:27:40.445706,801.805,8849.655,8831.903
2026-08-12 19:27:41.445706,802.805,8819.078,8827.245
2026-08-12 19:27:42.445706,803.805,8821.238,8821.980
2026-08-12 19:27:43.445706,804.805,8831.903,8821.238
2026-08-12 19:27:44.445706,805.805,8821.103,8821.103
2026-08-12 19:27:45.445706,806.805,8815.838,8819.078
2026-08-12 19:27:46.445706,807.805,8809.493,8815.838
2026-08-12 19:27:47.445706,808.805,8821.980,8814.218
2026-08-12 19:27:48.445706,809.805,8814.218,8809.493
2026-08-12 19:27:49.445706,810.805,8809.021,8809.021
2026-08-12 19:27:50.445706,811.805,8796.601,8803.283
2026-08-12 19:27:51.445706,812.805,8798.625,8801.865
2026-08-12 19:27:52.445706,813.805,8799.030,8799.030
2026-08-12 19:27:53.445706,814.805,8798.625,8798.625
2026-08-12 19:27:54.445706,815.805,8803.283,8798.625
2026-08-12 19:27:55.445706,816.805,8793.698,8796.601
2026-08-12 19:27:56.445706,817.805,8786.476,8793.698
2026-08-12 19:27:57.445706,818.805,8801.865,8790.391
2026-08-12 19:27:58.445706,819.805,8784.450,8788.230
2026-08-12 19:27:59.445706,820.805,8790.391,8786.476
2026-08-12 19:28:00.445706,821.805,8781.886,8785.868
2026-08-12 19:28:01.445706,822.805,8788.230,8784.450
2026-08-12 19:28:02.445706,823.805,8785.868,8781.886
2026-08-12 19:28:03.445706,824.805,8774.460,8780.535
2026-08-12 19:28:04.445706,825.805,8772.503,8780.535
2026-08-12 19:28:05.445706,826.805,8769.263,8774.460
2026-08-12 19:28:06.445706,827.805,8780.535,8773.650
2026-08-12 19:28:07.445706,828.805,8780.535,8772.503
2026-08-12 19:28:08.445706,829.805,8768.588,8769.263
2026-08-12 19:28:09.445706,830.805,8773.650,8768.588
2026-08-12 19:28:10.445706,831.805,8761.905,8761.905
2026-08-12 19:28:11.445706,832.805,8750.565,8750.565
2026-08-12 19:28:12.445706,833.805,8746.516,8750.228
2026-08-12 19:28:13.445706,834.805,8748.405,8748.405
2026-08-12 19:28:14.445706,835.805,8750.228,8746.516
2026-08-12 19:28:15.445706,836.805,8736.120,8743.275
2026-08-12 19:28:16.445706,837.805,8736.053,8738.415
2026-08-12 19:28:17.445706,838.805,8743.275,8737.605
2026-08-12 19:28:18.445706,839.805,8737.605,8736.120
2026-08-12 19:28:19.445706,840.805,8726.873,8736.053
2026-08-12 19:28:20.445706,841.805,8738.415,8732.812
2026-08-12 19:28:21.445706,842.805,8732.812,8729.235
2026-08-12 19:28:22.445706,843.805,8729.235,8726.873
2026-08-12 19:28:23.445706,844.805,8713.306,8725.118
2026-08-12 19:28:24.445706,845.805,8722.013,8723.971
2026-08-12 19:28:25.445706,846.805,8703.788,8722.013
2026-08-12 19:28:26.445706,847.805,8713.508,8716.748
2026-08-12 19:28:27.445706,848.805,8725.118,8713.508
2026-08-12 19:28:28.445706,849.805,8723.971,8713.306
2026-08-12 19:28:29.445706,850.805,8716.748,8707.905
2026-08-12 19:28:30.445706,851.805,8707.567,8707.567
2026-08-12 19:28:31.445706,852.805,8707.433,8707.433
2026-08-12 19:28:32.445706,853.805,8707.096,8707.096
2026-08-12 19:28:33.445706,854.805,8700.008,8707.096
2026-08-12 19:28:34.445706,855.805,8702.775,8702.775
2026-08-12 19:28:35.445706,856.805,8707.905,8700.008
2026-08-12 19:28:36.445706,857.805,8689.073,8696.228
2026-08-12 19:28:37.445706,858.805,8688.397,8696.093
2026-08-12 19:28:38.445706,859.805,8684.280,8692.583
2026-08-12 19:28:39.445706,860.805,8696.093,8689.073
2026-08-12 19:28:40.445706,861.805,8692.583,8688.397
2026-08-12 19:28:41.445706,862.805,8681.107,8687.993
2026-08-12 19:28:42.445706,863.805,8683.403,8684.280
2026-08-12 19:28:43.445706,864.805,8696.228,8683.403
2026-08-12 19:28:44.445706,865.805,8687.993,8681.445
2026-08-12 19:28:45.445706,866.805,8681.445,8681.107
2026-08-12 19:28:46.445706,867.805,8671.118,8671.186
2026-08-12 19:28:47.445706,868.805,8671.186,8671.118
2026-08-12 19:28:48.445706,869.805,8668.620,8668.620
2026-08-12 19:28:49.445706,870.805,8663.896,8667.676
2026-08-12 19:28:50.445706,871.805,8661.128,8667.405
2026-08-12 19:28:51.445706,872.805,8667.405,8667.271
2026-08-12 19:28:52.445706,873.805,8661.263,8663.896
2026-08-12 19:28:53.445706,874.805,8660.386,8662.883
2026-08-12 19:28:54.445706,875.805,8667.676,8662.478
2026-08-12 19:28:55.445706,876.805,8662.883,8661.466
2026-08-12 19:28:56.445706,877.805,8667.271,8661.263
2026-08-12 19:28:57.445706,878.805,8661.466,8661.128
2026-08-12 19:28:58.445706,879.805,8662.478,8660.386
2026-08-12 19:28:59.445706,880.805,8653.163,8657.415
2026-08-12 19:29:00.445706,881.805,8657.415,8656.335
2026-08-12 19:29:01.445706,882.805,8651.272,8654.580
2026-08-12 19:29:02.445706,883.805,8650.058,8653.163
2026-08-12 19:29:03.445706,884.805,8645.333,8651.272
2026-08-12 19:29:04.445706,885.805,8654.580,8650.058
2026-08-12 19:29:05.445706,886.805,8642.768,8649.383
2026-08-12 19:29:06.445706,887.805,8656.335,8645.333
2026-08-12 19:29:07.445706,888.805,8649.383,8643.105
2026-08-12 19:29:08.445706,889.805,8633.723,8642.768
2026-08-12 19:29:09.445706,890.805,8632.710,8640.945
2026-08-12 19:29:10.445706,891.805,8643.105,8638.448
2026-08-12 19:29:11.445706,892.805,8638.448,8634.128
2026-08-12 19:29:12.445706,893.805,8634.128,8633.723
2026-08-12 19:29:13.445706,894.805,8630.146,8633.250
2026-08-12 19:29:14.445706,895.805,8628.525,8632.710
2026-08-12 19:29:15.445706,896.805,8640.945,8630.146
2026-08-12 19:29:16.445706,897.805,8625.353,8628.525
2026-08-12 19:29:17.445706,898.805,8622.990,8626.096
2026-08-12 19:29:18.445706,899.805,8633.250,8625.353
2026-08-12 19:29:19.445706,900.805,8623.530,8623.530
2026-08-12 19:29:20.445706,901.805,8612.933,8623.530
2026-08-12 19:29:21.445706,902.805,8619.817,8622.990
2026-08-12 19:29:22.445706,903.805,8599.973,8622.990
2026-08-12 19:29:23.445706,904.805,8622.990,8622.383
2026-08-12 19:29:24.445706,905.805,8626.096,8619.817
2026-08-12 19:29:25.445706,906.805,8614.351,8619.817
2026-08-12 19:29:26.445706,907.805,8613.067,8619.750
2026-08-12 19:29:27.445706,908.805,8624.745,8619.143
2026-08-12 19:29:28.445706,909.805,8622.383,8619.143
2026-08-12 19:29:29.445706,910.805,8619.143,8614.351
2026-08-12 19:29:30.445706,911.805,8619.750,8614.351
2026-08-12 19:29:31.445706,912.805,8604.091,8613.203
2026-08-12 19:29:32.445706,913.805,8621.303,8613.067
2026-08-12 19:29:33.445706,914.805,8613.203,8609.896
2026-08-12 19:29:34.445706,915.805,8593.223,8604.091
2026-08-12 19:29:35.445706,916.805,8596.598,8602.133
2026-08-12 19:29:36.445706,917.805,8609.896,8599.163
2026-08-12 19:29:37.445706,918.805,8599.163,8599.028
2026-08-12 19:29:38.445706,919.805,8599.028,8596.598
2026-08-12 19:29:39.445706,920.805,8580.803,8593.223
2026-08-12 19:29:40.445706,921.805,8602.133,8589.915
2026-08-12 19:29:41.445706,922.805,8583.705,8589.646
2026-08-12 19:29:42.445706,923.805,8589.646,8586.203
2026-08-12 19:29:43.445706,924.805,8585.730,8586.000
2026-08-12 19:29:44.445706,925.805,8586.000,8585.730
2026-08-12 19:29:45.445706,926.805,8589.915,8585.730
2026-08-12 19:29:46.445706,927.805,8586.203,8585.460
2026-08-12 19:29:47.445706,928.805,8585.460,8585.460
2026-08-12 19:29:48.445706,929.805,8566.695,8583.705
2026-08-12 19:29:49.445706,930.805,8582.558,8582.558
2026-08-12 19:29:50.445706,931.805,8572.096,8578.980
2026-08-12 19:29:51.445706,932.805,8573.918,8577.428
2026-08-12 19:29:52.445706,933.805,8588.431,8573.918
2026-08-12 19:29:53.445706,934.805,8568.653,8572.096
2026-08-12 19:29:54.445706,935.805,8578.980,8570.272
2026-08-12 19:29:55.445706,936.805,8577.428,8569.058
2026-08-12 19:29:56.445706,937.805,8569.058,8569.058
2026-08-12 19:29:57.445706,938.805,8564.198,8568.653
2026-08-12 19:29:58.445706,939.805,8549.618,8564.535
2026-08-12 19:29:59.445706,940.805,8570.272,8564.198
2026-08-12 19:30:00.445706,941.805,8564.535,8564.198
2026-08-12 19:30:01.445706,942.805,8559.743,8560.147
2026-08-12 19:30:02.445706,943.805,8552.857,8559.743
2026-08-12 19:30:03.445706,944.805,8564.198,8552.857
2026-08-12 19:30:04.445706,945.805,8543.812,8551.643
2026-08-12 19:30:05.445706,946.805,8560.147,8549.618
2026-08-12 19:30:06.445706,947.805,8548.200,8548.200
2026-08-12 19:30:07.445706,948.805,8531.865,8544.420
2026-08-12 19:30:08.445706,949.805,8536.522,8543.812
2026-08-12 19:30:09.445706,950.805,8551.643,8539.695
2026-08-12 19:30:10.445706,951.805,8544.420,8537.873
2026-08-12 19:30:11.445706,952.805,8539.695,8536.522
2026-08-12 19:30:12.445706,953.805,8534.633,8535.308
2026-08-12 19:30:13.445706,954.805,8535.308,8534.633
2026-08-12 19:30:14.445706,955.805,8519.445,8533.216
2026-08-12 19:30:15.445706,956.805,8537.873,8533.216
2026-08-12 19:30:16.445706,957.805,8530.853,8532.743
2026-08-12 19:30:17.445706,958.805,8533.216,8530.853
2026-08-12 19:30:18.445706,959.805,8532.743,8523.226
2026-08-12 19:30:19.445706,960.805,8517.218,8519.445
2026-08-12 19:30:20.445706,961.805,8505.067,8517.218
2026-08-12 19:30:21.445706,962.805,8523.226,8513.775
2026-08-12 19:30:22.445706,963.805,8502.841,8511.008
2026-08-12 19:30:23.445706,964.805,8509.388,8509.388
2026-08-12 19:30:24.445706,965.805,8498.453,8505.067
2026-08-12 19:30:25.445706,966.805,8511.008,8502.841
2026-08-12 19:30:26.445706,967.805,8513.775,8501.963
2026-08-12 19:30:27.445706,968.805,8496.293,8500.883
2026-08-12 19:30:28.445706,969.805,8500.883,8498.453
2026-08-12 19:30:29.445706,970.805,8497.170,8498.453
2026-08-12 19:30:30.445706,971.805,8490.083,8497.170
2026-08-12 19:30:31.445706,972.805,8501.963,8496.293
2026-08-12 19:30:32.445706,973.805,8495.753,8495.753
2026-08-12 19:30:33.445706,974.805,8488.732,8494.808
2026-08-12 19:30:34.445706,975.805,8494.808,8490.893
2026-08-12 19:30:35.445706,976.805,8490.893,8490.218
2026-08-12 19:30:36.445706,977.805,8501.221,8490.083
2026-08-12 19:30:37.445706,978.805,8483.738,8488.732
2026-08-12 19:30:38.445706,979.805,8482.388,8484.548
2026-08-12 19:30:39.445706,980.805,8490.218,8483.738
2026-08-12 19:30:40.445706,981.805,8470.846,8482.388
2026-08-12 19:30:41.445706,982.805,8484.548,8479.823
2026-08-12 19:30:42.445706,983.805,8469.698,8470.846
2026-08-12 19:30:43.445706,984.805,8467.335,8469.698
2026-08-12 19:30:44.445706,985.805,8479.823,8467.335
2026-08-12 19:30:45.445706,986.805,8463.285,8465.716
2026-08-12 19:30:46.445706,987.805,8463.825,8463.825
2026-08-12 19:30:47.445706,988.805,8465.716,8463.285
2026-08-12 19:30:48.445706,989.805,8446.073,8460.248
2026-08-12 19:30:49.445706,990.805,8451.811,8452.823
2026-08-12 19:30:50.445706,991.805,8443.778,8451.811
2026-08-12 19:30:51.445706,992.805,8446.410,8448.165
2026-08-12 19:30:52.445706,993.805,8460.248,8446.883
2026-08-12 19:30:53.445706,994.805,8452.823,8446.410
2026-08-12 19:30:54.445706,995.805,8448.165,8446.073
2026-08-12 19:30:55.445706,996.805,8436.690,8443.778
2026-08-12 19:30:56.445706,997.805,8446.883,8443.778
2026-08-12 19:30:57.445706,998.805,8439.323,8439.323
2026-08-12 19:30:58.445706,999.805,8443.778,8436.690
2026-08-12 19:30:59.445706,1000.805,8434.868,8435.948
2026-08-12 19:31:00.445706,1001.805,8428.522,8435.341
2026-08-12 19:31:01.445706,1002.805,8435.948,8434.868
2026-08-12 19:31:02.445706,1003.805,8431.695,8431.695
2026-08-12 19:31:03.445706,1004.805,8423.190,8428.522
2026-08-12 19:31:04.445706,1005.805,8427.848,8427.848
2026-08-12 19:31:05.445706,1006.805,8435.341,8423.190
2026-08-12 19:31:06.445706,1007.805,8419.545,8419.545
2026-08-12 19:31:07.445706,1008.805,8408.678,8414.551
2026-08-12 19:31:08.445706,1009.805,8412.188,8412.188
2026-08-12 19:31:09.445706,1010.805,8404.830,8411.107
2026-08-12 19:31:10.445706,1011.805,8407.058,8408.678
2026-08-12 19:31:11.445706,1012.805,8411.107,8408.070
2026-08-12 19:31:12.445706,1013.805,8414.551,8407.058
2026-08-12 19:31:13.445706,1014.805,8401.658,8404.830
2026-08-12 19:31:14.445706,1015.805,8398.485,8401.658
2026-08-12 19:31:15.445706,1016.805,8393.896,8398.485
2026-08-12 19:31:16.445706,1017.805,8408.070,8398.283
2026-08-12 19:31:17.445706,1018.805,8398.013,8398.013
2026-08-12 19:31:18.445706,1019.805,8385.323,8393.896
2026-08-12 19:31:19.445706,1020.805,8384.176,8392.815
2026-08-12 19:31:20.445706,1021.805,8379.721,8385.323
2026-08-12 19:31:21.445706,1022.805,8392.815,8385.255
2026-08-12 19:31:22.445706,1023.805,8398.283,8384.176
2026-08-12 19:31:23.445706,1024.805,8382.758,8382.758
2026-08-12 19:31:24.445706,1025.805,8376.750,8379.721
2026-08-12 19:31:25.445706,1026.805,8371.755,8377.966
2026-08-12 19:31:26.445706,1027.805,8377.493,8377.493
2026-08-12 19:31:27.445706,1028.805,8377.966,8376.750
2026-08-12 19:31:28.445706,1029.805,8385.255,8375.468
2026-08-12 19:31:29.445706,1030.805,8366.963,8371.755
2026-08-12 19:31:30.445706,1031.805,8375.468,8371.688
2026-08-12 19:31:31.445706,1032.805,8363.386,8368.043
2026-08-12 19:31:32.445706,1033.805,8371.688,8366.963
2026-08-12 19:31:33.445706,1034.805,8368.043,8366.625
2026-08-12 19:31:34.445706,1035.805,8366.625,8364.735
2026-08-12 19:31:35.445706,1036.805,8364.735,8363.386
2026-08-12 19:31:36.445706,1037.805,8361.360,8361.360
2026-08-12 19:31:37.445706,1038.805,8355.623,8355.623
2026-08-12 19:31:38.445706,1039.805,8353.328,8353.328
2026-08-12 19:31:39.445706,1040.805,8346.646,8348.062
2026-08-12 19:31:40.445706,1041.805,8341.920,8347.051
2026-08-12 19:31:41.445706,1042.805,8348.062,8347.051
2026-08-12 19:31:42.445706,1043.805,8344.418,8346.780
2026-08-12 19:31:43.445706,1044.805,8347.051,8346.646
2026-08-12 19:31:44.445706,1045.805,8346.780,8344.418
2026-08-12 19:31:45.445706,1046.805,8334.630,8344.013
2026-08-12 19:31:46.445706,1047.805,8344.013,8341.920
2026-08-12 19:31:47.445706,1048.805,8330.715,8336.993
2026-08-12 19:31:48.445706,1049.805,8347.793,8334.630
2026-08-12 19:31:49.445706,1050.805,8336.993,8330.715
2026-08-12 19:31:50.445706,1051.805,8328.758,8328.758
2026-08-12 19:31:51.445706,1052.805,8322.277,8327.543
2026-08-12 19:31:52.445706,1053.805,8320.995,8322.277
2026-08-12 19:31:53.445706,1054.805,8327.543,8320.995
2026-08-12 19:31:54.445706,1055.805,8315.123,8319.240
2026-08-12 19:31:55.445706,1056.805,8316.405,8316.405
2026-08-12 19:31:56.445706,1057.805,8316.271,8316.405
2026-08-12 19:31:57.445706,1058.805,8314.650,8316.338
2026-08-12 19:31:58.445706,1059.805,8316.067,8316.271
2026-08-12 19:31:59.445706,1060.805,8301.016,8316.067
2026-08-12 19:32:00.445706,1061.805,8319.240,8315.123
2026-08-12 19:32:01.445706,1062.805,8302.905,8314.650
2026-08-12 19:32:02.445706,1063.805,8316.338,8313.301
2026-08-12 19:32:03.445706,1064.805,8316.607,8302.905
2026-08-12 19:32:04.445706,1065.805,8313.301,8301.556
2026-08-12 19:32:05.445706,1066.805,8301.556,8301.420
2026-08-12 19:32:06.445706,1067.805,8297.978,8301.420
2026-08-12 19:32:07.445706,1068.805,8285.423,8301.420
2026-08-12 19:32:08.445706,1069.805,8301.420,8298.518
2026-08-12 19:32:09.445706,1070.805,8298.518,8297.978
2026-08-12 19:32:10.445706,1071.805,8289.607,8297.033
2026-08-12 19:32:11.445706,1072.805,8291.228,8293.793
2026-08-12 19:32:12.445706,1073.805,8297.033,8293.186
2026-08-12 19:32:13.445706,1074.805,8303.918,8291.228
2026-08-12 19:32:14.445706,1075.805,8280.766,8289.607
2026-08-12 19:32:15.445706,1076.805,8293.186,8289.607
2026-08-12 19:32:16.445706,1077.805,8280.022,8282.386
2026-08-12 19:32:17.445706,1078.805,8279.280,8280.900
2026-08-12 19:32:18.445706,1079.805,8293.793,8280.766
2026-08-12 19:32:19.445706,1080.805,8282.386,8280.022
2026-08-12 19:32:20.445706,1081.805,8270.168,8279.280
2026-08-12 19:32:21.445706,1082.805,8268.817,8275.163
2026-08-12 19:32:22.445706,1083.805,8273.205,8273.205
2026-08-12 19:32:23.445706,1084.805,8275.163,8271.383
2026-08-12 19:32:24.445706,1085.805,8280.900,8270.168
2026-08-12 19:32:25.445706,1086.805,8265.240,8268.817
2026-08-12 19:32:26.445706,1087.805,8258.152,8268.075
2026-08-12 19:32:27.445706,1088.805,8266.051,8266.051
2026-08-12 19:32:28.445706,1089.805,8271.383,8265.240
2026-08-12 19:32:29.445706,1090.805,8259.165,8263.620
2026-08-12 19:32:30.445706,1091.805,8268.075,8259.165
2026-08-12 19:32:31.445706,1092.805,8263.620,8258.152
2026-08-12 19:32:32.445706,1093.805,8243.101,8251.875
2026-08-12 19:32:33.445706,1094.805,8248.096,8248.096
2026-08-12 19:32:34.445706,1095.805,8247.960,8247.960
2026-08-12 19:32:35.445706,1096.805,8239.793,8247.488
2026-08-12 19:32:36.445706,1097.805,8247.488,8243.641
2026-08-12 19:32:37.445706,1098.805,8251.875,8243.101
2026-08-12 19:32:38.445706,1099.805,8233.516,8239.793
2026-08-12 19:32:39.445706,1100.805,8236.688,8237.633
2026-08-12 19:32:40.445706,1101.805,8233.312,8236.958
2026-08-12 19:32:41.445706,1102.805,8234.663,8236.688
2026-08-12 19:32:42.445706,1103.805,8243.641,8234.663
2026-08-12 19:32:43.445706,1104.805,8237.633,8233.516
2026-08-12 19:32:44.445706,1105.805,8226.090,8233.312
2026-08-12 19:32:45.445706,1106.805,8236.958,8228.521
2026-08-12 19:32:46.445706,1107.805,8219.205,8226.090
2026-08-12 19:32:47.445706,1108.805,8221.905,8222.445
2026-08-12 19:32:48.445706,1109.805,8222.445,8221.905
2026-08-12 19:32:49.445706,1110.805,8216.033,8220.083
2026-08-12 19:32:50.445706,1111.805,8217.181,8219.205
2026-08-12 19:32:51.445706,1112.805,8228.521,8217.181
2026-08-12 19:32:52.445706,1113.805,8208.067,8216.033
2026-08-12 19:32:53.445706,1114.805,8220.083,8215.830
2026-08-12 19:32:54.445706,1115.805,8215.830,8211.713
2026-08-12 19:32:55.445706,1116.805,8211.713,8208.067
2026-08-12 19:32:56.445706,1117.805,8208.067,8208.067
2026-08-12 19:32:57.445706,1118.805,8197.471,8208.067
2026-08-12 19:32:58.445706,1119.805,8200.846,8207.865
2026-08-12 19:32:59.445706,1120.805,8194.973,8206.245
2026-08-12 19:33:00.445706,1121.805,8206.245,8200.846
2026-08-12 19:33:01.445706,1122.805,8197.942,8197.942
2026-08-12 19:33:02.445706,1123.805,8196.120,8197.471
2026-08-12 19:33:03.445706,1124.805,8208.067,8196.255
2026-08-12 19:33:04.445706,1125.805,8207.865,8196.120
2026-08-12 19:33:05.445706,1126.805,8188.965,8194.973
2026-08-12 19:33:06.445706,1127.805,8189.438,8194.905
2026-08-12 19:33:07.445706,1128.805,8196.255,8191.463
2026-08-12 19:33:08.445706,1129.805,8189.978,8190.113
2026-08-12 19:33:09.445706,1130.805,8191.463,8189.978
2026-08-12 19:33:10.445706,1131.805,8187.548,8189.438
2026-08-12 19:33:11.445706,1132.805,8194.905,8188.965
2026-08-12 19:33:12.445706,1133.805,8190.113,8187.548
2026-08-12 19:33:13.445706,1134.805,8184.173,8186.738
2026-08-12 19:33:14.445706,1135.805,8184.375,8184.375
2026-08-12 19:33:15.445706,1136.805,8181.473,8184.173
2026-08-12 19:33:16.445706,1137.805,8182.215,8183.768
2026-08-12 19:33:17.445706,1138.805,8183.768,8183.633
2026-08-12 19:33:18.445706,1139.805,8178.233,8183.160
2026-08-12 19:33:19.445706,1140.805,8186.738,8182.215
2026-08-12 19:33:20.445706,1141.805,8175.803,8181.473
2026-08-12 19:33:21.445706,1142.805,8183.633,8178.233
2026-08-12 19:33:22.445706,1143.805,8183.160,8176.073
2026-08-12 19:33:23.445706,1144.805,8174.183,8175.803
2026-08-12 19:33:24.445706,1145.805,8176.073,8174.183
2026-08-12 19:33:25.445706,1146.805,8164.868,8166.285
2026-08-12 19:33:26.445706,1147.805,8157.038,8164.868
2026-08-12 19:33:27.445706,1148.805,8166.285,8157.038
2026-08-12 19:33:28.445706,1149.805,8155.890,8155.890
2026-08-12 19:33:29.445706,1150.805,8149.275,8152.988
2026-08-12 19:33:30.445706,1151.805,8145.293,8149.275
2026-08-12 19:33:31.445706,1152.805,8145.090,8147.385
2026-08-12 19:33:32.445706,1153.805,8145.360,8145.360
2026-08-12 19:33:33.445706,1154.805,8152.988,8145.293
2026-08-12 19:33:34.445706,1155.805,8136.990,8145.090
2026-08-12 19:33:35.445706,1156.805,8143.538,8143.538
2026-08-12 19:33:36.445706,1157.805,8147.385,8137.868
2026-08-12 19:33:37.445706,1158.805,8137.868,8136.990
2026-08-12 19:33:38.445706,1159.805,8130.375,8133.075
2026-08-12 19:33:39.445706,1160.805,8127.405,8130.375
2026-08-12 19:33:40.445706,1161.805,8125.380,8129.363
2026-08-12 19:33:41.445706,1162.805,8133.075,8128.958
2026-08-12 19:33:42.445706,1163.805,8115.188,8127.405
2026-08-12 19:33:43.445706,1164.805,8129.363,8127.405
2026-08-12 19:33:44.445706,1165.805,8128.958,8127.405
2026-08-12 19:33:45.445706,1166.805,8105.670,8127.405
2026-08-12 19:33:46.445706,1167.805,8109.990,8127.405
2026-08-12 19:33:47.445706,1168.805,8114.783,8128.958
2026-08-12 19:33:48.445706,1169.805,8112.758,8129.363
2026-08-12 19:33:49.445706,1170.805,8119.778,8129.363
2026-08-12 19:33:50.445706,1171.805,8270.641,8270.641
2026-08-12 19:33:51.445706,1172.805,8447.355,8356.500
2026-08-12 19:33:52.445706,1173.805,8472.195,8356.500
2026-08-12 19:33:53.445706,1174.805,8395.178,8384.243
2026-08-12 19:33:54.445706,1175.805,8356.500,8384.243
2026-08-12 19:33:55.445706,1176.805,8386.673,8384.243
2026-08-12 19:33:56.445706,1177.805,8397.000,8384.243
2026-08-12 19:33:57.445706,1178.805,8408.205,8386.673
2026-08-12 19:33:58.445706,1179.805,8386.740,8386.673
2026-08-12 19:33:59.445706,1180.805,8355.825,8384.243
2026-08-12 19:34:00.445706,1181.805,8384.243,8380.261
2026-08-12 19:34:01.445706,1182.805,8380.261,8379.990
2026-08-12 19:34:02.445706,1183.805,8379.990,8379.990
2026-08-12 19:34:03.445706,1184.805,8326.801,8355.825
2026-08-12 19:34:04.445706,1185.805,8627.040,8337.465
2026-08-12 19:34:05.445706,1186.805,8337.465,8326.801
2026-08-12 19:34:06.445706,1187.805,8137.936,8137.936
2026-08-12 19:34:07.445706,1188.805,8091.293,8091.293
2026-08-12 19:34:08.445706,1189.805,8057.408,8057.408
2026-08-12 19:34:09.445706,1190.805,8049.510,8056.936
2026-08-12 19:34:10.445706,1191.805,8056.936,8054.775
2026-08-12 19:34:11.445706,1192.805,8046.000,8049.510
2026-08-12 19:34:12.445706,1193.805,8054.775,8046.945
2026-08-12 19:34:13.445706,1194.805,8046.945,8046.135
2026-08-12 19:34:14.445706,1195.805,8044.448,8046.000
2026-08-12 19:34:15.445706,1196.805,8046.135,8044.448
2026-08-12 19:34:16.445706,1197.805,8040.735,8040.735
2026-08-12 19:34:17.445706,1198.805,8031.758,8039.723
2026-08-12 19:34:18.445706,1199.805,8039.723,8036.078
2026-08-12 19:34:19.445706,1200.805,8035.403,8035.403
2026-08-12 19:34:20.445706,1201.805,8021.768,8034.390
2026-08-12 19:34:21.445706,1202.805,8036.078,8031.758
2026-08-12 19:34:22.445706,1203.805,8021.363,8029.125
2026-08-12 19:34:23.445706,1204.805,8029.125,8025.683
2026-08-12 19:34:24.445706,1205.805,8034.390,8021.768
2026-08-12 19:34:25.445706,1206.805,8013.330,8021.363
2026-08-12 19:34:26.445706,1207.805,8013.061,8013.330
2026-08-12 19:34:27.445706,1208.805,8025.683,8013.061
2026-08-12 19:34:28.445706,1209.805,8002.530,8005.230
2026-08-12 19:34:29.445706,1210.805,8002.868,8005.230
2026-08-12 19:34:30.445706,1211.805,8005.230,8005.230
2026-08-12 19:34:31.445706,1212.805,8002.125,8005.230
2026-08-12 19:34:32.445706,1213.805,7998.615,8005.230
2026-08-12 19:34:33.445706,1214.805,7999.561,8005.230
2026-08-12 19:34:34.445706,1215.805,8002.936,8005.230
2026-08-12 19:34:35.445706,1216.805,7996.590,8005.230
2026-08-12 19:34:36.445706,1217.805,8023.253,8023.253
2026-08-12 19:34:37.445706,1218.805,8054.168,8054.168
2026-08-12 19:34:38.445706,1219.805,8254.035,8254.035
2026-08-12 19:34:39.445706,1220.805,8573.647,8573.647
2026-08-12 19:34:40.445706,1221.805,8948.678,8948.678
2026-08-12 19:34:41.445706,1222.805,8958.330,8958.330
2026-08-12 19:34:42.445706,1223.805,9098.393,8958.330
2026-08-12 19:34:43.445706,1224.805,9084.825,8958.330
2026-08-12 19:34:44.445706,1225.805,9088.875,8958.330
2026-08-12 19:34:45.445706,1226.805,9067.005,8958.330
2026-08-12 19:34:46.445706,1227.805,9055.936,8958.330
2026-08-12 19:34:47.445706,1228.805,9029.812,8958.330
2026-08-12 19:34:48.445706,1229.805,9067.815,8958.330
2026-08-12 19:34:49.445706,1230.805,8943.683,8943.683
2026-08-12 19:34:50.445706,1231.805,8880.772,8880.772
2026-08-12 19:34:51.445706,1232.805,8808.008,8808.008
2026-08-12 19:34:52.445706,1233.805,8343.473,8343.473
2026-08-12 19:34:53.445706,1234.805,8099.393,8099.393
2026-08-12 19:34:54.445706,1235.805,7986.128,7986.128
2026-08-12 19:34:55.445706,1236.805,7966.823,7972.425
2026-08-12 19:34:56.445706,1237.805,7964.258,7966.823
2026-08-12 19:34:57.445706,1238.805,7966.013,7966.013
2026-08-12 19:34:58.445706,1239.805,7962.233,7965.338
2026-08-12 19:34:59.445706,1240.805,7965.338,7965.203
2026-08-12 19:35:00.445706,1241.805,7965.203,7964.258
2026-08-12 19:35:01.445706,1242.805,7972.425,7962.233
2026-08-12 19:35:02.445706,1243.805,7957.305,7960.073
2026-08-12 19:35:03.445706,1244.805,7950.015,7957.305
2026-08-12 19:35:04.445706,1245.805,7935.975,7954.740
2026-08-12 19:35:05.445706,1246.805,7954.740,7953.390
2026-08-12 19:35:06.445706,1247.805,7960.073,7950.015
2026-08-12 19:35:07.445706,1248.805,7953.390,7941.646
2026-08-12 19:35:08.445706,1249.805,7935.840,7938.473
2026-08-12 19:35:09.445706,1250.805,7933.208,7938.473
2026-08-12 19:35:10.445706,1251.805,7938.473,7936.785
2026-08-12 19:35:11.445706,1252.805,7935.840,7935.975
2026-08-12 19:35:12.445706,1253.805,7941.646,7935.840
2026-08-12 19:35:13.445706,1254.805,7938.473,7935.840
2026-08-12 19:35:14.445706,1255.805,7930.980,7933.208
2026-08-12 19:35:15.445706,1256.805,7925.985,7930.980
2026-08-12 19:35:16.445706,1257.805,7936.785,7929.023
2026-08-12 19:35:17.445706,1258.805,7929.023,7926.390
2026-08-12 19:35:18.445706,1259.805,7925.243,7925.985
2026-08-12 19:35:19.445706,1260.805,7915.186,7925.243
2026-08-12 19:35:20.445706,1261.805,7911.271,7915.186
2026-08-12 19:35:21.445706,1262.805,7926.390,7914.443
2026-08-12 19:35:22.445706,1263.805,7910.730,7911.271
2026-08-12 19:35:23.445706,1264.805,7914.443,7910.730
2026-08-12 19:35:24.445706,1265.805,7904.925,7908.705
2026-08-12 19:35:25.445706,1266.805,7908.705,7904.925
2026-08-12 19:35:26.445706,1267.805,7901.078,7901.078
2026-08-12 19:35:27.445706,1268.805,7900.200,7901.078
2026-08-12 19:35:28.445706,1269.805,7896.150,7901.078
2026-08-12 19:35:29.445706,1270.805,7891.898,7901.078
2026-08-12 19:35:30.445706,1271.805,7898.580,7900.268
2026-08-12 19:35:31.445706,1272.805,7898.243,7900.200
2026-08-12 19:35:32.445706,1273.805,7893.518,7898.580
2026-08-12 19:35:33.445706,1274.805,7900.268,7898.243
2026-08-12 19:35:34.445706,1275.805,7920.653,7896.150
2026-08-12 19:35:35.445706,1276.805,7916.333,7893.518
2026-08-12 19:35:36.445706,1277.805,7901.888,7891.898
2026-08-12 19:35:37.445706,1278.805,7880.423,7891.155
2026-08-12 19:35:38.445706,1279.805,7891.155,7883.123
2026-08-12 19:35:39.445706,1280.805,7878.128,7880.423
2026-08-12 19:35:40.445706,1281.805,7883.123,7878.128
2026-08-12 19:35:41.445706,1282.805,7873.943,7873.943
2026-08-12 19:35:42.445706,1283.805,7870.635,7871.918
2026-08-12 19:35:43.445706,1284.805,7858.148,7870.635
2026-08-12 19:35:44.445706,1285.805,7861.860,7867.530
2026-08-12 19:35:45.445706,1286.805,7871.918,7861.860
2026-08-12 19:35:46.445706,1287.805,7867.530,7860.240
2026-08-12 19:35:47.445706,1288.805,7860.240,7858.215
2026-08-12 19:35:48.445706,1289.805,7842.690,7858.148
2026-08-12 19:35:49.445706,1290.805,7844.041,7858.080
2026-08-12 19:35:50.445706,1291.805,7840.530,7850.925
2026-08-12 19:35:51.445706,1292.805,7850.925,7848.765
2026-08-12 19:35:52.445706,1293.805,7848.765,7845.795
2026-08-12 19:35:53.445706,1294.805,7858.215,7844.580
2026-08-12 19:35:54.445706,1295.805,7845.795,7844.041
2026-08-12 19:35:55.445706,1296.805,7858.080,7842.690
2026-08-12 19:35:56.445706,1297.805,7837.628,7842.285
2026-08-12 19:35:57.445706,1298.805,7844.580,7841.610
2026-08-12 19:35:58.445706,1299.805,7842.285,7841.610
2026-08-12 19:35:59.445706,1300.805,7835.468,7837.628
2026-08-12 19:36:00.445706,1301.805,7841.610,7836.548
2026-08-12 19:36:01.445706,1302.805,7828.448,7835.468
2026-08-12 19:36:02.445706,1303.805,7836.548,7835.400
2026-08-12 19:36:03.445706,1304.805,7835.400,7832.430
2026-08-12 19:36:04.445706,1305.805,7832.430,7830.203
2026-08-12 19:36:05.445706,1306.805,7830.203,7828.515
2026-08-12 19:36:06.445706,1307.805,7822.305,7828.448
2026-08-12 19:36:07.445706,1308.805,7820.348,7822.305
2026-08-12 19:36:08.445706,1309.805,7816.703,7821.023
2026-08-12 19:36:09.445706,1310.805,7828.515,7821.023
2026-08-12 19:36:10.445706,1311.805,7820.078,7820.348
2026-08-12 19:36:11.445706,1312.805,7817.648,7820.078
2026-08-12 19:36:12.445706,1313.805,7814.543,7819.200
2026-08-12 19:36:13.445706,1314.805,7806.173,7817.648
2026-08-12 19:36:14.445706,1315.805,7819.200,7816.703
2026-08-12 19:36:15.445706,1316.805,7821.023,7814.543
2026-08-12 19:36:16.445706,1317.805,7825.680,7808.063
2026-08-12 19:36:17.445706,1318.805,7808.063,7806.173
2026-08-12 19:36:18.445706,1319.805,7805.295,7806.173
2026-08-12 19:36:19.445706,1320.805,7805.498,7805.835
2026-08-12 19:36:20.445706,1321.805,7805.835,7805.498
2026-08-12 19:36:21.445706,1322.805,7805.363,7805.363
2026-08-12 19:36:22.445706,1323.805,7804.958,7805.295
2026-08-12 19:36:23.445706,1324.805,7800.773,7805.295
2026-08-12 19:36:24.445706,1325.805,7783.965,7804.958
2026-08-12 19:36:25.445706,1326.805,7807.725,7800.773
2026-08-12 19:36:26.445706,1327.805,7805.295,7795.373
2026-08-12 19:36:27.445706,1328.805,7793.146,7793.146
2026-08-12 19:36:28.445706,1329.805,7791.390,7791.390
2026-08-12 19:36:29.445706,1330.805,7795.373,7788.488
2026-08-12 19:36:30.445706,1331.805,7788.488,7783.965
2026-08-12 19:36:31.445706,1332.805,7776.271,7781.265
2026-08-12 19:36:32.445706,1333.805,7777.485,7780.725
2026-08-12 19:36:33.445706,1334.805,7781.265,7778.160
2026-08-12 19:36:34.445706,1335.805,7775.460,7777.485
2026-08-12 19:36:35.445706,1336.805,7778.160,7776.675
2026-08-12 19:36:36.445706,1337.805,7775.933,7776.608
2026-08-12 19:36:37.445706,1338.805,7780.725,7776.271
2026-08-12 19:36:38.445706,1339.805,7776.608,7775.933
2026-08-12 19:36:39.445706,1340.805,7776.675,7775.460
2026-08-12 19:36:40.445706,1341.805,7768.778,7768.778
2026-08-12 19:36:41.445706,1342.805,7765.403,7766.550
2026-08-12 19:36:42.445706,1343.805,7756.763,7765.403
2026-08-12 19:36:43.445706,1344.805,7756.358,7762.500
2026-08-12 19:36:44.445706,1345.805,7759.936,7760.003
2026-08-12 19:36:45.445706,1346.805,7759.193,7759.936
2026-08-12 19:36:46.445706,1347.805,7760.003,7759.598
2026-08-12 19:36:47.445706,1348.805,7766.550,7759.193
2026-08-12 19:36:48.445706,1349.805,7755.480,7756.763
2026-08-12 19:36:49.445706,1350.805,7762.500,7756.358
2026-08-12 19:36:50.445706,1351.805,7753.860,7755.480
2026-08-12 19:36:51.445706,1352.805,7759.598,7753.860
2026-08-12 19:36:52.445706,1353.805,7745.693,7752.713
2026-08-12 19:36:53.445706,1354.805,7745.153,7746.503
2026-08-12 19:36:54.445706,1355.805,7746.503,7745.896
2026-08-12 19:36:55.445706,1356.805,7742.048,7745.693
2026-08-12 19:36:56.445706,1357.805,7745.896,7745.153
2026-08-12 19:36:57.445706,1358.805,7752.713,7742.048
2026-08-12 19:36:58.445706,1359.805,7731.855,7740.833
2026-08-12 19:36:59.445706,1360.805,7733.205,7733.205
2026-08-12 19:37:00.445706,1361.805,7722.338,7733.205
2026-08-12 19:37:01.445706,1362.805,7721.663,7732.868
2026-08-12 19:37:02.445706,1363.805,7732.868,7731.855
2026-08-12 19:37:03.445706,1364.805,7722.405,7724.970
2026-08-12 19:37:04.445706,1365.805,7724.970,7722.405
2026-08-12 19:37:05.445706,1366.805,7740.833,7722.338
2026-08-12 19:37:06.445706,1367.805,7720.650,7721.663
2026-08-12 19:37:07.445706,1368.805,7737.998,7720.650
2026-08-12 19:37:08.445706,1369.805,7720.583,7720.583
2026-08-12 19:37:09.445706,1370.805,7717.680,7719.503
2026-08-12 19:37:10.445706,1371.805,7719.503,7719.436
2026-08-12 19:37:11.445706,1372.805,7715.521,7717.680
2026-08-12 19:37:12.445706,1373.805,7719.436,7715.521
2026-08-12 19:37:13.445706,1374.805,7710.795,7710.795
2026-08-12 19:37:14.445706,1375.805,7693.313,7707.960
2026-08-12 19:37:15.445706,1376.805,7706.408,7706.408
2026-08-12 19:37:16.445706,1377.805,7707.960,7705.260
2026-08-12 19:37:17.445706,1378.805,7705.260,7693.313
2026-08-12 19:37:18.445706,1379.805,7687.575,7693.313
2026-08-12 19:37:19.445706,1380.805,7685.416,7687.913
2026-08-12 19:37:20.445706,1381.805,7693.313,7687.575
2026-08-12 19:37:21.445706,1382.805,7687.913,7687.238
2026-08-12 19:37:22.445706,1383.805,7687.238,7685.416
2026-08-12 19:37:23.445706,1384.805,7684.133,7684.133
2026-08-12 19:37:24.445706,1385.805,7677.720,7681.028
2026-08-12 19:37:25.445706,1386.805,7681.028,7677.720
2026-08-12 19:37:26.445706,1387.805,7670.835,7677.180
2026-08-12 19:37:27.445706,1388.805,7674.143,7677.045
2026-08-12 19:37:28.445706,1389.805,7677.180,7676.573
2026-08-12 19:37:29.445706,1390.805,7676.573,7674.143
2026-08-12 19:37:30.445706,1391.805,7677.045,7671.443
2026-08-12 19:37:31.445706,1392.805,7671.443,7670.835
2026-08-12 19:37:32.445706,1393.805,7653.083,7658.010
2026-08-12 19:37:33.445706,1394.805,7658.010,7657.673
2026-08-12 19:37:34.445706,1395.805,7654.973,7654.973
2026-08-12 19:37:35.445706,1396.805,7657.673,7653.083
2026-08-12 19:37:36.445706,1397.805,7652.003,7652.003
2026-08-12 19:37:37.445706,1398.805,7639.583,7651.800
2026-08-12 19:37:38.445706,1399.805,7645.388,7646.130
2026-08-12 19:37:39.445706,1400.805,7627.365,7645.388
2026-08-12 19:37:40.445706,1401.805,7651.800,7640.730
2026-08-12 19:37:41.445706,1402.805,7640.730,7639.583
2026-08-12 19:37:42.445706,1403.805,7646.130,7632.225
2026-08-12 19:37:43.445706,1404.805,7626.150,7627.365
2026-08-12 19:37:44.445706,1405.805,7627.095,7627.095
2026-08-12 19:37:45.445706,1406.805,7632.225,7626.758
2026-08-12 19:37:46.445706,1407.805,7623.990,7626.150
2026-08-12 19:37:47.445706,1408.805,7626.758,7623.990
2026-08-12 19:37:48.445706,1409.805,7616.295,7618.995
2026-08-12 19:37:49.445706,1410.805,7618.995,7616.295
2026-08-12 19:37:50.445706,1411.805,7613.730,7616.295
2026-08-12 19:37:51.445706,1412.805,7610.558,7613.730
2026-08-12 19:37:52.445706,1413.805,7610.220,7610.558
2026-08-12 19:37:53.445706,1414.805,7604.888,7610.220
2026-08-12 19:37:54.445706,1415.805,7609.815,7609.815
2026-08-12 19:37:55.445706,1416.805,7597.125,7607.791
2026-08-12 19:37:56.445706,1417.805,7602.188,7604.888
2026-08-12 19:37:57.445706,1418.805,7675.291,7602.188
2026-08-12 19:37:58.445706,1419.805,7598.070,7598.070
2026-08-12 19:37:59.445706,1420.805,7607.791,7597.125
2026-08-12 19:38:00.445706,1421.805,7592.805,7596.113
2026-08-12 19:38:01.445706,1422.805,7585.988,7594.021
2026-08-12 19:38:02.445706,1423.805,7591.185,7592.805
2026-08-12 19:38:03.445706,1424.805,7596.113,7591.455
2026-08-12 19:38:04.445706,1425.805,7581.060,7591.185
2026-08-12 19:38:05.445706,1426.805,7580.183,7585.988
2026-08-12 19:38:06.445706,1427.805,7594.021,7584.773
2026-08-12 19:38:07.445706,1428.805,7577.888,7581.060
2026-08-12 19:38:08.445706,1429.805,7591.455,7580.183
2026-08-12 19:38:09.445706,1430.805,7576.065,7577.888
2026-08-12 19:38:10.445706,1431.805,7584.773,7576.065
2026-08-12 19:38:11.445706,1432.805,7573.230,7573.230
2026-08-12 19:38:12.445706,1433.805,7561.890,7570.260
2026-08-12 19:38:13.445706,1434.805,7567.291,7567.291
2026-08-12 19:38:14.445706,1435.805,7564.995,7565.940
2026-08-12 19:38:15.445706,1436.805,7560.068,7564.995
2026-08-12 19:38:16.445706,1437.805,7565.940,7561.890
2026-08-12 19:38:17.445706,1438.805,7570.260,7561.755
2026-08-12 19:38:18.445706,1439.805,7561.755,7560.068
2026-08-12 19:38:19.445706,1440.805,7550.213,7554.938
2026-08-12 19:38:20.445706,1441.805,7554.330,7554.330
2026-08-12 19:38:21.445706,1442.805,7543.935,7550.213
2026-08-12 19:38:22.445706,1443.805,7554.938,7546.635
2026-08-12 19:38:23.445706,1444.805,7544.205,7544.205
2026-08-12 19:38:24.445706,1445.805,7546.635,7543.935
2026-08-12 19:38:25.445706,1446.805,7540.358,7540.358
2026-08-12 19:38:26.445706,1447.805,7529.355,7537.590
2026-08-12 19:38:27.445706,1448.805,7537.590,7536.173
2026-08-12 19:38:28.445706,1449.805,7530.705,7530.705
2026-08-12 19:38:29.445706,1450.805,7536.173,7529.355
2026-08-12 19:38:30.445706,1451.805,7517.273,7527.668
2026-08-12 19:38:31.445706,1452.805,7527.668,7527.398
2026-08-12 19:38:32.445706,1453.805,7527.398,7524.225
2026-08-12 19:38:33.445706,1454.805,7524.225,7521.120
2026-08-12 19:38:34.445706,1455.805,7521.120,7517.273
2026-08-12 19:38:35.445706,1456.805,7514.775,7515.585
2026-08-12 19:38:36.445706,1457.805,7503.368,7514.775
2026-08-12 19:38:37.445706,1458.805,7511.468,7511.468
2026-08-12 19:38:38.445706,1459.805,7515.585,7504.110
2026-08-12 19:38:39.445706,1460.805,7504.110,7503.773
2026-08-12 19:38:40.445706,1461.805,7503.773,7503.368
2026-08-12 19:38:41.445706,1462.805,7501.478,7501.478
2026-08-12 19:38:42.445706,1463.805,7491.825,7491.825
2026-08-12 19:38:43.445706,1464.805,7479.743,7490.948
2026-08-12 19:38:44.445706,1465.805,7484.198,7488.518
2026-08-12 19:38:45.445706,1466.805,7490.948,7488.315
2026-08-12 19:38:46.445706,1467.805,7488.315,7484.198
2026-08-12 19:38:47.445706,1468.805,7488.518,7479.743
2026-08-12 19:38:48.445706,1469.805,7471.778,7474.343
2026-08-12 19:38:49.445706,1470.805,7464.960,7472.858
2026-08-12 19:38:50.445706,1471.805,7472.858,7471.778
2026-08-12 19:38:51.445706,1472.805,7474.343,7464.960
2026-08-12 19:38:52.445706,1473.805,7459.425,7463.813
2026-08-12 19:38:53.445706,1474.805,7461.788,7461.788
2026-08-12 19:38:54.445706,1475.805,7454.228,7461.180
2026-08-12 19:38:55.445706,1476.805,7463.813,7459.425
2026-08-12 19:38:56.445706,1477.805,7461.180,7454.228
2026-08-12 19:38:57.445706,1478.805,7454.093,7454.093
2026-08-12 19:38:58.445706,1479.805,7446.195,7447.208
2026-08-12 19:38:59.445706,1480.805,7447.208,7446.195
2026-08-12 19:39:00.445706,1481.805,7443.833,7443.833
2026-08-12 19:39:01.445706,1482.805,7439.243,7442.280
2026-08-12 19:39:02.445706,1483.805,7441.605,7441.605
2026-08-12 19:39:03.445706,1484.805,7442.280,7439.243
2026-08-12 19:39:04.445706,1485.805,7434.045,7434.045
2026-08-12 19:39:05.445706,1486.805,7432.291,7432.291
2026-08-12 19:39:06.445706,1487.805,7431.750,7431.750
2026-08-12 19:39:07.445706,1488.805,7423.043,7426.755
2026-08-12 19:39:08.445706,1489.805,7426.755,7423.043
2026-08-12 19:39:09.445706,1490.805,7420.410,7420.410
2026-08-12 19:39:10.445706,1491.805,7414.200,7420.343
2026-08-12 19:39:11.445706,1492.805,7417.373,7417.373
2026-08-12 19:39:12.445706,1493.805,7416.968,7416.968
2026-08-12 19:39:13.445706,1494.805,7412.175,7415.010
2026-08-12 19:39:14.445706,1495.805,7415.010,7414.200
2026-08-12 19:39:15.445706,1496.805,7420.343,7412.175
2026-08-12 19:39:16.445706,1497.805,7405.358,7408.463
2026-08-12 19:39:17.445706,1498.805,7384.973,7405.358
2026-08-12 19:39:18.445706,1499.805,7408.463,7395.908
2026-08-12 19:39:19.445706,1500.805,7394.760,7395.166
2026-08-12 19:39:20.445706,1501.805,7390.643,7394.760
2026-08-12 19:39:21.445706,1502.805,7395.908,7390.643
2026-08-12 19:39:22.445706,1503.805,7388.618,7390.643
2026-08-12 19:39:23.445706,1504.805,7390.643,7388.618
2026-08-12 19:39:24.445706,1505.805,7387.808,7387.808
2026-08-12 19:39:25.445706,1506.805,7384.771,7387.808
2026-08-12 19:39:26.445706,1507.805,7395.166,7384.771
2026-08-12 19:39:27.445706,1508.805,7381.868,7381.868
2026-08-12 19:39:28.445706,1509.805,7376.265,7376.265
2026-08-12 19:39:29.445706,1510.805,7373.565,7375.928
2026-08-12 19:39:30.445706,1511.805,7375.928,7375.050
2026-08-12 19:39:31.445706,1512.805,7372.620,7373.565
2026-08-12 19:39:32.445706,1513.805,7359.863,7373.295
2026-08-12 19:39:33.445706,1514.805,7373.295,7372.620
2026-08-12 19:39:34.445706,1515.805,7362.293,7364.588
2026-08-12 19:39:35.445706,1516.805,7375.050,7362.293
2026-08-12 19:39:36.445706,1517.805,7364.588,7360.470
2026-08-12 19:39:37.445706,1518.805,7360.470,7359.863
2026-08-12 19:39:38.445706,1519.805,7352.370,7355.813
2026-08-12 19:39:39.445706,1520.805,7348.050,7352.370
2026-08-12 19:39:40.445706,1521.805,7355.813,7348.050
2026-08-12 19:39:41.445706,1522.805,7344.405,7347.443
2026-08-12 19:39:42.445706,1523.805,7345.418,7346.160
2026-08-12 19:39:43.445706,1524.805,7347.443,7345.418
2026-08-12 19:39:44.445706,1525.805,7339.545,7344.405
2026-08-12 19:39:45.445706,1526.805,7346.160,7339.545
2026-08-12 19:39:46.445706,1527.805,7317.000,7332.593
2026-08-12 19:39:47.445706,1528.805,7327.058,7327.058
2026-08-12 19:39:48.445706,1529.805,7319.093,7323.075
2026-08-12 19:39:49.445706,1530.805,7332.593,7321.995
2026-08-12 19:39:50.445706,1531.805,7313.490,7321.860
2026-08-12 19:39:51.445706,1532.805,7316.933,7319.093
2026-08-12 19:39:52.445706,1533.805,7321.995,7317.000
2026-08-12 19:39:53.445706,1534.805,7323.075,7316.933
2026-08-12 19:39:54.445706,1535.805,7298.708,7313.490
2026-08-12 19:39:55.445706,1536.805,7311.600,7311.870
2026-08-12 19:39:56.445706,1537.805,7311.870,7311.600
2026-08-12 19:39:57.445706,1538.805,7321.860,7309.440
2026-08-12 19:39:58.445706,1539.805,7309.440,7307.146
2026-08-12 19:39:59.445706,1540.805,7300.260,7304.175
2026-08-12 19:40:00.445706,1541.805,7303.500,7303.500
2026-08-12 19:40:01.445706,1542.805,7307.146,7300.260
2026-08-12 19:40:02.445706,1543.805,7293.780,7300.260
2026-08-12 19:40:03.445706,1544.805,7304.175,7300.260
2026-08-12 19:40:04.445706,1545.805,7295.738,7297.493
2026-08-12 19:40:05.445706,1546.805,7297.493,7295.738
2026-08-12 19:40:06.445706,1547.805,7283.385,7293.780
2026-08-12 19:40:07.445706,1548.805,7300.260,7283.385
2026-08-12 19:40:08.445706,1549.805,7275.893,7280.146
2026-08-12 19:40:09.445706,1550.805,7276.028,7279.268
2026-08-12 19:40:10.445706,1551.805,7280.146,7276.028
2026-08-12 19:40:11.445706,1552.805,7262.798,7275.893
2026-08-12 19:40:12.445706,1553.805,7279.268,7268.265
2026-08-12 19:40:13.445706,1554.805,7265.430,7265.430
2026-08-12 19:40:14.445706,1555.805,7264.823,7264.823
2026-08-12 19:40:15.445706,1556.805,7264.553,7264.553
2026-08-12 19:40:16.445706,1557.805,7263.541,7263.541
2026-08-12 19:40:17.445706,1558.805,7268.265,7262.798
2026-08-12 19:40:18.445706,1559.805,7252.200,7260.300
2026-08-12 19:40:19.445706,1560.805,7254.630,7254.630
2026-08-12 19:40:20.445706,1561.805,7251.795,7252.200
2026-08-12 19:40:21.445706,1562.805,7260.300,7251.795
2026-08-12 19:40:22.445706,1563.805,7247.475,7248.758
2026-08-12 19:40:23.445706,1564.805,7247.948,7248.555
2026-08-12 19:40:24.445706,1565.805,7239.780,7247.948
2026-08-12 19:40:25.445706,1566.805,7248.555,7247.475
2026-08-12 19:40:26.445706,1567.805,7241.738,7241.738
2026-08-12 19:40:27.445706,1568.805,7248.758,7239.780
2026-08-12 19:40:28.445706,1569.805,7237.620,7237.620
2026-08-12 19:40:29.445706,1570.805,7228.643,7236.068
2026-08-12 19:40:30.445706,1571.805,7220.880,7233.300
2026-08-12 19:40:31.445706,1572.805,7233.300,7228.643
2026-08-12 19:40:32.445706,1573.805,7222.095,7222.095
2026-08-12 19:40:33.445706,1574.805,7210.553,7220.880
2026-08-12 19:40:34.445706,1575.805,7236.068,7216.830
2026-08-12 19:40:35.445706,1576.805,7216.695,7216.695
2026-08-12 19:40:36.445706,1577.805,7216.830,7214.873
2026-08-12 19:40:37.445706,1578.805,7214.873,7214.603
2026-08-12 19:40:38.445706,1579.805,7213.253,7213.253
2026-08-12 19:40:39.445706,1580.805,7197.863,7210.553
2026-08-12 19:40:40.445706,1581.805,7214.603,7201.845
2026-08-12 19:40:41.445706,1582.805,7199.280,7199.280
2026-08-12 19:40:42.445706,1583.805,7201.845,7197.863
2026-08-12 19:40:43.445706,1584.805,7187.873,7187.873
2026-08-12 19:40:44.445706,1585.805,7177.748,7186.725
2026-08-12 19:40:45.445706,1586.805,7186.725,7185.713
2026-08-12 19:40:46.445706,1587.805,7183.958,7183.958
2026-08-12 19:40:47.445706,1588.805,7185.713,7183.013
2026-08-12 19:40:48.445706,1589.805,7178.220,7178.220
2026-08-12 19:40:49.445706,1590.805,7176.533,7177.748
2026-08-12 19:40:50.445706,1591.805,7183.013,7177.410
2026-08-12 19:40:51.445706,1592.805,7174.710,7176.533
2026-08-12 19:40:52.445706,1593.805,7177.410,7174.710
2026-08-12 19:40:53.445706,1594.805,7169.041,7169.041
2026-08-12 19:40:54.445706,1595.805,7165.598,7165.598
2026-08-12 19:40:55.445706,1596.805,7155.743,7161.210
2026-08-12 19:40:56.445706,1597.805,7156.688,7159.793
2026-08-12 19:40:57.445706,1598.805,7161.210,7156.688
2026-08-12 19:40:58.445706,1599.805,7159.793,7155.743
2026-08-12 19:40:59.445706,1600.805,7149.735,7151.355
2026-08-12 19:41:00.445706,1601.805,7151.355,7149.735
2026-08-12 19:41:01.445706,1602.805,7129.553,7149.195
2026-08-12 19:41:02.445706,1603.805,7149.195,7139.745
2026-08-12 19:41:03.445706,1604.805,7139.745,7139.745
2026-08-12 19:41:04.445706,1605.805,7139.273,7139.273
2026-08-12 19:41:05.445706,1606.805,7130.768,7130.768
2026-08-12 19:41:06.445706,1607.805,7121.250,7129.553
2026-08-12 19:41:07.445706,1608.805,7113.150,7128.135
2026-08-12 19:41:08.445706,1609.805,7126.650,7127.393
2026-08-12 19:41:09.445706,1610.805,7127.393,7126.650
2026-08-12 19:41:10.445706,1611.805,7142.445,7121.250
2026-08-12 19:41:11.445706,1612.805,7116.390,7118.280
2026-08-12 19:41:12.445706,1613.805,7128.135,7117.808
2026-08-12 19:41:13.445706,1614.805,7118.280,7116.390
2026-08-12 19:41:14.445706,1615.805,7104.915,7113.150
2026-08-12 19:41:15.445706,1616.805,7111.193,7112.745
2026-08-12 19:41:16.445706,1617.805,7090.470,7112.205
2026-08-12 19:41:17.445706,1618.805,7096.140,7111.193
2026-08-12 19:41:18.445706,1619.805,7112.205,7104.915
2026-08-12 19:41:19.445706,1620.805,7117.808,7096.140
2026-08-12 19:41:20.445706,1621.805,7112.745,7092.630
2026-08-12 19:41:21.445706,1622.805,7092.630,7090.470
2026-08-12 19:41:22.445706,1623.805,7084.463,7089.660
2026-08-12 19:41:23.445706,1624.805,7089.660,7087.500
2026-08-12 19:41:24.445706,1625.805,7082.033,7084.733
2026-08-12 19:41:25.445706,1626.805,7087.500,7084.463
2026-08-12 19:41:26.445706,1627.805,7069.410,7083.113
2026-08-12 19:41:27.445706,1628.805,7084.733,7082.033
2026-08-12 19:41:28.445706,1629.805,7075.418,7075.418
2026-08-12 19:41:29.445706,1630.805,7083.113,7069.410
2026-08-12 19:41:30.445706,1631.805,7067.385,7068.398
2026-08-12 19:41:31.445706,1632.805,7061.243,7067.385
2026-08-12 19:41:32.445706,1633.805,7067.250,7067.250
2026-08-12 19:41:33.445706,1634.805,7068.398,7061.243
2026-08-12 19:41:34.445706,1635.805,7050.173,7055.033
2026-08-12 19:41:35.445706,1636.805,7055.033,7050.915
2026-08-12 19:41:36.445706,1637.805,7035.998,7050.173
2026-08-12 19:41:37.445706,1638.805,7050.915,7047.675
2026-08-12 19:41:38.445706,1639.805,7047.675,7044.503
2026-08-12 19:41:39.445706,1640.805,7044.503,7039.845
2026-08-12 19:41:40.445706,1641.805,7031.678,7035.998
2026-08-12 19:41:41.445706,1642.805,7039.845,7033.163
2026-08-12 19:41:42.445706,1643.805,7028.303,7032.623
2026-08-12 19:41:43.445706,1644.805,7033.163,7031.678
2026-08-12 19:41:44.445706,1645.805,7032.623,7028.303
2026-08-12 19:41:45.445706,1646.805,7016.625,7022.970
2026-08-12 19:41:46.445706,1647.805,7022.970,7019.325
2026-08-12 19:41:47.445706,1648.805,7005.555,7016.625
2026-08-12 19:41:48.445706,1649.805,7019.325,7010.550
2026-08-12 19:41:49.445706,1650.805,7010.550,7005.555
2026-08-12 19:41:50.445706,1651.805,7002.720,7002.720
2026-08-12 19:41:51.445706,1652.805,6988.680,7001.438
2026-08-12 19:41:52.445706,1653.805,6993.608,6996.240
2026-08-12 19:41:53.445706,1654.805,7001.438,6995.903
2026-08-12 19:41:54.445706,1655.805,6995.903,6993.608
2026-08-12 19:41:55.445706,1656.805,6996.240,6991.245
2026-08-12 19:41:56.445706,1657.805,6986.993,6988.680
2026-08-12 19:41:57.445706,1658.805,6991.245,6986.993
2026-08-12 19:41:58.445706,1659.805,6983.146,6983.146
2026-08-12 19:41:59.445706,1660.805,6976.396,6979.905
2026-08-12 19:42:00.445706,1661.805,6974.168,6978.285
2026-08-12 19:42:01.445706,1662.805,6979.905,6977.408
2026-08-12 19:42:02.445706,1663.805,6977.408,6976.396
2026-08-12 19:42:03.445706,1664.805,6978.285,6974.168
2026-08-12 19:42:04.445706,1665.805,6964.178,6965.528
2026-08-12 19:42:05.445706,1666.805,6962.896,6964.178
2026-08-12 19:42:06.445706,1667.805,6964.043,6964.043
2026-08-12 19:42:07.445706,1668.805,6965.528,6962.896
2026-08-12 19:42:08.445706,1669.805,6951.420,6960.668
2026-08-12 19:42:09.445706,1670.805,6959.048,6959.048
2026-08-12 19:42:10.445706,1671.805,6956.955,6956.955
2026-08-12 19:42:11.445706,1672.805,6960.668,6951.420
2026-08-12 19:42:12.445706,1673.805,6930.225,6941.228
2026-08-12 19:42:13.445706,1674.805,6929.618,6940.958
2026-08-12 19:42:14.445706,1675.805,6940.958,6930.225
2026-08-12 19:42:15.445706,1676.805,6941.228,6929.618
2026-08-12 19:42:16.445706,1677.805,6927.660,6928.538
2026-08-12 19:42:17.445706,1678.805,6924.218,6927.660
2026-08-12 19:42:18.445706,1679.805,6928.538,6925.703
2026-08-12 19:42:19.445706,1680.805,6920.033,6924.218
2026-08-12 19:42:20.445706,1681.805,6925.703,6920.100
2026-08-12 19:42:21.445706,1682.805,6916.455,6920.033
2026-08-12 19:42:22.445706,1683.805,6920.100,6916.455
2026-08-12 19:42:23.445706,1684.805,6911.663,6911.663
2026-08-12 19:42:24.445706,1685.805,6903.428,6903.428
2026-08-12 19:42:25.445706,1686.805,6900.255,6902.888
2026-08-12 19:42:26.445706,1687.805,6901.200,6901.200
2026-08-12 19:42:27.445706,1688.805,6902.888,6900.255
2026-08-12 19:42:28.445706,1689.805,6894.248,6894.248
2026-08-12 19:42:29.445706,1690.805,6893.978,6893.978
2026-08-12 19:42:30.445706,1691.805,6889.793,6889.793
2026-08-12 19:42:31.445706,1692.805,6875.010,6889.658
2026-08-12 19:42:32.445706,1693.805,6889.658,6875.010
2026-08-12 19:42:33.445706,1694.805,6867.653,6873.930
2026-08-12 19:42:34.445706,1695.805,6871.028,6871.905
2026-08-12 19:42:35.445706,1696.805,6871.028,6871.028
2026-08-12 19:42:36.445706,1697.805,6871.905,6871.028
2026-08-12 19:42:37.445706,1698.805,6873.930,6867.653
2026-08-12 19:42:38.445706,1699.805,6866.505,6866.505
2026-08-12 19:42:39.445706,1700.805,6855.503,6862.388
2026-08-12 19:42:40.445706,1701.805,6850.575,6855.503
2026-08-12 19:42:41.445706,1702.805,6845.513,6850.575
2026-08-12 19:42:42.445706,1703.805,6842.408,6846.458
2026-08-12 19:42:43.445706,1704.805,6862.388,6845.513
2026-08-12 19:42:44.445706,1705.805,6843.015,6843.015
2026-08-12 19:42:45.445706,1706.805,6846.458,6842.408
2026-08-12 19:42:46.445706,1707.805,6833.700,6838.088
2026-08-12 19:42:47.445706,1708.805,6838.088,6833.700
2026-08-12 19:42:48.445706,1709.805,6830.528,6830.528
2026-08-12 19:42:49.445706,1710.805,6828.300,6828.300
2026-08-12 19:42:50.445706,1711.805,6817.905,6825.263
2026-08-12 19:42:51.445706,1712.805,6822.158,6822.158
2026-08-12 19:42:52.445706,1713.805,6821.483,6821.483
2026-08-12 19:42:53.445706,1714.805,6825.263,6817.905
2026-08-12 19:42:54.445706,1715.805,6806.228,6813.450
2026-08-12 19:42:55.445706,1716.805,6813.450,6812.708
2026-08-12 19:42:56.445706,1717.805,6812.708,6807.240
2026-08-12 19:42:57.445706,1718.805,6807.240,6806.228
2026-08-12 19:42:58.445706,1719.805,6802.718,6802.718
2026-08-12 19:42:59.445706,1720.805,6801.435,6801.435
2026-08-12 19:43:00.445706,1721.805,6784.898,6794.888
2026-08-12 19:43:01.445706,1722.805,6791.243,6791.243
2026-08-12 19:43:02.445706,1723.805,6794.888,6789.825
2026-08-12 19:43:03.445706,1724.805,6789.825,6784.898
2026-08-12 19:43:04.445706,1725.805,6781.388,6781.388
2026-08-12 19:43:05.445706,1726.805,6774.570,6776.528
2026-08-12 19:43:06.445706,1727.805,6776.528,6774.570
2026-08-12 19:43:07.445706,1728.805,6767.483,6770.925
2026-08-12 19:43:08.445706,1729.805,6755.535,6767.483
2026-08-12 19:43:09.445706,1730.805,6770.925,6763.163
2026-08-12 19:43:10.445706,1731.805,6763.163,6761.408
2026-08-12 19:43:11.445706,1732.805,6743.385,6756.278
2026-08-12 19:43:12.445706,1733.805,6751.620,6755.535
2026-08-12 19:43:13.445706,1734.805,6761.408,6751.620
2026-08-12 19:43:14.445706,1735.805,6750.810,6750.810
2026-08-12 19:43:15.445706,1736.805,6756.278,6743.385
2026-08-12 19:43:16.445706,1737.805,6737.040,6739.538
2026-08-12 19:43:17.445706,1738.805,6737.513,6737.513
2026-08-12 19:43:18.445706,1739.805,6735.893,6737.040
2026-08-12 19:43:19.445706,1740.805,6739.538,6735.893
2026-08-12 19:43:20.445706,1741.805,6732.990,6732.990
2026-08-12 19:43:21.445706,1742.805,6731.438,6731.438
2026-08-12 19:43:22.445706,1743.805,6711.120,6723.540
2026-08-12 19:43:23.445706,1744.805,6716.925,6721.583
2026-08-12 19:43:24.445706,1745.805,6718.208,6718.208
2026-08-12 19:43:25.445706,1746.805,6721.583,6716.925
2026-08-12 19:43:26.445706,1747.805,6723.540,6714.900
2026-08-12 19:43:27.445706,1748.805,6706.868,6711.120
2026-08-12 19:43:28.445706,1749.805,6714.900,6708.690
2026-08-12 19:43:29.445706,1750.805,6708.690,6706.868
2026-08-12 19:43:30.445706,1751.805,6701.805,6701.805
2026-08-12 19:43:31.445706,1752.805,6689.115,6689.115
2026-08-12 19:43:32.445706,1753.805,6687.293,6687.293
2026-08-12 19:43:33.445706,1754.805,6684.120,6684.120
2026-08-12 19:43:34.445706,1755.805,6683.580,6683.580
2026-08-12 19:43:35.445706,1756.805,6682.635,6682.635
2026-08-12 19:43:36.445706,1757.805,6673.928,6677.505
2026-08-12 19:43:37.445706,1758.805,6668.325,6673.928
2026-08-12 19:43:38.445706,1759.805,6677.505,6668.325
2026-08-12 19:43:39.445706,1760.805,6665.896,6665.896
2026-08-12 19:43:40.445706,1761.805,6663.060,6663.060
2026-08-12 19:43:41.445706,1762.805,6651.653,6655.230
2026-08-12 19:43:42.445706,1763.805,6655.230,6654.285
2026-08-12 19:43:43.445706,1764.805,6649.358,6651.653
2026-08-12 19:43:44.445706,1765.805,6649.493,6650.910
2026-08-12 19:43:45.445706,1766.805,6654.285,6649.493
2026-08-12 19:43:46.445706,1767.805,6650.910,6649.358
2026-08-12 19:43:47.445706,1768.805,6646.455,6646.725
2026-08-12 19:43:48.445706,1769.805,6644.025,6646.455
2026-08-12 19:43:49.445706,1770.805,6627.623,6644.025
2026-08-12 19:43:50.445706,1771.805,6646.725,6634.440
2026-08-12 19:43:51.445706,1772.805,6634.440,6628.298
2026-08-12 19:43:52.445706,1773.805,6621.885,6627.623
2026-08-12 19:43:53.445706,1774.805,6628.298,6621.885
2026-08-12 19:43:54.445706,1775.805,6612.368,6613.920
2026-08-12 19:43:55.445706,1776.805,6613.920,6612.368
2026-08-12 19:43:56.445706,1777.805,6609.060,6609.870
2026-08-12 19:43:57.445706,1778.805,6609.870,6609.060
2026-08-12 19:43:58.445706,1779.805,6603.863,6603.863
2026-08-12 19:43:59.445706,1780.805,6598.665,6599.543
2026-08-12 19:44:00.445706,1781.805,6596.303,6598.665
2026-08-12 19:44:01.445706,1782.805,6592.590,6596.303
2026-08-12 19:44:02.445706,1783.805,6592.860,6592.860
2026-08-12 19:44:03.445706,1784.805,6590.633,6592.590
2026-08-12 19:44:04.445706,1785.805,6579.968,6590.633
2026-08-12 19:44:05.445706,1786.805,6599.543,6579.968
2026-08-12 19:44:06.445706,1787.805,6579.360,6579.360
2026-08-12 19:44:07.445706,1788.805,6574.230,6574.230
2026-08-12 19:44:08.445706,1789.805,6558.368,6572.678
2026-08-12 19:44:09.445706,1790.805,6572.678,6562.823
2026-08-12 19:44:10.445706,1791.805,6562.823,6558.368
2026-08-12 19:44:11.445706,1792.805,6549.660,6549.660
2026-08-12 19:44:12.445706,1793.805,6543.450,6548.445
2026-08-12 19:44:13.445706,1794.805,6548.445,6546.893
2026-08-12 19:44:14.445706,1795.805,6546.488,6546.488
2026-08-12 19:44:15.445706,1796.805,6546.893,6543.450
2026-08-12 19:44:16.445706,1797.805,6538.995,6539.198
2026-08-12 19:44:17.445706,1798.805,6534.405,6538.995
2026-08-12 19:44:18.445706,1799.805,6539.198,6534.405
2026-08-12 19:44:19.445706,1800.805,6524.415,6532.583
2026-08-12 19:44:20.445706,1801.805,6532.583,6531.233
2026-08-12 19:44:21.445706,1802.805,6531.233,6524.685
2026-08-12 19:44:22.445706,1803.805,6524.685,6524.415
2026-08-12 19:44:23.445706,1804.805,6519.150,6519.150
2026-08-12 19:44:24.445706,1805.805,6511.725,6517.733
2026-08-12 19:44:25.445706,1806.805,6517.733,6511.725
2026-08-12 19:44:26.445706,1807.805,6497.280,6497.618
2026-08-12 19:44:27.445706,1808.805,6497.280,6497.280
2026-08-12 19:44:28.445706,1809.805,6497.618,6497.280
2026-08-12 19:44:29.445706,1810.805,6492.960,6492.960
2026-08-12 19:44:30.445706,1811.805,6477.165,6489.113
2026-08-12 19:44:31.445706,1812.805,6483.240,6483.240
2026-08-12 19:44:32.445706,1813.805,6481.080,6481.080
2026-08-12 19:44:33.445706,1814.805,6489.113,6479.460
2026-08-12 19:44:34.445706,1815.805,6479.460,6477.165
2026-08-12 19:44:35.445706,1816.805,6470.213,6470.213
2026-08-12 19:44:36.445706,1817.805,6462.990,6469.605
2026-08-12 19:44:37.445706,1818.805,6464.003,6469.538
2026-08-12 19:44:38.445706,1819.805,6469.605,6467.310
2026-08-12 19:44:39.445706,1820.805,6467.310,6464.003
2026-08-12 19:44:40.445706,1821.805,6461.775,6462.990
2026-08-12 19:44:41.445706,1822.805,6469.538,6461.775
2026-08-12 19:44:42.445706,1823.805,6447.600,6447.600
2026-08-12 19:44:43.445706,1824.805,6440.850,6440.850
2026-08-12 19:44:44.445706,1825.805,6429.578,6435.720
2026-08-12 19:44:45.445706,1826.805,6433.965,6433.965
2026-08-12 19:44:46.445706,1827.805,6424.988,6431.738
2026-08-12 19:44:47.445706,1828.805,6435.720,6429.578
2026-08-12 19:44:48.445706,1829.805,6410.745,6424.988
2026-08-12 19:44:49.445706,1830.805,6431.738,6424.988
2026-08-12 19:44:50.445706,1831.805,6424.988,6414.795
2026-08-12 19:44:51.445706,1832.805,6414.120,6414.120
2026-08-12 19:44:52.445706,1833.805,6408.248,6410.745
2026-08-12 19:44:53.445706,1834.805,6414.795,6408.248
2026-08-12 19:44:54.445706,1835.805,6407.843,6407.843
2026-08-12 19:44:55.445706,1836.805,6403.523,6403.523
2026-08-12 19:44:56.445706,1837.805,6399.270,6402.443
2026-08-12 19:44:57.445706,1838.805,6402.443,6399.270
2026-08-12 19:44:58.445706,1839.805,6390.090,6396.233
2026-08-12 19:44:59.445706,1840.805,6396.233,6390.090
2026-08-12 19:45:00.445706,1841.805,6375.443,6383.610
2026-08-12 19:45:01.445706,1842.805,6383.273,6383.273
2026-08-12 19:45:02.445706,1843.805,6383.610,6379.358
2026-08-12 19:45:03.445706,1844.805,6379.358,6375.443
2026-08-12 19:45:04.445706,1845.805,6362.955,6375.038
2026-08-12 19:45:05.445706,1846.805,6364.170,6364.170
2026-08-12 19:45:06.445706,1847.805,6375.038,6362.955
2026-08-12 19:45:07.445706,1848.805,6362.280,6362.280
2026-08-12 19:45:08.445706,1849.805,6349.050,6358.028
2026-08-12 19:45:09.445706,1850.805,6358.028,6354.585
2026-08-12 19:45:10.445706,1851.805,6354.585,6351.818
2026-08-12 19:45:11.445706,1852.805,6351.818,6349.050
2026-08-12 19:45:12.445706,1853.805,6333.188,6342.975
2026-08-12 19:45:13.445706,1854.805,6332.445,6333.188
2026-08-12 19:45:14.445706,1855.805,6327.990,6332.445
2026-08-12 19:45:15.445706,1856.805,6342.975,6329.138
2026-08-12 19:45:16.445706,1857.805,6329.138,6327.990
2026-08-12 19:45:17.445706,1858.805,6321.713,6321.713
2026-08-12 19:45:18.445706,1859.805,6314.355,6315.908
2026-08-12 19:45:19.445706,1860.805,6311.925,6314.355
2026-08-12 19:45:20.445706,1861.805,6305.580,6311.925
2026-08-12 19:45:21.445706,1862.805,6308.348,6308.348
2026-08-12 19:45:22.445706,1863.805,6315.908,6305.580
2026-08-12 19:45:23.445706,1864.805,6300.653,6300.653
2026-08-12 19:45:24.445706,1865.805,6286.748,6292.418
2026-08-12 19:45:25.445706,1866.805,6286.613,6288.975
2026-08-12 19:45:26.445706,1867.805,6292.418,6286.748
2026-08-12 19:45:27.445706,1868.805,6288.975,6286.613
2026-08-12 19:45:28.445706,1869.805,6281.753,6281.753
2026-08-12 19:45:29.445706,1870.805,6280.808,6280.808
2026-08-12 19:45:30.445706,1871.805,6275.273,6275.273
2026-08-12 19:45:31.445706,1872.805,6275.205,6275.273
2026-08-12 19:45:32.445706,1873.805,6268.928,6275.273
2026-08-12 19:45:33.445706,1874.805,6264.878,6275.273
2026-08-12 19:45:34.445706,1875.805,6268.725,6275.273
2026-08-12 19:45:35.445706,1876.805,6260.760,6275.273
2026-08-12 19:45:36.445706,1877.805,6245.843,6275.273
2026-08-12 19:45:37.445706,1878.805,6261.773,6275.273
2026-08-12 19:45:38.445706,1879.805,6296.130,6275.205
2026-08-12 19:45:39.445706,1880.805,6387.390,6268.928
2026-08-12 19:45:40.445706,1881.805,6384.218,6268.725
2026-08-12 19:45:41.445706,1882.805,6415.200,6268.725
2026-08-12 19:45:42.445706,1883.805,6424.043,6261.773
2026-08-12 19:45:43.445706,1884.805,6390.698,6261.773
2026-08-12 19:45:44.445706,1885.805,6291.473,6261.773
2026-08-12 19:45:45.445706,1886.805,6250.568,6250.568
2026-08-12 19:45:46.445706,1887.805,6217.965,6217.965
2026-08-12 19:45:47.445706,1888.805,6210.675,6210.675
2026-08-12 19:45:48.445706,1889.805,6202.103,6206.085
2026-08-12 19:45:49.445706,1890.805,6206.085,6202.103
2026-08-12 19:45:50.445706,1891.805,6202.035,6202.035
2026-08-12 19:45:51.445706,1892.805,6189.615,6201.158
2026-08-12 19:45:52.445706,1893.805,6197.850,6197.850
2026-08-12 19:45:53.445706,1894.805,6189.143,6189.615
2026-08-12 19:45:54.445706,1895.805,6176.520,6189.143
2026-08-12 19:45:55.445706,1896.805,6201.158,6183.405
2026-08-12 19:45:56.445706,1897.805,6183.405,6178.950
2026-08-12 19:45:57.445706,1898.805,6178.950,6176.520
2026-08-12 19:45:58.445706,1899.805,6176.520,6176.520
2026-08-12 19:45:59.445706,1900.805,6170.108,6170.108
2026-08-12 19:46:00.445706,1901.805,6157.148,6165.045
2026-08-12 19:46:01.445706,1902.805,6165.045,6157.148
2026-08-12 19:46:02.445706,1903.805,6156.675,6156.675
2026-08-12 19:46:03.445706,1904.805,6153.773,6153.773
2026-08-12 19:46:04.445706,1905.805,6146.145,6153.165
2026-08-12 19:46:05.445706,1906.805,6148.710,6148.710
2026-08-12 19:46:06.445706,1907.805,6153.165,6146.145
2026-08-12 19:46:07.445706,1908.805,6132.173,6137.438
2026-08-12 19:46:08.445706,1909.805,6137.438,6137.235
2026-08-12 19:46:09.445706,1910.805,6137.235,6134.805
2026-08-12 19:46:10.445706,1911.805,6134.468,6134.468
2026-08-12 19:46:11.445706,1912.805,6123.128,6132.173
2026-08-12 19:46:12.445706,1913.805,6134.805,6126.368
2026-08-12 19:46:13.445706,1914.805,6126.368,6123.128
2026-08-12 19:46:14.445706,1915.805,6121.575,6121.575
2026-08-12 19:46:15.445706,1916.805,6114.353,6114.353
2026-08-12 19:46:16.445706,1917.805,6113.070,6113.070
2026-08-12 19:46:17.445706,1918.805,6101.865,6102.675
2026-08-12 19:46:18.445706,1919.805,6102.675,6101.865
2026-08-12 19:46:19.445706,1920.805,6096.668,6097.950
2026-08-12 19:46:20.445706,1921.805,6092.010,6096.668
2026-08-12 19:46:21.445706,1922.805,6095.453,6095.453
2026-08-12 19:46:22.445706,1923.805,6097.950,6092.010
2026-08-12 19:46:23.445706,1924.805,6077.700,6082.020
2026-08-12 19:46:24.445706,1925.805,6079.253,6079.253
2026-08-12 19:46:25.445706,1926.805,6073.110,6077.700
2026-08-12 19:46:26.445706,1927.805,6076.688,6076.688
2026-08-12 19:46:27.445706,1928.805,6082.020,6073.110
2026-08-12 19:46:28.445706,1929.805,6071.963,6071.963
2026-08-12 19:46:29.445706,1930.805,6065.280,6065.280
2026-08-12 19:46:30.445706,1931.805,6061.703,6061.703
2026-08-12 19:46:31.445706,1932.805,6054.615,6054.615
2026-08-12 19:46:32.445706,1933.805,6045.638,6049.215
2026-08-12 19:46:33.445706,1934.805,6049.215,6046.312
2026-08-12 19:46:34.445706,1935.805,6046.312,6045.638
2026-08-12 19:46:35.445706,1936.805,6041.115,6044.963
2026-08-12 19:46:36.445706,1937.805,6044.963,6041.115
2026-08-12 19:46:37.445706,1938.805,6041.048,6041.048
2026-08-12 19:46:38.445706,1939.805,6030.518,6039.765
2026-08-12 19:46:39.445706,1940.805,6039.765,6030.518
2026-08-12 19:46:40.445706,1941.805,6027.480,6027.480
2026-08-12 19:46:41.445706,1942.805,6018.975,6018.975
2026-08-12 19:46:42.445706,1943.805,6017.828,6017.828
2026-08-12 19:46:43.445706,1944.805,6016.950,6016.950
2026-08-12 19:46:44.445706,1945.805,6014.115,6014.925
2026-08-12 19:46:45.445706,1946.805,6014.925,6014.115
2026-08-12 19:46:46.445706,1947.805,6011.753,6011.753
2026-08-12 19:46:47.445706,1948.805,6003.720,6003.720
2026-08-12 19:46:48.445706,1949.805,5997.983,5997.983
2026-08-12 19:46:49.445706,1950.805,5994.000,5994.000
2026-08-12 19:46:50.445706,1951.805,5976.383,5986.710
2026-08-12 19:46:51.445706,1952.805,5973.683,5985.698
2026-08-12 19:46:52.445706,1953.805,5982.390,5984.010
2026-08-12 19:46:53.445706,1954.805,5985.698,5982.390
2026-08-12 19:46:54.445706,1955.805,5972.940,5976.383
2026-08-12 19:46:55.445706,1956.805,5984.010,5973.683
2026-08-12 19:46:56.445706,1957.805,5986.710,5972.940
2026-08-12 19:46:57.445706,1958.805,5965.650,5965.650
2026-08-12 19:46:58.445706,1959.805,5965.043,5965.043
2026-08-12 19:46:59.445706,1960.805,5958.765,5958.765
2026-08-12 19:47:00.445706,1961.805,5957.145,5957.145
2026-08-12 19:47:01.445706,1962.805,5957.010,5957.010
2026-08-12 19:47:02.445706,1963.805,5949.450,5952.285
2026-08-12 19:47:03.445706,1964.805,5952.285,5950.328
2026-08-12 19:47:04.445706,1965.805,5937.840,5949.450
2026-08-12 19:47:05.445706,1966.805,5950.328,5944.185
2026-08-12 19:47:06.445706,1967.805,5944.185,5937.840
2026-08-12 19:47:07.445706,1968.805,5937.368,5937.368
2026-08-12 19:47:08.445706,1969.805,5920.425,5930.753
2026-08-12 19:47:09.445706,1970.805,5930.753,5924.273
2026-08-12 19:47:10.445706,1971.805,5924.273,5922.518
2026-08-12 19:47:11.445706,1972.805,5922.518,5920.425
2026-08-12 19:47:12.445706,1973.805,5918.062,5918.062
2026-08-12 19:47:13.445706,1974.805,5914.013,5914.013
2026-08-12 19:47:14.445706,1975.805,5909.895,5910.908
2026-08-12 19:47:15.445706,1976.805,5908.478,5909.895
2026-08-12 19:47:16.445706,1977.805,5910.908,5908.478
2026-08-12 19:47:17.445706,1978.805,5902.673,5902.673
2026-08-12 19:47:18.445706,1979.805,5897.812,5897.812
2026-08-12 19:47:19.445706,1980.805,5895.450,5895.450
2026-08-12 19:47:20.445706,1981.805,5887.013,5887.013
2026-08-12 19:47:21.445706,1982.805,5873.918,5886.338
2026-08-12 19:47:22.445706,1983.805,5885.055,5885.055
2026-08-12 19:47:23.445706,1984.805,5886.338,5881.883
2026-08-12 19:47:24.445706,1985.805,5881.883,5873.918
2026-08-12 19:47:25.445706,1986.805,5864.603,5870.070
2026-08-12 19:47:26.445706,1987.805,5870.070,5867.100
2026-08-12 19:47:27.445706,1988.805,5861.700,5864.603
2026-08-12 19:47:28.445706,1989.805,5867.100,5862.510
2026-08-12 19:47:29.445706,1990.805,5862.510,5861.700
2026-08-12 19:47:30.445706,1991.805,5852.723,5852.723
2026-08-12 19:47:31.445706,1992.805,5849.145,5849.145
2026-08-12 19:47:32.445706,1993.805,5846.783,5846.783
2026-08-12 19:47:33.445706,1994.805,5838.143,5844.083
2026-08-12 19:47:34.445706,1995.805,5834.160,5838.143
2026-08-12 19:47:35.445706,1996.805,5844.083,5837.670
2026-08-12 19:47:36.445706,1997.805,5837.670,5834.160
2026-08-12 19:47:37.445706,1998.805,5823.225,5830.043
2026-08-12 19:47:38.445706,1999.805,5824.103,5824.103
2026-08-12 19:47:39.445706,2000.805,5830.043,5823.225
2026-08-12 19:47:40.445706,2001.805,5821.808,5821.808
2026-08-12 19:47:41.445706,2002.805,5812.155,5819.108
2026-08-12 19:47:42.445706,2003.805,5813.033,5813.033
2026-08-12 19:47:43.445706,2004.805,5809.793,5812.155
2026-08-12 19:47:44.445706,2005.805,5819.108,5810.265
2026-08-12 19:47:45.445706,2006.805,5798.925,5809.793
2026-08-12 19:47:46.445706,2007.805,5810.265,5799.938
2026-08-12 19:47:47.445706,2008.805,5799.938,5799.465
2026-08-12 19:47:48.445706,2009.805,5793.120,5798.925
2026-08-12 19:47:49.445706,2010.805,5799.465,5793.120
2026-08-12 19:47:50.445706,2011.805,5786.843,5786.843
2026-08-12 19:47:51.445706,2012.805,5779.620,5784.008
2026-08-12 19:47:52.445706,2013.805,5784.008,5779.620
2026-08-12 19:47:53.445706,2014.805,5773.275,5777.798
2026-08-12 19:47:54.445706,2015.805,5777.798,5773.275
2026-08-12 19:47:55.445706,2016.805,5766.120,5766.120
2026-08-12 19:47:56.445706,2017.805,5762.610,5762.610
2026-08-12 19:47:57.445706,2018.805,5757.143,5758.088
2026-08-12 19:47:58.445706,2019.805,5758.088,5757.143
2026-08-12 19:47:59.445706,2020.805,5750.123,5752.283
2026-08-12 19:48:00.445706,2021.805,5752.283,5750.123
2026-08-12 19:48:01.445706,2022.805,5743.373,5743.373
2026-08-12 19:48:02.445706,2023.805,5739.323,5739.323
2026-08-12 19:48:03.445706,2024.805,5729.940,5737.770
2026-08-12 19:48:04.445706,2025.805,5737.770,5729.940
2026-08-12 19:48:05.445706,2026.805,5729.670,5729.670
2026-08-12 19:48:06.445706,2027.805,5722.718,5728.388
2026-08-12 19:48:07.445706,2028.805,5728.388,5727.510
2026-08-12 19:48:08.445706,2029.805,5720.558,5722.718
2026-08-12 19:48:09.445706,2030.805,5727.510,5720.558
2026-08-12 19:48:10.445706,2031.805,5708.948,5711.783
2026-08-12 19:48:11.445706,2032.805,5706.450,5708.948
2026-08-12 19:48:12.445706,2033.805,5711.783,5706.450
2026-08-12 19:48:13.445706,2034.805,5705.708,5705.708
2026-08-12 19:48:14.445706,2035.805,5699.633,5699.633
2026-08-12 19:48:15.445706,2036.805,5694.570,5694.908
2026-08-12 19:48:16.445706,2037.805,5694.908,5694.570
2026-08-12 19:48:17.445706,2038.805,5692.545,5692.545
2026-08-12 19:48:18.445706,2039.805,5688.562,5688.562
2026-08-12 19:48:19.445706,2040.805,5678.708,5680.328
2026-08-12 19:48:20.445706,2041.805,5677.290,5678.708
2026-08-12 19:48:21.445706,2042.805,5680.328,5677.290
2026-08-12 19:48:22.445706,2043.805,5671.148,5672.430
2026-08-12 19:48:23.445706,2044.805,5672.430,5671.148
2026-08-12 19:48:24.445706,2045.805,5661.158,5667.368
2026-08-12 19:48:25.445706,2046.805,5667.368,5664.533
2026-08-12 19:48:26.445706,2047.805,5661.360,5661.360
2026-08-12 19:48:27.445706,2048.805,5664.533,5661.158
2026-08-12 19:48:28.445706,2049.805,5654.408,5654.408
2026-08-12 19:48:29.445706,2050.805,5645.633,5649.480
2026-08-12 19:48:30.445706,2051.805,5642.325,5645.633
2026-08-12 19:48:31.445706,2052.805,5649.480,5642.325
2026-08-12 19:48:32.445706,2053.805,5629.770,5634.225
2026-08-12 19:48:33.445706,2054.805,5634.225,5629.770
2026-08-12 19:48:34.445706,2055.805,5621.738,5628.960
2026-08-12 19:48:35.445706,2056.805,5628.960,5621.738
2026-08-12 19:48:36.445706,2057.805,5618.363,5618.903
2026-08-12 19:48:37.445706,2058.805,5618.903,5618.363
2026-08-12 19:48:38.445706,2059.805,5614.110,5614.448
2026-08-12 19:48:39.445706,2060.805,5614.448,5614.110
2026-08-12 19:48:40.445706,2061.805,5608.440,5608.440
2026-08-12 19:48:41.445706,2062.805,5607.225,5607.900
2026-08-12 19:48:42.445706,2063.805,5601.353,5607.225
2026-08-12 19:48:43.445706,2064.805,5607.900,5601.353
2026-08-12 19:48:44.445706,2065.805,5596.425,5596.425
2026-08-12 19:48:45.445706,2066.805,5585.355,5590.148
2026-08-12 19:48:46.445706,2067.805,5581.103,5586.975
2026-08-12 19:48:47.445706,2068.805,5586.975,5585.355
2026-08-12 19:48:48.445706,2069.805,5590.148,5581.103
2026-08-12 19:48:49.445706,2070.805,5580.968,5580.968
2026-08-12 19:48:50.445706,2071.805,5575.770,5575.770
2026-08-12 19:48:51.445706,2072.805,5565.848,5566.185
2026-08-12 19:48:52.445706,2073.805,5561.460,5565.848
2026-08-12 19:48:53.445706,2074.805,5562.810,5562.810
2026-08-12 19:48:54.445706,2075.805,5558.558,5561.460
2026-08-12 19:48:55.445706,2076.805,5556.263,5558.558
2026-08-12 19:48:56.445706,2077.805,5566.185,5556.263
2026-08-12 19:48:57.445706,2078.805,5550.458,5550.458
2026-08-12 19:48:58.445706,2079.805,5547.083,5547.083
2026-08-12 19:48:59.445706,2080.805,5543.167,5543.167
2026-08-12 19:49:00.445706,2081.805,5541.885,5541.885
2026-08-12 19:49:01.445706,2082.805,5532.368,5536.350
2026-08-12 19:49:02.445706,2083.805,5536.350,5532.368
2026-08-12 19:49:03.445706,2084.805,5526.225,5526.225
2026-08-12 19:49:04.445706,2085.805,5522.985,5522.985
2026-08-12 19:49:05.445706,2086.805,5514.885,5515.020
2026-08-12 19:49:06.445706,2087.805,5515.020,5514.885
2026-08-12 19:49:07.445706,2088.805,5509.755,5513.198
2026-08-12 19:49:08.445706,2089.805,5513.198,5509.755
2026-08-12 19:49:09.445706,2090.805,5497.875,5501.520
2026-08-12 19:49:10.445706,2091.805,5498.280,5498.280
2026-08-12 19:49:11.445706,2092.805,5501.520,5497.875
2026-08-12 19:49:12.445706,2093.805,5497.403,5497.403
2026-08-12 19:49:13.445706,2094.805,5490.180,5492.610
2026-08-12 19:49:14.445706,2095.805,5492.610,5490.180
2026-08-12 19:49:15.445706,2096.805,5482.350,5483.025
2026-08-12 19:49:16.445706,2097.805,5479.988,5482.350
2026-08-12 19:49:17.445706,2098.805,5480.798,5480.798
2026-08-12 19:49:18.445706,2099.805,5483.025,5479.988
2026-08-12 19:49:19.445706,2100.805,5465.273,5465.273
2026-08-12 19:49:20.445706,2101.805,5463.113,5464.058
2026-08-12 19:49:21.445706,2102.805,5464.058,5463.113
2026-08-12 19:49:22.445706,2103.805,5458.792,5458.792
2026-08-12 19:49:23.445706,2104.805,5448.938,5452.718
2026-08-12 19:49:24.445706,2105.805,5441.108,5449.883
2026-08-12 19:49:25.445706,2106.805,5448.195,5448.938
2026-08-12 19:49:26.445706,2107.805,5452.718,5448.195
2026-08-12 19:49:27.445706,2108.805,5449.883,5441.108
2026-08-12 19:49:28.445706,2109.805,5439.555,5439.555
2026-08-12 19:49:29.445706,2110.805,5438.003,5438.003
2026-08-12 19:49:30.445706,2111.805,5428.485,5434.290
2026-08-12 19:49:31.445706,2112.805,5429.970,5429.970
2026-08-12 19:49:32.445706,2113.805,5424.435,5428.485
2026-08-12 19:49:33.445706,2114.805,5434.290,5424.435
2026-08-12 19:49:34.445706,2115.805,5416.268,5416.268
2026-08-12 19:49:35.445706,2116.805,5409.450,5409.450
2026-08-12 19:49:36.445706,2117.805,5404.388,5404.388
2026-08-12 19:49:37.445706,2118.805,5403.780,5403.780
2026-08-12 19:49:38.445706,2119.805,5403.780,5403.780
2026-08-12 19:49:39.445706,2120.805,5392.508,5401.013
2026-08-12 19:49:40.445706,2121.805,5401.013,5395.545
2026-08-12 19:49:41.445706,2122.805,5391.495,5392.508
2026-08-12 19:49:42.445706,2123.805,5395.545,5391.495
2026-08-12 19:49:43.445706,2124.805,5388.390,5388.390
2026-08-12 19:49:44.445706,2125.805,5385.353,5385.353
2026-08-12 19:49:45.445706,2126.805,5380.223,5380.493
2026-08-12 19:49:46.445706,2127.805,5380.493,5380.223
2026-08-12 19:49:47.445706,2128.805,5372.663,5372.663
2026-08-12 19:49:48.445706,2129.805,5372.190,5372.190
2026-08-12 19:49:49.445706,2130.805,5372.190,5372.190
2026-08-12 19:49:50.445706,2131.805,5357.475,5362.538
2026-08-12 19:49:51.445706,2132.805,5362.538,5358.353
2026-08-12 19:49:52.445706,2133.805,5358.353,5358.083
2026-08-12 19:49:53.445706,2134.805,5358.083,5358.015
2026-08-12 19:49:54.445706,2135.805,5358.015,5357.475
2026-08-12 19:49:55.445706,2136.805,5348.430,5356.935
2026-08-12 19:49:56.445706,2137.805,5356.935,5348.430
2026-08-12 19:49:57.445706,2138.805,5341.815,5341.815
2026-08-12 19:49:58.445706,2139.805,5336.145,5336.145
2026-08-12 19:49:59.445706,2140.805,5334.458,5334.458
2026-08-12 19:50:00.445706,2141.805,5332.838,5332.838
2026-08-12 19:50:01.445706,2142.805,5326.830,5326.830
2026-08-12 19:50:02.445706,2143.805,5321.903,5321.903
2026-08-12 19:50:03.445706,2144.805,5320.688,5320.688
2026-08-12 19:50:04.445706,2145.805,5319.945,5319.945
2026-08-12 19:50:05.445706,2146.805,5308.875,5317.448
2026-08-12 19:50:06.445706,2147.805,5313.263,5313.263
2026-08-12 19:50:07.445706,2148.805,5317.448,5310.360
2026-08-12 19:50:08.445706,2149.805,5305.568,5308.875
2026-08-12 19:50:09.445706,2150.805,5310.360,5305.568
2026-08-12 19:50:10.445706,2151.805,5301.383,5304.015
2026-08-12 19:50:11.445706,2152.805,5304.015,5301.383
2026-08-12 19:50:12.445706,2153.805,5292.135,5292.135
2026-08-12 19:50:13.445706,2154.805,5290.448,5290.448
2026-08-12 19:50:14.445706,2155.805,5286.195,5286.195
2026-08-12 19:50:15.445706,2156.805,5281.065,5281.065
2026-08-12 19:50:16.445706,2157.805,5272.088,5272.628
2026-08-12 19:50:17.445706,2158.805,5272.628,5272.088
2026-08-12 19:50:18.445706,2159.805,5264.393,5270.198
2026-08-12 19:50:19.445706,2160.805,5270.198,5265.473
2026-08-12 19:50:20.445706,2161.805,5264.258,5264.393
2026-08-12 19:50:21.445706,2162.805,5265.473,5264.258
2026-08-12 19:50:22.445706,2163.805,5253.120,5256.225
2026-08-12 19:50:23.445706,2164.805,5256.225,5253.120
2026-08-12 19:50:24.445706,2165.805,5243.873,5243.873
2026-08-12 19:50:25.445706,2166.805,5242.118,5242.118
2026-08-12 19:50:26.445706,2167.805,5236.920,5236.920
2026-08-12 19:50:27.445706,2168.805,5236.312,5236.312
2026-08-12 19:50:28.445706,2169.805,5231.250,5231.250
2026-08-12 19:50:29.445706,2170.805,5230.778,5230.778
2026-08-12 19:50:30.445706,2171.805,5224.973,5228.415
2026-08-12 19:50:31.445706,2172.805,5228.415,5224.973
2026-08-12 19:50:32.445706,2173.805,5218.560,5221.058
2026-08-12 19:50:33.445706,2174.805,5221.058,5218.560
2026-08-12 19:50:34.445706,2175.805,5210.595,5216.940
2026-08-12 19:50:35.445706,2176.805,5216.940,5210.595
2026-08-12 19:50:36.445706,2177.805,5210.460,5210.460
2026-08-12 19:50:37.445706,2178.805,5203.373,5203.643
2026-08-12 19:50:38.445706,2179.805,5203.643,5203.373
2026-08-12 19:50:39.445706,2180.805,5199.458,5199.458
2026-08-12 19:50:40.445706,2181.805,5198.378,5198.378
2026-08-12 19:50:41.445706,2182.805,5195.678,5195.678
2026-08-12 19:50:42.445706,2183.805,5183.865,5191.493
2026-08-12 19:50:43.445706,2184.805,5191.493,5187.308
2026-08-12 19:50:44.445706,2185.805,5187.308,5183.865
2026-08-12 19:50:45.445706,2186.805,5181.570,5181.570
2026-08-12 19:50:46.445706,2187.805,5176.710,5176.710
2026-08-12 19:50:47.445706,2188.805,5168.745,5169.960
2026-08-12 19:50:48.445706,2189.805,5167.463,5168.745
2026-08-12 19:50:49.445706,2190.805,5169.960,5167.463
2026-08-12 19:50:50.445706,2191.805,5156.663,5161.658
2026-08-12 19:50:51.445706,2192.805,5160.105,5160.105
2026-08-12 19:50:52.445706,2193.805,5161.658,5156.663
2026-08-12 19:50:53.445706,2194.805,5154.705,5155.718
2026-08-12 19:50:54.445706,2195.805,5155.718,5154.705
2026-08-12 19:50:55.445706,2196.805,5152.005,5152.005
2026-08-12 19:50:56.445706,2197.805,5143.028,5143.028
2026-08-12 19:50:57.445706,2198.805,5140.868,5140.868
2026-08-12 19:50:58.445706,2199.805,5137.763,5137.763
2026-08-12 19:50:59.445706,2200.805,5136.480,5136.480
2026-08-12 19:51:00.445706,2201.805,5125.410,5133.308
2026-08-12 19:51:01.445706,2202.805,5133.308,5125.410
2026-08-12 19:51:02.445706,2203.805,5124.263,5124.263
2026-08-12 19:51:03.445706,2204.805,5119.470,5119.470
2026-08-12 19:51:04.445706,2205.805,5105.093,5117.783
2026-08-12 19:51:05.445706,2206.805,5117.783,5105.093
2026-08-12 19:51:06.445706,2207.805,5100.435,5101.110
2026-08-12 19:51:07.445706,2208.805,5097.465,5100.435
2026-08-12 19:51:08.445706,2209.805,5096.790,5097.465
2026-08-12 19:51:09.445706,2210.805,5101.110,5096.790
2026-08-12 19:51:10.445706,2211.805,5092.335,5092.335
2026-08-12 19:51:11.445706,2212.805,5089.770,5089.770
2026-08-12 19:51:12.445706,2213.805,5086.935,5086.935
2026-08-12 19:51:13.445706,2214.805,5071.613,5081.940
2026-08-12 19:51:14.445706,2215.805,5074.312,5076.810
2026-08-12 19:51:15.445706,2216.805,5081.940,5074.312
2026-08-12 19:51:16.445706,2217.805,5076.810,5071.613
2026-08-12 19:51:17.445706,2218.805,5067.968,5067.968
2026-08-12 19:51:18.445706,2219.805,5064.930,5064.930
2026-08-12 19:51:19.445706,2220.805,5061.015,5061.015
2026-08-12 19:51:20.445706,2221.805,5060.812,5060.812
2026-08-12 19:51:21.445706,2222.805,5053.455,5055.885
2026-08-12 19:51:22.445706,2223.805,5048.798,5053.455
2026-08-12 19:51:23.445706,2224.805,5055.885,5049.203
2026-08-12 19:51:24.445706,2225.805,5049.203,5048.798
2026-08-12 19:51:25.445706,2226.805,5041.170,5041.710
2026-08-12 19:51:26.445706,2227.805,5041.710,5041.170
2026-08-12 19:51:27.445706,2228.805,5041.170,5041.170
2026-08-12 19:51:28.445706,2229.805,5031.045,5031.180
2026-08-12 19:51:29.445706,2230.805,5031.180,5031.045
2026-08-12 19:51:30.445706,2231.805,5018.288,5018.288
2026-08-12 19:51:31.445706,2232.805,5017.140,5017.208
2026-08-12 19:51:32.445706,2233.805,5013.225,5017.140
2026-08-12 19:51:33.445706,2234.805,5013.833,5013.833
2026-08-12 19:51:34.445706,2235.805,5017.208,5013.225
2026-08-12 19:51:35.445706,2236.805,5010.863,5011.065
2026-08-12 19:51:36.445706,2237.805,5011.065,5010.863
2026-08-12 19:51:37.445706,2238.805,5004.518,5004.518
2026-08-12 19:51:38.445706,2239.805,4991.220,4991.220
2026-08-12 19:51:39.445706,2240.805,4990.613,4990.613
2026-08-12 19:51:40.445706,2241.805,4988.858,4988.858
2026-08-12 19:51:41.445706,2242.805,4979.542,4986.360
2026-08-12 19:51:42.445706,2243.805,4986.360,4985.820
2026-08-12 19:51:43.445706,2244.805,4985.820,4979.542
2026-08-12 19:51:44.445706,2245.805,4974.210,4974.818
2026-08-12 19:51:45.445706,2246.805,4974.818,4974.210
2026-08-12 19:51:46.445706,2247.805,4972.725,4973.940
2026-08-12 19:51:47.445706,2248.805,4973.940,4972.725
2026-08-12 19:51:48.445706,2249.805,4959.833,4959.833
2026-08-12 19:51:49.445706,2250.805,4951.598,4951.598
2026-08-12 19:51:50.445706,2251.805,4948.560,4948.560
2026-08-12 19:51:51.445706,2252.805,4947.413,4947.413
2026-08-12 19:51:52.445706,2253.805,4944.443,4944.443
2026-08-12 19:51:53.445706,2254.805,4935.060,4936.343
2026-08-12 19:51:54.445706,2255.805,4936.343,4935.060
2026-08-12 19:51:55.445706,2256.805,4927.298,4930.875
2026-08-12 19:51:56.445706,2257.805,4930.065,4930.065
2026-08-12 19:51:57.445706,2258.805,4930.875,4927.298
2026-08-12 19:51:58.445706,2259.805,4918.455,4922.573
2026-08-12 19:51:59.445706,2260.805,4920.143,4920.143
2026-08-12 19:52:00.445706,2261.805,4916.700,4918.455
2026-08-12 19:52:01.445706,2262.805,4917.780,4918.320
2026-08-12 19:52:02.445706,2263.805,4922.573,4917.780
2026-08-12 19:52:03.445706,2264.805,4918.320,4916.700
2026-08-12 19:52:04.445706,2265.805,4909.680,4909.680
2026-08-12 19:52:05.445706,2266.805,4907.250,4907.250
2026-08-12 19:52:06.445706,2267.805,4901.513,4901.513
2026-08-12 19:52:07.445706,2268.805,4899.623,4899.623
2026-08-12 19:52:08.445706,2269.805,4886.325,4886.325
2026-08-12 19:52:09.445706,2270.805,4876.673,4882.680
2026-08-12 19:52:10.445706,2271.805,4880.048,4880.048
2026-08-12 19:52:11.445706,2272.805,4875.053,4876.673
2026-08-12 19:52:12.445706,2273.805,4882.680,4875.053
2026-08-12 19:52:13.445706,2274.805,4866.413,4867.088
2026-08-12 19:52:14.445706,2275.805,4866.413,4866.413
2026-08-12 19:52:15.445706,2276.805,4867.088,4866.413
2026-08-12 19:52:16.445706,2277.805,4861.485,4861.485
2026-08-12 19:52:17.445706,2278.805,4851.022,4856.895
2026-08-12 19:52:18.445706,2279.805,4856.895,4851.022
2026-08-12 19:52:19.445706,2280.805,4850.955,4850.955
2026-08-12 19:52:20.445706,2281.805,4843.935,4850.550
2026-08-12 19:52:21.445706,2282.805,4850.550,4843.935
2026-08-12 19:52:22.445706,2283.805,4841.370,4841.370
2026-08-12 19:52:23.445706,2284.805,4835.970,4836.038
2026-08-12 19:52:24.445706,2285.805,4834.553,4835.970
2026-08-12 19:52:25.445706,2286.805,4836.038,4834.553
2026-08-12 19:52:26.445706,2287.805,4830.368,4830.368
2026-08-12 19:52:27.445706,2288.805,4824.698,4824.698
2026-08-12 19:52:28.445706,2289.805,4820.310,4820.310
2026-08-12 19:52:29.445706,2290.805,4816.665,4816.665
2026-08-12 19:52:30.445706,2291.805,4808.160,4808.160
2026-08-12 19:52:31.445706,2292.805,4803.435,4806.473
2026-08-12 19:52:32.445706,2293.805,4795.065,4803.435
2026-08-12 19:52:33.445706,2294.805,4806.473,4797.428
2026-08-12 19:52:34.445706,2295.805,4797.428,4797.090
2026-08-12 19:52:35.445706,2296.805,4788.855,4795.065
2026-08-12 19:52:36.445706,2297.805,4797.090,4788.855
2026-08-12 19:52:37.445706,2298.805,4783.928,4784.670
2026-08-12 19:52:38.445706,2299.805,4782.578,4783.928
2026-08-12 19:52:39.445706,2300.805,4784.670,4782.578
2026-08-12 19:52:40.445706,2301.805,4779.068,4780.823
2026-08-12 19:52:41.445706,2302.805,4780.823,4779.068
2026-08-12 19:52:42.445706,2303.805,4777.042,4777.042
2026-08-12 19:52:43.445706,2304.805,4771.845,4771.845
2026-08-12 19:52:44.445706,2305.805,4769.618,4769.618
2026-08-12 19:52:45.445706,2306.805,4752.945,4760.235
2026-08-12 19:52:46.445706,2307.805,4760.235,4752.945
2026-08-12 19:52:47.445706,2308.805,4752.135,4752.135
2026-08-12 19:52:48.445706,2309.805,4745.858,4745.858
2026-08-12 19:52:49.445706,2310.805,4743.833,4745.520
2026-08-12 19:52:50.445706,2311.805,4744.035,4744.035
2026-08-12 19:52:51.445706,2312.805,4745.520,4743.833
2026-08-12 19:52:52.445706,2313.805,4736.070,4736.070
2026-08-12 19:52:53.445706,2314.805,4730.130,4734.653
2026-08-12 19:52:54.445706,2315.805,4734.653,4730.265
2026-08-12 19:52:55.445706,2316.805,4730.265,4730.130
2026-08-12 19:52:56.445706,2317.805,4706.505,4728.713
2026-08-12 19:52:57.445706,2318.805,4728.713,4724.730
2026-08-12 19:52:58.445706,2319.805,4720.005,4720.748
2026-08-12 19:52:59.445706,2320.805,4724.730,4720.005
2026-08-12 19:53:00.445706,2321.805,4720.748,4717.373
2026-08-12 19:53:01.445706,2322.805,4717.373,4706.505
2026-08-12 19:53:02.445706,2323.805,4700.498,4705.155
2026-08-12 19:53:03.445706,2324.805,4705.155,4700.835
2026-08-12 19:53:04.445706,2325.805,4698.945,4700.498
2026-08-12 19:53:05.445706,2326.805,4700.835,4698.945
2026-08-12 19:53:06.445706,2327.805,4692.667,4692.667
2026-08-12 19:53:07.445706,2328.805,4690.373,4690.373
2026-08-12 19:53:08.445706,2329.805,4681.665,4684.838
2026-08-12 19:53:09.445706,2330.805,4684.838,4681.665
2026-08-12 19:53:10.445706,2331.805,4672.620,4676.130
2026-08-12 19:53:11.445706,2332.805,4676.130,4672.620
2026-08-12 19:53:12.445706,2333.805,4671.540,4671.540
2026-08-12 19:53:13.445706,2334.805,4663.440,4663.980
2026-08-12 19:53:14.445706,2335.805,4652.775,4663.440
2026-08-12 19:53:15.445706,2336.805,4663.980,4661.888
2026-08-12 19:53:16.445706,2337.805,4656.825,4656.825
2026-08-12 19:53:17.445706,2338.805,4661.888,4653.653
2026-08-12 19:53:18.445706,2339.805,4653.653,4652.775
2026-08-12 19:53:19.445706,2340.805,4646.430,4649.400
2026-08-12 19:53:20.445706,2341.805,4649.400,4647.375
2026-08-12 19:53:21.445706,2342.805,4647.375,4646.430
2026-08-12 19:53:22.445706,2343.805,4638.870,4640.288
2026-08-12 19:53:23.445706,2344.805,4631.647,4638.870
2026-08-12 19:53:24.445706,2345.805,4640.288,4631.647
2026-08-12 19:53:25.445706,2346.805,4619.228,4624.830
2026-08-12 19:53:26.445706,2347.805,4624.830,4619.228
2026-08-12 19:53:27.445706,2348.805,4618.755,4618.755
2026-08-12 19:53:28.445706,2349.805,4612.478,4617.810
2026-08-12 19:53:29.445706,2350.805,4617.810,4612.748
2026-08-12 19:53:30.445706,2351.805,4612.748,4612.478
2026-08-12 19:53:31.445706,2352.805,4609.373,4609.373
2026-08-12 19:53:32.445706,2353.805,4597.493,4604.243
2026-08-12 19:53:33.445706,2354.805,4598.910,4598.910
2026-08-12 19:53:34.445706,2355.805,4604.243,4597.493
2026-08-12 19:53:35.445706,2356.805,4597.425,4597.425
2026-08-12 19:53:36.445706,2357.805,4589.865,4589.865
2026-08-12 19:53:37.445706,2358.805,4589.123,4589.123
2026-08-12 19:53:38.445706,2359.805,4585.208,4585.208
2026-08-12 19:53:39.445706,2360.805,4582.980,4582.980
2026-08-12 19:53:40.445706,2361.805,4575.555,4577.040
2026-08-12 19:53:41.445706,2362.805,4577.040,4575.555
2026-08-12 19:53:42.445706,2363.805,4568.198,4575.015
2026-08-12 19:53:43.445706,2364.805,4560.300,4570.425
2026-08-12 19:53:44.445706,2365.805,4575.015,4568.198
2026-08-12 19:53:45.445706,2366.805,4570.425,4562.325
2026-08-12 19:53:46.445706,2367.805,4560.908,4560.908
2026-08-12 19:53:47.445706,2368.805,4562.325,4560.300
2026-08-12 19:53:48.445706,2369.805,4557.803,4557.803
2026-08-12 19:53:49.445706,2370.805,4553.213,4554.292
2026-08-12 19:53:50.445706,2371.805,4549.838,4553.213
2026-08-12 19:53:51.445706,2372.805,4547.745,4549.838
2026-08-12 19:53:52.445706,2373.805,4539.240,4547.745
2026-08-12 19:53:53.445706,2374.805,4554.292,4544.303
2026-08-12 19:53:54.445706,2375.805,4544.303,4539.240
2026-08-12 19:53:55.445706,2376.805,4538.160,4538.160
2026-08-12 19:53:56.445706,2377.805,4523.513,4527.022
2026-08-12 19:53:57.445706,2378.805,4522.635,4523.513
2026-08-12 19:53:58.445706,2379.805,4527.022,4522.635
2026-08-12 19:53:59.445706,2380.805,4517.640,4520.948
2026-08-12 19:54:00.445706,2381.805,4520.948,4517.640
2026-08-12 19:54:01.445706,2382.805,4517.100,4517.100
2026-08-12 19:54:02.445706,2383.805,4513.388,4513.388
2026-08-12 19:54:03.445706,2384.805,4507.988,4508.055
2026-08-12 19:54:04.445706,2385.805,4508.055,4507.988
2026-08-12 19:54:05.445706,2386.805,4503.938,4503.938
2026-08-12 19:54:06.445706,2387.805,4498.065,4498.470
2026-08-12 19:54:07.445706,2388.805,4498.470,4498.065
2026-08-12 19:54:08.445706,2389.805,4492.530,4492.530
2026-08-12 19:54:09.445706,2390.805,4491.383,4491.383
2026-08-12 19:54:10.445706,2391.805,4489.560,4489.560
2026-08-12 19:54:11.445706,2392.805,4483.417,4483.417
2026-08-12 19:54:12.445706,2393.805,4472.820,4478.558
2026-08-12 19:54:13.445706,2394.805,4478.558,4472.820
2026-08-12 19:54:14.445706,2395.805,4469.917,4469.917
2026-08-12 19:54:15.445706,2396.805,4469.243,4469.243
2026-08-12 19:54:16.445706,2397.805,4467.555,4467.555
2026-08-12 19:54:17.445706,2398.805,4452.840,4460.535
2026-08-12 19:54:18.445706,2399.805,4460.535,4459.118
2026-08-12 19:54:19.445706,2400.805,4449.195,4452.840
2026-08-12 19:54:20.445706,2401.805,4459.118,4451.288
2026-08-12 19:54:21.445706,2402.805,4447.440,4449.195
2026-08-12 19:54:22.445706,2403.805,4451.288,4447.440
2026-08-12 19:54:23.445706,2404.805,4437.045,4444.335
2026-08-12 19:54:24.445706,2405.805,4444.335,4440.218
2026-08-12 19:54:25.445706,2406.805,4440.218,4437.045
2026-08-12 19:54:26.445706,2407.805,4433.940,4433.940
2026-08-12 19:54:27.445706,2408.805,4429.755,4429.755
2026-08-12 19:54:28.445706,2409.805,4421.520,4428.877
2026-08-12 19:54:29.445706,2410.805,4428.877,4421.520
2026-08-12 19:54:30.445706,2411.805,4411.800,4414.973
2026-08-12 19:54:31.445706,2412.805,4414.973,4412.475
2026-08-12 19:54:32.445706,2413.805,4411.193,4412.002
2026-08-12 19:54:33.445706,2414.805,4412.475,4411.800
2026-08-12 19:54:34.445706,2415.805,4412.002,4411.193
2026-08-12 19:54:35.445706,2416.805,4395.533,4408.493
2026-08-12 19:54:36.445706,2417.805,4400.933,4400.933
2026-08-12 19:54:37.445706,2418.805,4408.493,4395.533
2026-08-12 19:54:38.445706,2419.805,4394.183,4394.183
2026-08-12 19:54:39.445706,2420.805,4388.715,4388.917
2026-08-12 19:54:40.445706,2421.805,4377.240,4388.715
2026-08-12 19:54:41.445706,2422.805,4388.917,4377.915
2026-08-12 19:54:42.445706,2423.805,4372.110,4377.240
2026-08-12 19:54:43.445706,2424.805,4372.718,4372.718
2026-08-12 19:54:44.445706,2425.805,4377.915,4372.448
2026-08-12 19:54:45.445706,2426.805,4372.448,4372.110
2026-08-12 19:54:46.445706,2427.805,4365.292,4367.723
2026-08-12 19:54:47.445706,2428.805,4363.470,4365.292
2026-08-12 19:54:48.445706,2429.805,4367.723,4364.078
2026-08-12 19:54:49.445706,2430.805,4359.218,4363.470
2026-08-12 19:54:50.445706,2431.805,4361.108,4361.108
2026-08-12 19:54:51.445706,2432.805,4358.880,4359.218
2026-08-12 19:54:52.445706,2433.805,4364.078,4358.880
2026-08-12 19:54:53.445706,2434.805,4352.535,4352.535
2026-08-12 19:54:54.445706,2435.805,4341.060,4341.060
2026-08-12 19:54:55.445706,2436.805,4339.778,4339.778
2026-08-12 19:54:56.445706,2437.805,4330.193,4333.568
2026-08-12 19:54:57.445706,2438.805,4330.598,4330.598
2026-08-12 19:54:58.445706,2439.805,4333.568,4330.193
2026-08-12 19:54:59.445706,2440.805,4330.125,4330.125
2026-08-12 19:55:00.445706,2441.805,4324.658,4324.658
2026-08-12 19:55:01.445706,2442.805,4321.215,4321.215
2026-08-12 19:55:02.445706,2443.805,4315.883,4315.883
2026-08-12 19:55:03.445706,2444.805,4306.568,4309.808
2026-08-12 19:55:04.445706,2445.805,4309.808,4309.673
2026-08-12 19:55:05.445706,2446.805,4309.673,4307.243
2026-08-12 19:55:06.445706,2447.805,4301.167,4306.568
2026-08-12 19:55:07.445706,2448.805,4307.243,4305.690
2026-08-12 19:55:08.445706,2449.805,4305.690,4303.598
2026-08-12 19:55:09.445706,2450.805,4303.598,4301.167
2026-08-12 19:55:10.445706,2451.805,4293.810,4295.025
2026-08-12 19:55:11.445706,2452.805,4290.300,4293.810
2026-08-12 19:55:12.445706,2453.805,4282.200,4290.300
2026-08-12 19:55:13.445706,2454.805,4295.025,4284.968
2026-08-12 19:55:14.445706,2455.805,4281.728,4282.200
2026-08-12 19:55:15.445706,2456.805,4275.315,4281.728
2026-08-12 19:55:16.445706,2457.805,4284.968,4275.315
2026-08-12 19:55:17.445706,2458.805,4273.155,4273.155
2026-08-12 19:55:18.445706,2459.805,4272.143,4272.143
2026-08-12 19:55:19.445706,2460.805,4270.252,4270.252
2026-08-12 19:55:20.445706,2461.805,4265.528,4265.528
2026-08-12 19:55:21.445706,2462.805,4258.710,4258.710
2026-08-12 19:55:22.445706,2463.805,4250.138,4254.188
2026-08-12 19:55:23.445706,2464.805,4251.690,4251.690
2026-08-12 19:55:24.445706,2465.805,4250.340,4250.340
2026-08-12 19:55:25.445706,2466.805,4254.188,4250.138
2026-08-12 19:55:26.445706,2467.805,4247.167,4247.167
2026-08-12 19:55:27.445706,2468.805,4239.675,4244.400
2026-08-12 19:55:28.445706,2469.805,4244.400,4239.675
2026-08-12 19:55:29.445706,2470.805,4234.005,4236.368
2026-08-12 19:55:30.445706,2471.805,4236.368,4234.005
2026-08-12 19:55:31.445706,2472.805,4229.955,4229.955
2026-08-12 19:55:32.445706,2473.805,4228.335,4229.078
2026-08-12 19:55:33.445706,2474.805,4229.078,4228.943
2026-08-12 19:55:34.445706,2475.805,4228.943,4228.335
2026-08-12 19:55:35.445706,2476.805,4214.430,4223.340
2026-08-12 19:55:36.445706,2477.805,4223.340,4214.768
2026-08-12 19:55:37.445706,2478.805,4214.768,4214.430
2026-08-12 19:55:38.445706,2479.805,4214.160,4214.160
2026-08-12 19:55:39.445706,2480.805,4213.688,4213.688
2026-08-12 19:55:40.445706,2481.805,4208.423,4208.423
2026-08-12 19:55:41.445706,2482.805,4207.275,4207.275
2026-08-12 19:55:42.445706,2483.805,4202.078,4202.078
2026-08-12 19:55:43.445706,2484.805,4193.303,4196.610
2026-08-12 19:55:44.445706,2485.805,4196.610,4193.303
2026-08-12 19:55:45.445706,2486.805,4189.320,4191.278
2026-08-12 19:55:46.445706,2487.805,4191.278,4189.320
2026-08-12 19:55:47.445706,2488.805,4184.865,4187.093
2026-08-12 19:55:48.445706,2489.805,4187.093,4184.865
2026-08-12 19:55:49.445706,2490.805,4175.145,4175.145
2026-08-12 19:55:50.445706,2491.805,4170.623,4170.893
2026-08-12 19:55:51.445706,2492.805,4168.598,4170.623
2026-08-12 19:55:52.445706,2493.805,4167.923,4168.598
2026-08-12 19:55:53.445706,2494.805,4170.893,4167.923
2026-08-12 19:55:54.445706,2495.805,4160.228,4162.590
2026-08-12 19:55:55.445706,2496.805,4157.055,4160.228
2026-08-12 19:55:56.445706,2497.805,4162.590,4157.865
2026-08-12 19:55:57.445706,2498.805,4155.502,4157.055
2026-08-12 19:55:58.445706,2499.805,4157.865,4155.502
2026-08-12 19:55:59.445706,2500.805,4143.690,4143.758
2026-08-12 19:56:00.445706,2501.805,4143.083,4143.690
2026-08-12 19:56:01.445706,2502.805,4143.758,4143.083
2026-08-12 19:56:02.445706,2503.805,4142.880,4142.880
2026-08-12 19:56:03.445706,2504.805,4135.118,4137.143
2026-08-12 19:56:04.445706,2505.805,4124.250,4135.118
2026-08-12 19:56:05.445706,2506.805,4137.143,4124.520
2026-08-12 19:56:06.445706,2507.805,4120.403,4124.318
2026-08-12 19:56:07.445706,2508.805,4124.520,4124.250
2026-08-12 19:56:08.445706,2509.805,4120.673,4120.673
2026-08-12 19:56:09.445706,2510.805,4116.690,4120.403
2026-08-12 19:56:10.445706,2511.805,4124.318,4116.690
2026-08-12 19:56:11.445706,2512.805,4108.725,4108.725
2026-08-12 19:56:12.445706,2513.805,4105.485,4105.485
2026-08-12 19:56:13.445706,2514.805,4102.988,4103.123
2026-08-12 19:56:14.445706,2515.805,4103.123,4102.988
2026-08-12 19:56:15.445706,2516.805,4097.453,4099.073
2026-08-12 19:56:16.445706,2517.805,4092.795,4097.453
2026-08-12 19:56:17.445706,2518.805,4099.073,4092.795
2026-08-12 19:56:18.445706,2519.805,4084.898,4085.640
2026-08-12 19:56:19.445706,2520.805,4085.640,4084.898
2026-08-12 19:56:20.445706,2521.805,4079.565,4079.565
2026-08-12 19:56:21.445706,2522.805,4077.675,4077.675
2026-08-12 19:56:22.445706,2523.805,4068.293,4073.423
2026-08-12 19:56:23.445706,2524.805,4067.955,4070.250
2026-08-12 19:56:24.445706,2525.805,4073.423,4068.495
2026-08-12 19:56:25.445706,2526.805,4070.250,4068.293
2026-08-12 19:56:26.445706,2527.805,4068.495,4067.955
2026-08-12 19:56:27.445706,2528.805,4061.745,4061.745
2026-08-12 19:56:28.445706,2529.805,4061.745,4061.745
2026-08-12 19:56:29.445706,2530.805,4052.633,4052.835
2026-08-12 19:56:30.445706,2531.805,4052.835,4052.633
2026-08-12 19:56:31.445706,2532.805,4048.178,4048.178
2026-08-12 19:56:32.445706,2533.805,4041.698,4041.900
2026-08-12 19:56:33.445706,2534.805,4041.900,4041.698
2026-08-12 19:56:34.445706,2535.805,4033.935,4033.935
2026-08-12 19:56:35.445706,2536.805,4033.260,4033.260
2026-08-12 19:56:36.445706,2537.805,4030.290,4030.425
2026-08-12 19:56:37.445706,2538.805,4030.425,4030.290
2026-08-12 19:56:38.445706,2539.805,4024.755,4028.130
2026-08-12 19:56:39.445706,2540.805,4023.405,4024.755
2026-08-12 19:56:40.445706,2541.805,4028.130,4023.405
2026-08-12 19:56:41.445706,2542.805,4005.518,4017.398
2026-08-12 19:56:42.445706,2543.805,4008.420,4008.420
2026-08-12 19:56:43.445706,2544.805,4017.398,4007.610
2026-08-12 19:56:44.445706,2545.805,4006.058,4006.058
2026-08-12 19:56:45.445706,2546.805,4005.923,4005.923
2026-08-12 19:56:46.445706,2547.805,4007.610,4005.518
2026-08-12 19:56:47.445706,2548.805,3999.173,3999.173
2026-08-12 19:56:48.445706,2549.805,3991.005,3991.005
2026-08-12 19:56:49.445706,2550.805,3989.655,3989.655
2026-08-12 19:56:50.445706,2551.805,3985.808,3985.943
2026-08-12 19:56:51.445706,2552.805,3985.943,3985.808
2026-08-12 19:56:52.445706,2553.805,3982.365,3982.365
2026-08-12 19:56:53.445706,2554.805,3974.873,3974.873
2026-08-12 19:56:54.445706,2555.805,3972.983,3972.983
2026-08-12 19:56:55.445706,2556.805,3970.958,3970.958
2026-08-12 19:56:56.445706,2557.805,3970.485,3970.485
2026-08-12 19:56:57.445706,2558.805,3961.575,3964.950
2026-08-12 19:56:58.445706,2559.805,3963.938,3963.938
2026-08-12 19:56:59.445706,2560.805,3958.605,3961.575
2026-08-12 19:57:00.445706,2561.805,3964.950,3958.605
2026-08-12 19:57:01.445706,2562.805,3949.358,3952.058
2026-08-12 19:57:02.445706,2563.805,3950.303,3950.303
2026-08-12 19:57:03.445706,2564.805,3952.058,3949.358
2026-08-12 19:57:04.445706,2565.805,3939.300,3945.173
2026-08-12 19:57:05.445706,2566.805,3945.173,3941.865
2026-08-12 19:57:06.445706,2567.805,3941.190,3941.190
2026-08-12 19:57:07.445706,2568.805,3941.865,3940.650
2026-08-12 19:57:08.445706,2569.805,3940.650,3939.300
2026-08-12 19:57:09.445706,2570.805,3930.728,3935.115
2026-08-12 19:57:10.445706,2571.805,3935.115,3930.728
2026-08-12 19:57:11.445706,2572.805,3926.880,3930.188
2026-08-12 19:57:12.445706,2573.805,3930.188,3926.880
2026-08-12 19:57:13.445706,2574.805,3918.915,3918.915
2026-08-12 19:57:14.445706,2575.805,3913.110,3913.178
2026-08-12 19:57:15.445706,2576.805,3913.178,3913.110
2026-08-12 19:57:16.445706,2577.805,3911.490,3911.625
2026-08-12 19:57:17.445706,2578.805,3911.625,3911.490
2026-08-12 19:57:18.445706,2579.805,3901.635,3901.635
2026-08-12 19:57:19.445706,2580.805,3898.530,3898.530
2026-08-12 19:57:20.445706,2581.805,3896.168,3896.168
2026-08-12 19:57:21.445706,2582.805,3892.860,3892.860
2026-08-12 19:57:22.445706,2583.805,3891.848,3891.848
2026-08-12 19:57:23.445706,2584.805,3889.283,3889.283
2026-08-12 19:57:24.445706,2585.805,3883.073,3883.208
2026-08-12 19:57:25.445706,2586.805,3883.208,3883.073
2026-08-12 19:57:26.445706,2587.805,3879.495,3879.495
2026-08-12 19:57:27.445706,2588.805,3871.125,3875.850
2026-08-12 19:57:28.445706,2589.805,3875.850,3871.125
2026-08-12 19:57:29.445706,2590.805,3869.303,3869.303
2026-08-12 19:57:30.445706,2591.805,3865.928,3865.928
2026-08-12 19:57:31.445706,2592.805,3863.160,3863.160
2026-08-12 19:57:32.445706,2593.805,3860.055,3861.473
2026-08-12 19:57:33.445706,2594.805,3861.473,3860.055
2026-08-12 19:57:34.445706,2595.805,3855.600,3855.600
2026-08-12 19:57:35.445706,2596.805,3846.758,3846.758
2026-08-12 19:57:36.445706,2597.805,3845.475,3845.475
2026-08-12 19:57:37.445706,2598.805,3842.505,3842.910
2026-08-12 19:57:38.445706,2599.805,3842.910,3842.505
2026-08-12 19:57:39.445706,2600.805,3835.485,3836.295
2026-08-12 19:57:40.445706,2601.805,3836.295,3835.485
2026-08-12 19:57:41.445706,2602.805,3827.250,3827.250
2026-08-12 19:57:42.445706,2603.805,3822.323,3823.943
2026-08-12 19:57:43.445706,2604.805,3823.943,3822.323
2026-08-12 19:57:44.445706,2605.805,3817.058,3819.488
2026-08-12 19:57:45.445706,2606.805,3815.573,3817.058
2026-08-12 19:57:46.445706,2607.805,3811.050,3815.573
2026-08-12 19:57:47.445706,2608.805,3819.488,3811.050
2026-08-12 19:57:48.445706,2609.805,3802.478,3806.258
2026-08-12 19:57:49.445706,2610.805,3806.258,3803.423
2026-08-12 19:57:50.445706,2611.805,3803.423,3802.478
2026-08-12 19:57:51.445706,2612.805,3801.128,3801.128
2026-08-12 19:57:52.445706,2613.805,3800.318,3800.318
2026-08-12 19:57:53.445706,2614.805,3798.698,3798.698
2026-08-12 19:57:54.445706,2615.805,3793.298,3793.298
2026-08-12 19:57:55.445706,2616.805,3788.708,3788.708
2026-08-12 19:57:56.445706,2617.805,3781.755,3781.958
2026-08-12 19:57:57.445706,2618.805,3781.958,3781.755
2026-08-12 19:57:58.445706,2619.805,3778.178,3778.178
2026-08-12 19:57:59.445706,2620.805,3775.680,3775.680
2026-08-12 19:58:00.445706,2621.805,3765.285,3766.433
2026-08-12 19:58:01.445706,2622.805,3762.450,3765.285
2026-08-12 19:58:02.445706,2623.805,3766.433,3763.868
2026-08-12 19:58:03.445706,2624.805,3763.868,3762.450
2026-08-12 19:58:04.445706,2625.805,3744.833,3760.290
2026-08-12 19:58:05.445706,2626.805,3756.578,3756.578
2026-08-12 19:58:06.445706,2627.805,3753.068,3753.068
2026-08-12 19:58:07.445706,2628.805,3760.290,3749.625
2026-08-12 19:58:08.445706,2629.805,3749.625,3744.833
2026-08-12 19:58:09.445706,2630.805,3740.985,3742.268
2026-08-12 19:58:10.445706,2631.805,3742.268,3740.985
2026-08-12 19:58:11.445706,2632.805,3740.243,3740.243
2026-08-12 19:58:12.445706,2633.805,3734.235,3734.910
2026-08-12 19:58:13.445706,2634.805,3732.818,3734.235
2026-08-12 19:58:14.445706,2635.805,3734.910,3733.898
2026-08-12 19:58:15.445706,2636.805,3733.898,3732.818
2026-08-12 19:58:16.445706,2637.805,3721.073,3721.073
2026-08-12 19:58:17.445706,2638.805,3715.875,3718.778
2026-08-12 19:58:18.445706,2639.805,3718.778,3717.833
2026-08-12 19:58:19.445706,2640.805,3717.833,3715.875
2026-08-12 19:58:20.445706,2641.805,3711.758,3711.758
2026-08-12 19:58:21.445706,2642.805,3706.898,3709.058
2026-08-12 19:58:22.445706,2643.805,3698.730,3706.898
2026-08-12 19:58:23.445706,2644.805,3709.058,3698.730
2026-08-12 19:58:24.445706,2645.805,3697.245,3697.245
2026-08-12 19:58:25.445706,2646.805,3695.693,3695.693
2026-08-12 19:58:26.445706,2647.805,3688.200,3691.238
2026-08-12 19:58:27.445706,2648.805,3685.298,3688.200
2026-08-12 19:58:28.445706,2649.805,3691.238,3685.298
2026-08-12 19:58:29.445706,2650.805,3683.003,3683.003
2026-08-12 19:58:30.445706,2651.805,3680.235,3680.235
2026-08-12 19:58:31.445706,2652.805,3672.743,3673.148
2026-08-12 19:58:32.445706,2653.805,3673.148,3672.743
2026-08-12 19:58:33.445706,2654.805,3672.270,3672.270
2026-08-12 19:58:34.445706,2655.805,3667.680,3672.000
2026-08-12 19:58:35.445706,2656.805,3672.000,3667.680
2026-08-12 19:58:36.445706,2657.805,3667.208,3667.208
2026-08-12 19:58:37.445706,2658.805,3655.058,3655.058
2026-08-12 19:58:38.445706,2659.805,3653.235,3653.235
2026-08-12 19:58:39.445706,2660.805,3650.265,3650.265
2026-08-12 19:58:40.445706,2661.805,3642.098,3647.633
2026-08-12 19:58:41.445706,2662.805,3647.633,3642.233
2026-08-12 19:58:42.445706,2663.805,3637.710,3642.098
2026-08-12 19:58:43.445706,2664.805,3642.233,3640.883
2026-08-12 19:58:44.445706,2665.805,3640.883,3637.710
2026-08-12 19:58:45.445706,2666.805,3630.353,3632.243
2026-08-12 19:58:46.445706,2667.805,3632.243,3631.028
2026-08-12 19:58:47.445706,2668.805,3631.028,3630.353
2026-08-12 19:58:48.445706,2669.805,3628.598,3628.598
2026-08-12 19:58:49.445706,2670.805,3626.370,3627.180
2026-08-12 19:58:50.445706,2671.805,3625.898,3626.370
2026-08-12 19:58:51.445706,2672.805,3620.835,3625.898
2026-08-12 19:58:52.445706,2673.805,3620.295,3620.835
2026-08-12 19:58:53.445706,2674.805,3627.180,3620.295
2026-08-12 19:58:54.445706,2675.805,3613.208,3613.208
2026-08-12 19:58:55.445706,2676.805,3606.728,3608.078
2026-08-12 19:58:56.445706,2677.805,3605.310,3606.728
2026-08-12 19:58:57.445706,2678.805,3608.078,3605.310
2026-08-12 19:58:58.445706,2679.805,3592.823,3598.155
2026-08-12 19:58:59.445706,2680.805,3598.155,3597.548
2026-08-12 19:59:00.445706,2681.805,3597.008,3597.008
2026-08-12 19:59:01.445706,2682.805,3597.548,3592.823
2026-08-12 19:59:02.445706,2683.805,3582.360,3584.588
2026-08-12 19:59:03.445706,2684.805,3584.588,3583.845
2026-08-12 19:59:04.445706,2685.805,3582.563,3582.563
2026-08-12 19:59:05.445706,2686.805,3583.845,3582.360
2026-08-12 19:59:06.445706,2687.805,3578.445,3579.660
2026-08-12 19:59:07.445706,2688.805,3579.660,3578.445
2026-08-12 19:59:08.445706,2689.805,3576.218,3576.218
2026-08-12 19:59:09.445706,2690.805,3564.540,3565.958
2026-08-12 19:59:10.445706,2691.805,3565.958,3564.540
2026-08-12 19:59:11.445706,2692.805,3558.465,3562.043
2026-08-12 19:59:12.445706,2693.805,3562.043,3558.870
2026-08-12 19:59:13.445706,2694.805,3558.870,3558.465
2026-08-12 19:59:14.445706,2695.805,3550.973,3551.108
2026-08-12 19:59:15.445706,2696.805,3550.095,3550.973
2026-08-12 19:59:16.445706,2697.805,3551.108,3550.095
2026-08-12 19:59:17.445706,2698.805,3537.000,3542.603
2026-08-12 19:59:18.445706,2699.805,3542.603,3542.063
2026-08-12 19:59:19.445706,2700.805,3542.063,3541.455
2026-08-12 19:59:20.445706,2701.805,3537.270,3537.270
2026-08-12 19:59:21.445706,2702.805,3541.455,3537.000
2026-08-12 19:59:22.445706,2703.805,3532.410,3532.410
2026-08-12 19:59:23.445706,2704.805,3530.993,3530.993
2026-08-12 19:59:24.445706,2705.805,3521.475,3527.550
2026-08-12 19:59:25.445706,2706.805,3527.550,3521.475
2026-08-12 19:59:26.445706,2707.805,3517.358,3519.180
2026-08-12 19:59:27.445706,2708.805,3518.370,3518.370
2026-08-12 19:59:28.445706,2709.805,3519.180,3517.358
2026-08-12 19:59:29.445706,2710.805,3513.038,3513.038
2026-08-12 19:59:30.445706,2711.805,3503.655,3510.540
2026-08-12 19:59:31.445706,2712.805,3505.748,3505.748
2026-08-12 19:59:32.445706,2713.805,3510.540,3503.655
2026-08-12 19:59:33.445706,2714.805,3502.643,3502.643
2026-08-12 19:59:34.445706,2715.805,3497.040,3501.765
2026-08-12 19:59:35.445706,2716.805,3501.765,3497.580
2026-08-12 19:59:36.445706,2717.805,3497.580,3497.040
2026-08-12 19:59:37.445706,2718.805,3493.328,3493.328
2026-08-12 19:59:38.445706,2719.805,3490.290,3490.290
2026-08-12 19:59:39.445706,2720.805,3483.203,3483.203
2026-08-12 19:59:40.445706,2721.805,3474.833,3482.258
2026-08-12 19:59:41.445706,2722.805,3475.170,3476.858
2026-08-12 19:59:42.445706,2723.805,3482.258,3475.170
2026-08-12 19:59:43.445706,2724.805,3474.968,3474.968
2026-08-12 19:59:44.445706,2725.805,3471.458,3474.833
2026-08-12 19:59:45.445706,2726.805,3476.858,3472.133
2026-08-12 19:59:46.445706,2727.805,3472.133,3471.458
2026-08-12 19:59:47.445706,2728.805,3465.788,3467.070
2026-08-12 19:59:48.445706,2729.805,3467.070,3465.788
2026-08-12 19:59:49.445706,2730.805,3460.455,3460.455
2026-08-12 19:59:50.445706,2731.805,3456.608,3456.608
2026-08-12 19:59:51.445706,2732.805,3450.600,3453.165
2026-08-12 19:59:52.445706,2733.805,3451.140,3451.140
2026-08-12 19:59:53.445706,2734.805,3442.973,3450.600
2026-08-12 19:59:54.445706,2735.805,3453.165,3442.973
2026-08-12 19:59:55.445706,2736.805,3438.653,3442.905
2026-08-12 19:59:56.445706,2737.805,3442.905,3438.653
2026-08-12 19:59:57.445706,2738.805,3435.750,3437.775
2026-08-12 19:59:58.445706,2739.805,3432.375,3435.750
2026-08-12 19:59:59.445706,2740.805,3437.775,3432.375
2026-08-12 20:00:00.445706,2741.805,3431.228,3431.228
2026-08-12 20:00:01.445706,2742.805,3427.448,3427.448
2026-08-12 20:00:02.445706,2743.805,3422.858,3425.760
2026-08-12 20:00:03.445706,2744.805,3425.760,3422.858
2026-08-12 20:00:04.445706,2745.805,3416.445,3417.863
2026-08-12 20:00:05.445706,2746.805,3417.863,3416.445
2026-08-12 20:00:06.445706,2747.805,3414.353,3415.568
2026-08-12 20:00:07.445706,2748.805,3403.823,3414.353
2026-08-12 20:00:08.445706,2749.805,3415.568,3408.210
2026-08-12 20:00:09.445706,2750.805,3402.068,3403.823
2026-08-12 20:00:10.445706,2751.805,3402.540,3402.540
2026-08-12 20:00:11.445706,2752.805,3408.210,3402.068
2026-08-12 20:00:12.445706,2753.805,3397.140,3397.343
2026-08-12 20:00:13.445706,2754.805,3396.060,3397.140
2026-08-12 20:00:14.445706,2755.805,3397.343,3396.060
2026-08-12 20:00:15.445706,2756.805,3385.868,3388.163
2026-08-12 20:00:16.445706,2757.805,3388.163,3387.555
2026-08-12 20:00:17.445706,2758.805,3387.555,3387.218
2026-08-12 20:00:18.445706,2759.805,3387.218,3385.868
2026-08-12 20:00:19.445706,2760.805,3380.063,3380.063
2026-08-12 20:00:20.445706,2761.805,3379.995,3379.995
2026-08-12 20:00:21.445706,2762.805,3375.473,3375.473
2026-08-12 20:00:22.445706,2763.805,3366.833,3372.030
2026-08-12 20:00:23.445706,2764.805,3371.153,3371.153
2026-08-12 20:00:24.445706,2765.805,3372.030,3366.833
2026-08-12 20:00:25.445706,2766.805,3362.243,3364.335
2026-08-12 20:00:26.445706,2767.805,3364.335,3362.243
2026-08-12 20:00:27.445706,2768.805,3361.973,3361.973
2026-08-12 20:00:28.445706,2769.805,3356.640,3356.640
2026-08-12 20:00:29.445706,2770.805,3349.013,3349.013
2026-08-12 20:00:30.445706,2771.805,3344.895,3345.165
2026-08-12 20:00:31.445706,2772.805,3345.165,3344.895
2026-08-12 20:00:32.445706,2773.805,3338.955,3338.955
2026-08-12 20:00:33.445706,2774.805,3334.838,3334.838
2026-08-12 20:00:34.445706,2775.805,3333.150,3333.150
2026-08-12 20:00:35.445706,2776.805,3321.338,3331.935
2026-08-12 20:00:36.445706,2777.805,3321.068,3330.315
2026-08-12 20:00:37.445706,2778.805,3331.935,3324.848
2026-08-12 20:00:38.445706,2779.805,3330.315,3324.578
2026-08-12 20:00:39.445706,2780.805,3324.578,3321.338
2026-08-12 20:00:40.445706,2781.805,3317.693,3321.068
2026-08-12 20:00:41.445706,2782.805,3324.848,3317.693
2026-08-12 20:00:42.445706,2783.805,3315.668,3316.275
2026-08-12 20:00:43.445706,2784.805,3316.275,3315.668
2026-08-12 20:00:44.445706,2785.805,3312.833,3312.833
2026-08-12 20:00:45.445706,2786.805,3303.248,3304.125
2026-08-12 20:00:46.445706,2787.805,3304.125,3303.248
2026-08-12 20:00:47.445706,2788.805,3293.393,3299.603
2026-08-12 20:00:48.445706,2789.805,3297.713,3297.713
2026-08-12 20:00:49.445706,2790.805,3299.603,3295.755
2026-08-12 20:00:50.445706,2791.805,3294.405,3294.405
2026-08-12 20:00:51.445706,2792.805,3295.755,3293.393
2026-08-12 20:00:52.445706,2793.805,3286.170,3286.170
2026-08-12 20:00:53.445706,2794.805,3285.698,3285.698
2026-08-12 20:00:54.445706,2795.805,3279.015,3279.015
2026-08-12 20:00:55.445706,2796.805,3275.775,3276.653
2026-08-12 20:00:56.445706,2797.805,3276.653,3275.775
2026-08-12 20:00:57.445706,2798.805,3269.633,3269.633
2026-08-12 20:00:58.445706,2799.805,3267.675,3268.823
2026-08-12 20:00:59.445706,2800.805,3268.823,3267.675
2026-08-12 20:01:00.445706,2801.805,3258.158,3258.968
2026-08-12 20:01:01.445706,2802.805,3256.943,3258.158
2026-08-12 20:01:02.445706,2803.805,3258.968,3256.943
2026-08-12 20:01:03.445706,2804.805,3248.505,3253.568
2026-08-12 20:01:04.445706,2805.805,3253.568,3248.978
2026-08-12 20:01:05.445706,2806.805,3248.978,3248.505
2026-08-12 20:01:06.445706,2807.805,3247.088,3247.155
2026-08-12 20:01:07.445706,2808.805,3247.155,3247.088
2026-08-12 20:01:08.445706,2809.805,3234.128,3243.105
2026-08-12 20:01:09.445706,2810.805,3243.105,3234.128
2026-08-12 20:01:10.445706,2811.805,3227.580,3232.643
2026-08-12 20:01:11.445706,2812.805,3232.643,3227.580
2026-08-12 20:01:12.445706,2813.805,3223.193,3225.690
2026-08-12 20:01:13.445706,2814.805,3225.690,3223.193
2026-08-12 20:01:14.445706,2815.805,3218.738,3219.818
2026-08-12 20:01:15.445706,2816.805,3219.818,3218.738
2026-08-12 20:01:16.445706,2817.805,3216.510,3216.510
2026-08-12 20:01:17.445706,2818.805,3215.228,3215.295
2026-08-12 20:01:18.445706,2819.805,3215.295,3215.228
2026-08-12 20:01:19.445706,2820.805,3214.080,3214.080
2026-08-12 20:01:20.445706,2821.805,3210.908,3210.908
2026-08-12 20:01:21.445706,2822.805,3202.673,3204.968
2026-08-12 20:01:22.445706,2823.805,3197.610,3202.673
2026-08-12 20:01:23.445706,2824.805,3204.968,3197.610
2026-08-12 20:01:24.445706,2825.805,3189.038,3192.548
2026-08-12 20:01:25.445706,2826.805,1902.353,3189.038
2026-08-12 20:01:26.445706,2827.805,3186.540,3186.540
2026-08-12 20:01:27.445706,2828.805,3184.515,3184.920
2026-08-12 20:01:28.445706,2829.805,3192.548,3184.515
2026-08-12 20:01:29.445706,2830.805,3181.073,3181.073
2026-08-12 20:01:30.445706,2831.805,3173.310,3177.563
2026-08-12 20:01:31.445706,2832.805,3184.920,3173.310
2026-08-12 20:01:32.445706,2833.805,3177.563,3168.720
2026-08-12 20:01:33.445706,2834.805,3168.720,3168.720
2026-08-12 20:01:34.445706,2835.805,3167.640,3167.910
2026-08-12 20:01:35.445706,2836.805,3164.603,3167.640
2026-08-12 20:01:36.445706,2837.805,3167.910,3164.603
2026-08-12 20:01:37.445706,2838.805,3157.583,3157.853
2026-08-12 20:01:38.445706,2839.805,3156.165,3157.583
2026-08-12 20:01:39.445706,2840.805,3157.853,3156.165
2026-08-12 20:01:40.445706,2841.805,3148.605,3148.605
2026-08-12 20:01:41.445706,2842.805,3143.070,3143.408
2026-08-12 20:01:42.445706,2843.805,3143.408,3143.070
2026-08-12 20:01:43.445706,2844.805,3142.395,3142.395
2026-08-12 20:01:44.445706,2845.805,3137.265,3138.615
2026-08-12 20:01:45.445706,2846.805,3138.615,3137.265
2026-08-12 20:01:46.445706,2847.805,3137.130,3137.130
2026-08-12 20:01:47.445706,2848.805,3134.295,3134.295
2026-08-12 20:01:48.445706,2849.805,3129.840,3129.840
2026-08-12 20:01:49.445706,2850.805,3122.145,3126.465
2026-08-12 20:01:50.445706,2851.805,3125.115,3125.115
2026-08-12 20:01:51.445706,2852.805,3126.465,3122.145
2026-08-12 20:01:52.445706,2853.805,3113.438,3116.003
2026-08-12 20:01:53.445706,2854.805,3116.003,3115.260
2026-08-12 20:01:54.445706,2855.805,3115.260,3113.438
2026-08-12 20:01:55.445706,2856.805,3106.283,3109.185
2026-08-12 20:01:56.445706,2857.805,3109.185,3106.283
2026-08-12 20:01:57.445706,2858.805,3100.545,3101.828
2026-08-12 20:01:58.445706,2859.805,3101.828,3100.545
2026-08-12 20:01:59.445706,2860.805,3089.745,3097.980
2026-08-12 20:02:00.445706,2861.805,3097.980,3089.745
2026-08-12 20:02:01.445706,2862.805,3085.088,3086.303
2026-08-12 20:02:02.445706,2863.805,3086.303,3085.088
2026-08-12 20:02:03.445706,2864.805,3082.455,3082.455
2026-08-12 20:02:04.445706,2865.805,3076.718,3079.350
2026-08-12 20:02:05.445706,2866.805,3079.350,3078.000
2026-08-12 20:02:06.445706,2867.805,3071.993,3076.718
2026-08-12 20:02:07.445706,2868.805,3072.060,3072.060
2026-08-12 20:02:08.445706,2869.805,3078.000,3071.993
2026-08-12 20:02:09.445706,2870.805,3070.845,3070.845
2026-08-12 20:02:10.445706,2871.805,3060.585,3060.585
2026-08-12 20:02:11.445706,2872.805,3057.413,3059.775
2026-08-12 20:02:12.445706,2873.805,3059.775,3057.413
2026-08-12 20:02:13.445706,2874.805,3051.810,3053.970
2026-08-12 20:02:14.445706,2875.805,3053.970,3051.810
2026-08-12 20:02:15.445706,2876.805,3042.090,3051.000
2026-08-12 20:02:16.445706,2877.805,3051.000,3045.803
2026-08-12 20:02:17.445706,2878.805,3039.593,3043.103
2026-08-12 20:02:18.445706,2879.805,3045.803,3042.293
2026-08-12 20:02:19.445706,2880.805,3042.293,3042.090
2026-08-12 20:02:20.445706,2881.805,3043.103,3039.593
2026-08-12 20:02:21.445706,2882.805,3039.188,3039.188
2026-08-12 20:02:22.445706,2883.805,3033.045,3033.180
2026-08-12 20:02:23.445706,2884.805,3033.180,3033.045
2026-08-12 20:02:24.445706,2885.805,3023.460,3028.725
2026-08-12 20:02:25.445706,2886.805,3028.725,3023.460
2026-08-12 20:02:26.445706,2887.805,3014.955,3020.355
2026-08-12 20:02:27.445706,2888.805,3016.710,3016.710
2026-08-12 20:02:28.445706,2889.805,3009.825,3014.955
2026-08-12 20:02:29.445706,2890.805,3020.355,3009.825
2026-08-12 20:02:30.445706,2891.805,3008.205,3008.205
2026-08-12 20:02:31.445706,2892.805,3004.358,3004.830
2026-08-12 20:02:32.445706,2893.805,3004.830,3004.358
2026-08-12 20:02:33.445706,2894.805,2999.700,3000.510
2026-08-12 20:02:34.445706,2895.805,3000.510,2999.700
2026-08-12 20:02:35.445706,2896.805,2996.393,2999.498
2026-08-12 20:02:36.445706,2897.805,2999.498,2996.460
2026-08-12 20:02:37.445706,2898.805,2996.460,2996.393
2026-08-12 20:02:38.445706,2899.805,2990.588,2990.588
2026-08-12 20:02:39.445706,2900.805,2982.488,2982.488
2026-08-12 20:02:40.445706,2901.805,2977.358,2980.395
2026-08-12 20:02:41.445706,2902.805,2980.395,2977.358
2026-08-12 20:02:42.445706,2903.805,2969.595,2974.995
2026-08-12 20:02:43.445706,2904.805,2974.995,2970.000
2026-08-12 20:02:44.445706,2905.805,2966.490,2969.595
2026-08-12 20:02:45.445706,2906.805,2970.000,2966.490
2026-08-12 20:02:46.445706,2907.805,2963.588,2963.588
2026-08-12 20:02:47.445706,2908.805,2961.158,2962.103
2026-08-12 20:02:48.445706,2909.805,2959.808,2961.158
2026-08-12 20:02:49.445706,2910.805,2962.103,2959.808
2026-08-12 20:02:50.445706,2911.805,2955.488,2955.488
2026-08-12 20:02:51.445706,2912.805,2949.143,2949.143
2026-08-12 20:02:52.445706,2913.805,2946.915,2946.915
2026-08-12 20:02:53.445706,2914.805,2944.283,2944.350
2026-08-12 20:02:54.445706,2915.805,2944.350,2944.283
2026-08-12 20:02:55.445706,2916.805,2941.650,2941.650
2026-08-12 20:02:56.445706,2917.805,2938.815,2938.815
2026-08-12 20:02:57.445706,2918.805,2932.943,2932.943
2026-08-12 20:02:58.445706,2919.805,2929.163,2929.163
2026-08-12 20:02:59.445706,2920.805,2925.990,2925.990
2026-08-12 20:03:00.445706,2921.805,2921.805,2922.953
2026-08-12 20:03:01.445706,2922.805,2916.608,2921.805
2026-08-12 20:03:02.445706,2923.805,2922.953,2916.608
2026-08-12 20:03:03.445706,2924.805,2914.718,2916.540
2026-08-12 20:03:04.445706,2925.805,2916.540,2914.718
2026-08-12 20:03:05.445706,2926.805,2912.490,2912.490
2026-08-12 20:03:06.445706,2927.805,2907.360,2907.495
2026-08-12 20:03:07.445706,2928.805,2907.495,2907.360
2026-08-12 20:03:08.445706,2929.805,2902.635,2902.635
2026-08-12 20:03:09.445706,2930.805,2898.923,2898.923
2026-08-12 20:03:10.445706,2931.805,2894.333,2894.670
2026-08-12 20:03:11.445706,2932.805,2892.848,2894.333
2026-08-12 20:03:12.445706,2933.805,2894.670,2892.848
2026-08-12 20:03:13.445706,2934.805,2888.933,2890.418
2026-08-12 20:03:14.445706,2935.805,2890.418,2888.933
2026-08-12 20:03:15.445706,2936.805,2882.588,2887.583
2026-08-12 20:03:16.445706,2937.805,2887.583,2883.938
2026-08-12 20:03:17.445706,2938.805,2883.938,2882.588
2026-08-12 20:03:18.445706,2939.805,2877.795,2877.795
2026-08-12 20:03:19.445706,2940.805,2874.555,2874.555
2026-08-12 20:03:20.445706,2941.805,2866.793,2866.793
2026-08-12 20:03:21.445706,2942.805,2865.038,2865.038
2026-08-12 20:03:22.445706,2943.805,2857.478,2859.908
2026-08-12 20:03:23.445706,2944.805,2858.490,2859.435
2026-08-12 20:03:24.445706,2945.805,2859.300,2859.300
2026-08-12 20:03:25.445706,2946.805,2859.908,2858.490
2026-08-12 20:03:26.445706,2947.805,2859.435,2857.478
2026-08-12 20:03:27.445706,2948.805,2854.913,2854.913
2026-08-12 20:03:28.445706,2949.805,2849.648,2849.648
2026-08-12 20:03:29.445706,2950.805,2847.758,2847.758
2026-08-12 20:03:30.445706,2951.805,2843.978,2843.978
2026-08-12 20:03:31.445706,2952.805,2840.940,2840.940
2026-08-12 20:03:32.445706,2953.805,2836.688,2836.688
2026-08-12 20:03:33.445706,2954.805,2830.140,2832.840
2026-08-12 20:03:34.445706,2955.805,2829.060,2830.140
2026-08-12 20:03:35.445706,2956.805,2832.840,2829.060
2026-08-12 20:03:36.445706,2957.805,2828.723,2828.723
2026-08-12 20:03:37.445706,2958.805,2827.170,2827.170
2026-08-12 20:03:38.445706,2959.805,2826.968,2826.968
2026-08-12 20:03:39.445706,2960.805,2816.235,2822.310
2026-08-12 20:03:40.445706,2961.805,2822.310,2817.180
2026-08-12 20:03:41.445706,2962.805,2809.890,2816.235
2026-08-12 20:03:42.445706,2963.805,2817.180,2809.890
2026-08-12 20:03:43.445706,2964.805,2807.528,2807.528
2026-08-12 20:03:44.445706,2965.805,2802.870,2804.895
2026-08-12 20:03:45.445706,2966.805,2804.895,2802.870
2026-08-12 20:03:46.445706,2967.805,2801.588,2801.588
2026-08-12 20:03:47.445706,2968.805,2799.630,2799.630
2026-08-12 20:03:48.445706,2969.805,2795.175,2795.175
2026-08-12 20:03:49.445706,2970.805,2794.298,2794.298
2026-08-12 20:03:50.445706,2971.805,2789.708,2791.125
2026-08-12 20:03:51.445706,2972.805,2789.843,2789.843
2026-08-12 20:03:52.445706,2973.805,2791.125,2789.708
2026-08-12 20:03:53.445706,2974.805,2785.185,2785.185
2026-08-12 20:03:54.445706,2975.805,2778.638,2781.540
2026-08-12 20:03:55.445706,2976.805,2781.540,2778.638
2026-08-12 20:03:56.445706,2977.805,2777.220,2777.220
2026-08-12 20:03:57.445706,2978.805,2773.238,2773.238
2026-08-12 20:03:58.445706,2979.805,2762.640,2763.518
2026-08-12 20:03:59.445706,2980.805,2763.518,2762.640
2026-08-12 20:04:00.445706,2981.805,2758.860,2760.548
2026-08-12 20:04:01.445706,2982.805,2760.548,2760.548
2026-08-12 20:04:02.445706,2983.805,2760.548,2758.860
2026-08-12 20:04:03.445706,2984.805,2754.540,2754.540
2026-08-12 20:04:04.445706,2985.805,2751.165,2751.368
2026-08-12 20:04:05.445706,2986.805,2751.368,2751.165
2026-08-12 20:04:06.445706,2987.805,2744.820,2750.220
2026-08-12 20:04:07.445706,2988.805,2750.220,2744.820
2026-08-12 20:04:08.445706,2989.805,2739.690,2743.875
2026-08-12 20:04:09.445706,2990.805,2740.433,2740.635
2026-08-12 20:04:10.445706,2991.805,2743.875,2740.433
2026-08-12 20:04:11.445706,2992.805,2740.635,2739.690
2026-08-12 20:04:12.445706,2993.805,2731.927,2735.708
2026-08-12 20:04:13.445706,2994.805,2735.708,2731.927
2026-08-12 20:04:14.445706,2995.805,2725.853,2729.835
2026-08-12 20:04:15.445706,2996.805,2729.835,2725.853
2026-08-12 20:04:16.445706,2997.805,2725.110,2725.110
2026-08-12 20:04:17.445706,2998.805,2723.558,2723.558
2026-08-12 20:04:18.445706,2999.805,2721.195,2721.195
2026-08-12 20:04:19.445706,3000.805,2716.808,2716.808
2026-08-12 20:04:20.445706,3001.805,2706.278,2711.543
2026-08-12 20:04:21.445706,3002.805,2707.628,2707.628
2026-08-12 20:04:22.445706,3003.805,2711.543,2706.278
2026-08-12 20:04:23.445706,3004.805,2704.320,2704.320
2026-08-12 20:04:24.445706,3005.805,2698.718,2700.878
2026-08-12 20:04:25.445706,3006.805,2697.840,2699.865
2026-08-12 20:04:26.445706,3007.805,2700.878,2698.718
2026-08-12 20:04:27.445706,3008.805,2699.865,2697.840
2026-08-12 20:04:28.445706,3009.805,2696.153,2696.153
2026-08-12 20:04:29.445706,3010.805,2693.115,2693.115
2026-08-12 20:04:30.445706,3011.805,2682.248,2687.243
2026-08-12 20:04:31.445706,3012.805,2687.243,2682.518
2026-08-12 20:04:32.445706,3013.805,2679.008,2682.248
2026-08-12 20:04:33.445706,3014.805,2682.518,2680.020
2026-08-12 20:04:34.445706,3015.805,2678.198,2679.008
2026-08-12 20:04:35.445706,3016.805,2680.020,2678.198
2026-08-12 20:04:36.445706,3017.805,2677.658,2677.658
2026-08-12 20:04:37.445706,3018.805,2669.288,2669.288
2026-08-12 20:04:38.445706,3019.805,2666.453,2666.453
2026-08-12 20:04:39.445706,3020.805,2665.373,2665.373
2026-08-12 20:04:40.445706,3021.805,2660.108,2660.513
2026-08-12 20:04:41.445706,3022.805,2658.353,2660.108
2026-08-12 20:04:42.445706,3023.805,2660.040,2660.040
2026-08-12 20:04:43.445706,3024.805,2660.513,2658.353
2026-08-12 20:04:44.445706,3025.805,2654.438,2654.438
2026-08-12 20:04:45.445706,3026.805,2646.675,2646.675
2026-08-12 20:04:46.445706,3027.805,2646.540,2646.540
2026-08-12 20:04:47.445706,3028.805,2642.085,2642.085
2026-08-12 20:04:48.445706,3029.805,2639.925,2640.533
2026-08-12 20:04:49.445706,3030.805,2633.985,2639.925
2026-08-12 20:04:50.445706,3031.805,2640.533,2637.900
2026-08-12 20:04:51.445706,3032.805,2637.900,2636.753
2026-08-12 20:04:52.445706,3033.805,2636.753,2633.985
2026-08-12 20:04:53.445706,3034.805,2629.868,2631.690
2026-08-12 20:04:54.445706,3035.805,2631.690,2629.868
2026-08-12 20:04:55.445706,3036.805,2622.848,2622.848
2026-08-12 20:04:56.445706,3037.805,2622.780,2622.780
2026-08-12 20:04:57.445706,3038.805,2615.625,2615.693
2026-08-12 20:04:58.445706,3039.805,2615.693,2615.625
2026-08-12 20:04:59.445706,3040.805,2611.035,2611.035
2026-08-12 20:05:00.445706,3041.805,2602.598,2606.783
2026-08-12 20:05:01.445706,3042.805,2606.783,2606.715
2026-08-12 20:05:02.445706,3043.805,2606.715,2605.028
2026-08-12 20:05:03.445706,3044.805,2600.168,2602.598
2026-08-12 20:05:04.445706,3045.805,2605.028,2600.168
2026-08-12 20:05:05.445706,3046.805,2594.228,2594.228
2026-08-12 20:05:06.445706,3047.805,2591.123,2592.878
2026-08-12 20:05:07.445706,3048.805,2586.600,2591.123
2026-08-12 20:05:08.445706,3049.805,2592.878,2586.600
2026-08-12 20:05:09.445706,3050.805,2581.740,2583.900
2026-08-12 20:05:10.445706,3051.805,2583.900,2581.740
2026-08-12 20:05:11.445706,3052.805,2569.388,2579.243
2026-08-12 20:05:12.445706,3053.805,2579.243,2573.978
2026-08-12 20:05:13.445706,3054.805,2573.167,2573.167
2026-08-12 20:05:14.445706,3055.805,2571.953,2571.953
2026-08-12 20:05:15.445706,3056.805,2571.953,2571.953
2026-08-12 20:05:16.445706,3057.805,2573.978,2569.388
2026-08-12 20:05:17.445706,3058.805,2564.595,2564.595
2026-08-12 20:05:18.445706,3059.805,2560.410,2560.545
2026-08-12 20:05:19.445706,3060.805,2560.545,2560.410
2026-08-12 20:05:20.445706,3061.805,2560.140,2560.140
2026-08-12 20:05:21.445706,3062.805,2551.635,2553.323
2026-08-12 20:05:22.445706,3063.805,2553.323,2551.635
2026-08-12 20:05:23.445706,3064.805,2544.413,2545.020
2026-08-12 20:05:24.445706,3065.805,2538.675,2544.413
2026-08-12 20:05:25.445706,3066.805,2545.020,2542.995
2026-08-12 20:05:26.445706,3067.805,2542.995,2538.675
2026-08-12 20:05:27.445706,3068.805,2530.845,2533.950
2026-08-12 20:05:28.445706,3069.805,2528.213,2530.913
2026-08-12 20:05:29.445706,3070.805,2533.950,2530.845
2026-08-12 20:05:30.445706,3071.805,2523.960,2528.213
2026-08-12 20:05:31.445706,3072.805,2527.470,2527.470
2026-08-12 20:05:32.445706,3073.805,2530.913,2523.960
2026-08-12 20:05:33.445706,3074.805,2520.788,2520.788
2026-08-12 20:05:34.445706,3075.805,2518.425,2518.425
2026-08-12 20:05:35.445706,3076.805,2513.970,2513.970
2026-08-12 20:05:36.445706,3077.805,2513.835,2513.835
2026-08-12 20:05:37.445706,3078.805,2513.295,2513.295
2026-08-12 20:05:38.445706,3079.805,2508.300,2511.878
2026-08-12 20:05:39.445706,3080.805,2503.845,2508.300
2026-08-12 20:05:40.445706,3081.805,2511.878,2503.845
2026-08-12 20:05:41.445706,3082.805,2501.078,2501.078
2026-08-12 20:05:42.445706,3083.805,2501.078,2501.078
2026-08-12 20:05:43.445706,3084.805,2499.120,2499.120
2026-08-12 20:05:44.445706,3085.805,2491.425,2491.425
2026-08-12 20:05:45.445706,3086.805,2489.805,2489.873
2026-08-12 20:05:46.445706,3087.805,2486.025,2489.805
2026-08-12 20:05:47.445706,3088.805,2489.873,2486.025
2026-08-12 20:05:48.445706,3089.805,2480.490,2480.490
2026-08-12 20:05:49.445706,3090.805,2472.593,2480.288
2026-08-12 20:05:50.445706,3091.805,2480.288,2475.968
2026-08-12 20:05:51.445706,3092.805,2475.968,2472.593
2026-08-12 20:05:52.445706,3093.805,2471.985,2471.985
2026-08-12 20:05:53.445706,3094.805,2463.885,2471.310
2026-08-12 20:05:54.445706,3095.805,2459.363,2463.885
2026-08-12 20:05:55.445706,3096.805,2471.310,2462.265
2026-08-12 20:05:56.445706,3097.805,2462.265,2459.363
2026-08-12 20:05:57.445706,3098.805,2453.895,2455.312
2026-08-12 20:05:58.445706,3099.805,2455.312,2453.895
2026-08-12 20:05:59.445706,3100.805,2446.538,2450.520
2026-08-12 20:06:00.445706,3101.805,2450.520,2450.453
2026-08-12 20:06:01.445706,3102.805,2450.453,2450.183
2026-08-12 20:06:02.445706,3103.805,2442.555,2446.538
2026-08-12 20:06:03.445706,3104.805,2450.183,2442.555
2026-08-12 20:06:04.445706,3105.805,2437.898,2437.898
2026-08-12 20:06:05.445706,3106.805,2431.958,2435.873
2026-08-12 20:06:06.445706,3107.805,2428.042,2433.578
2026-08-12 20:06:07.445706,3108.805,2433.578,2431.958
2026-08-12 20:06:08.445706,3109.805,2435.873,2428.718
2026-08-12 20:06:09.445706,3110.805,2425.478,2428.042
2026-08-12 20:06:10.445706,3111.805,2422.508,2425.478
2026-08-12 20:06:11.445706,3112.805,2428.718,2424.667
2026-08-12 20:06:12.445706,3113.805,2422.913,2422.913
2026-08-12 20:06:13.445706,3114.805,2424.667,2422.508
2026-08-12 20:06:14.445706,3115.805,2415.015,2415.015
2026-08-12 20:06:15.445706,3116.805,2411.775,2413.800
2026-08-12 20:06:16.445706,3117.805,2413.800,2411.775
2026-08-12 20:06:17.445706,3118.805,2406.713,2406.713
2026-08-12 20:06:18.445706,3119.805,2403.473,2403.473
2026-08-12 20:06:19.445706,3120.805,2399.828,2399.828
2026-08-12 20:06:20.445706,3121.805,2399.423,2399.423
2026-08-12 20:06:21.445706,3122.805,2396.048,2396.048
2026-08-12 20:06:22.445706,3123.805,2394.427,2394.427
2026-08-12 20:06:23.445706,3124.805,2392.605,2392.605
2026-08-12 20:06:24.445706,3125.805,2389.838,2389.838
2026-08-12 20:06:25.445706,3126.805,2385.045,2386.800
2026-08-12 20:06:26.445706,3127.805,2386.800,2385.585
2026-08-12 20:06:27.445706,3128.805,2385.585,2385.045
2026-08-12 20:06:28.445706,3129.805,2381.805,2381.805
2026-08-12 20:06:29.445706,3130.805,2381.062,2381.062
2026-08-12 20:06:30.445706,3131.805,2368.845,2373.975
2026-08-12 20:06:31.445706,3132.805,2373.975,2368.845
2026-08-12 20:06:32.445706,3133.805,2363.850,2367.698
2026-08-12 20:06:33.445706,3134.805,2367.698,2365.470
2026-08-12 20:06:34.445706,3135.805,2363.715,2363.850
2026-08-12 20:06:35.445706,3136.805,2365.470,2363.715
2026-08-12 20:06:36.445706,3137.805,2358.585,2358.585
2026-08-12 20:06:37.445706,3138.805,2355.210,2355.210
2026-08-12 20:06:38.445706,3139.805,2354.333,2354.940
2026-08-12 20:06:39.445706,3140.805,2354.940,2354.333
2026-08-12 20:06:40.445706,3141.805,2345.693,2347.245
2026-08-12 20:06:41.445706,3142.805,2347.245,2345.693
2026-08-12 20:06:42.445706,3143.805,2340.495,2342.318
2026-08-12 20:06:43.445706,3144.805,2341.170,2341.170
2026-08-12 20:06:44.445706,3145.805,2342.318,2340.495
2026-08-12 20:06:45.445706,3146.805,2338.200,2338.200
2026-08-12 20:06:46.445706,3147.805,2329.493,2333.542
2026-08-12 20:06:47.445706,3148.805,2333.542,2329.493
2026-08-12 20:06:48.445706,3149.805,2325.983,2327.940
2026-08-12 20:06:49.445706,3150.805,2327.940,2325.983
2026-08-12 20:06:50.445706,3151.805,2323.755,2323.755
2026-08-12 20:06:51.445706,3152.805,2320.718,2321.933
2026-08-12 20:06:52.445706,3153.805,2321.933,2320.718
2026-08-12 20:06:53.445706,3154.805,2315.318,2315.318
2026-08-12 20:06:54.445706,3155.805,2311.605,2311.605
2026-08-12 20:06:55.445706,3156.805,2306.745,2307.488
2026-08-12 20:06:56.445706,3157.805,2305.193,2306.745
2026-08-12 20:06:57.445706,3158.805,2307.488,2305.193
2026-08-12 20:06:58.445706,3159.805,2304.585,2304.585
2026-08-12 20:06:59.445706,3160.805,2300.535,2300.535
2026-08-12 20:07:00.445706,3161.805,2297.970,2297.970
2026-08-12 20:07:01.445706,3162.805,2297.228,2297.228
2026-08-12 20:07:02.445706,3163.805,2291.153,2291.220
2026-08-12 20:07:03.445706,3164.805,2291.220,2291.153
2026-08-12 20:07:04.445706,3165.805,2290.208,2290.208
2026-08-12 20:07:05.445706,3166.805,2290.140,2290.140
2026-08-12 20:07:06.445706,3167.805,2282.580,2285.483
2026-08-12 20:07:07.445706,3168.805,2281.028,2282.580
2026-08-12 20:07:08.445706,3169.805,2285.483,2281.028
2026-08-12 20:07:09.445706,3170.805,2279.003,2279.003
2026-08-12 20:07:10.445706,3171.805,2273.062,2273.062
2026-08-12 20:07:11.445706,3172.805,2270.430,2271.983
2026-08-12 20:07:12.445706,3173.805,2267.258,2270.430
2026-08-12 20:07:13.445706,3174.805,2271.983,2267.258
2026-08-12 20:07:14.445706,3175.805,2266.515,2266.515
2026-08-12 20:07:15.445706,3176.805,2262.938,2263.410
2026-08-12 20:07:16.445706,3177.805,2258.280,2262.938
2026-08-12 20:07:17.445706,3178.805,2263.410,2258.280
2026-08-12 20:07:18.445706,3179.805,2253.960,2253.960
2026-08-12 20:07:19.445706,3180.805,2250.923,2252.542
2026-08-12 20:07:20.445706,3181.805,2252.542,2250.923
2026-08-12 20:07:21.445706,3182.805,2250.383,2250.383
2026-08-12 20:07:22.445706,3183.805,2244.173,2245.860
2026-08-12 20:07:23.445706,3184.805,2245.860,2244.173
2026-08-12 20:07:24.445706,3185.805,2239.177,2241.810
2026-08-12 20:07:25.445706,3186.805,2234.115,2239.177
2026-08-12 20:07:26.445706,3187.805,2232.900,2234.115
2026-08-12 20:07:27.445706,3188.805,2241.810,2232.900
2026-08-12 20:07:28.445706,3189.805,2227.028,2229.120
2026-08-12 20:07:29.445706,3190.805,2229.120,2227.770
2026-08-12 20:07:30.445706,3191.805,2227.770,2227.028
2026-08-12 20:07:31.445706,3192.805,2220.075,2222.370
2026-08-12 20:07:32.445706,3193.805,2222.370,2221.493
2026-08-12 20:07:33.445706,3194.805,2221.493,2220.075
2026-08-12 20:07:34.445706,3195.805,2211.030,2215.755
2026-08-12 20:07:35.445706,3196.805,2215.755,2212.515
2026-08-12 20:07:36.445706,3197.805,2210.153,2211.030
2026-08-12 20:07:37.445706,3198.805,2212.515,2210.153
2026-08-12 20:07:38.445706,3199.805,2204.550,2204.550
2026-08-12 20:07:39.445706,3200.805,2202.255,2202.255
2026-08-12 20:07:40.445706,3201.805,2198.475,2198.880
2026-08-12 20:07:41.445706,3202.805,2198.880,2198.475
2026-08-12 20:07:42.445706,3203.805,2191.927,2192.738
2026-08-12 20:07:43.445706,3204.805,2192.738,2191.927
2026-08-12 20:07:44.445706,3205.805,2187.270,2187.270
2026-08-12 20:07:45.445706,3206.805,2186.663,2186.663
2026-08-12 20:07:46.445706,3207.805,2183.625,2183.625
2026-08-12 20:07:47.445706,3208.805,2178.698,2182.140
2026-08-12 20:07:48.445706,3209.805,2182.140,2179.913
2026-08-12 20:07:49.445706,3210.805,2176.943,2178.698
2026-08-12 20:07:50.445706,3211.805,2179.913,2176.943
2026-08-12 20:07:51.445706,3212.805,2169.653,2174.580
2026-08-12 20:07:52.445706,3213.805,2174.580,2169.653
2026-08-12 20:07:53.445706,3214.805,2163.038,2163.510
2026-08-12 20:07:54.445706,3215.805,2161.958,2163.038
2026-08-12 20:07:55.445706,3216.805,2163.510,2161.958
2026-08-12 20:07:56.445706,3217.805,2159.595,2161.148
2026-08-12 20:07:57.445706,3218.805,2161.148,2159.595
2026-08-12 20:07:58.445706,3219.805,2154.263,2154.330
2026-08-12 20:07:59.445706,3220.805,2152.440,2154.263
2026-08-12 20:08:00.445706,3221.805,2154.330,2152.440
2026-08-12 20:08:01.445706,3222.805,2150.550,2150.550
2026-08-12 20:08:02.445706,3223.805,2144.138,2144.138
2026-08-12 20:08:03.445706,3224.805,2143.665,2143.665
2026-08-12 20:08:04.445706,3225.805,2142.180,2142.180
2026-08-12 20:08:05.445706,3226.805,2137.590,2140.020
2026-08-12 20:08:06.445706,3227.805,2140.020,2137.590
2026-08-12 20:08:07.445706,3228.805,2130.368,2135.093
2026-08-12 20:08:08.445706,3229.805,2127.465,2130.368
2026-08-12 20:08:09.445706,3230.805,2135.093,2129.018
2026-08-12 20:08:10.445706,3231.805,2129.018,2128.545
2026-08-12 20:08:11.445706,3232.805,2128.545,2127.465
2026-08-12 20:08:12.445706,3233.805,2119.905,2123.213
2026-08-12 20:08:13.445706,3234.805,2123.213,2119.905
2026-08-12 20:08:14.445706,3235.805,2116.463,2117.205
2026-08-12 20:08:15.445706,3236.805,2115.720,2116.463
2026-08-12 20:08:16.445706,3237.805,2117.205,2115.720
2026-08-12 20:08:17.445706,3238.805,2110.792,2110.792
2026-08-12 20:08:18.445706,3239.805,2107.080,2107.080
2026-08-12 20:08:19.445706,3240.805,2100.128,2104.853
2026-08-12 20:08:20.445706,3241.805,2104.853,2100.128
2026-08-12 20:08:21.445706,3242.805,2095.200,2098.035
2026-08-12 20:08:22.445706,3243.805,2098.035,2096.348
2026-08-12 20:08:23.445706,3244.805,2096.348,2095.200
2026-08-12 20:08:24.445706,3245.805,2093.310,2094.728
2026-08-12 20:08:25.445706,3246.805,2090.138,2093.310
2026-08-12 20:08:26.445706,3247.805,2094.728,2090.138
2026-08-12 20:08:27.445706,3248.805,2080.552,2083.657
2026-08-12 20:08:28.445706,3249.805,2083.657,2080.552
2026-08-12 20:08:29.445706,3250.805,2079.945,2079.945
2026-08-12 20:08:30.445706,3251.805,2076.435,2077.177
2026-08-12 20:08:31.445706,3252.805,2077.177,2076.435
2026-08-12 20:08:32.445706,3253.805,2073.735,2073.735
2026-08-12 20:08:33.445706,3254.805,2064.218,2070.022
2026-08-12 20:08:34.445706,3255.805,2070.022,2067.660
2026-08-12 20:08:35.445706,3256.805,2062.530,2064.218
2026-08-12 20:08:36.445706,3257.805,2067.660,2062.530
2026-08-12 20:08:37.445706,3258.805,2054.903,2059.830
2026-08-12 20:08:38.445706,3259.805,2059.830,2057.670
2026-08-12 20:08:39.445706,3260.805,2057.670,2054.903
2026-08-12 20:08:40.445706,3261.805,2051.460,2051.460
2026-08-12 20:08:41.445706,3262.805,2049.300,2049.300
2026-08-12 20:08:42.445706,3263.805,2045.790,2046.465
2026-08-12 20:08:43.445706,3264.805,2046.465,2045.790
2026-08-12 20:08:44.445706,3265.805,2043.495,2043.495
2026-08-12 20:08:45.445706,3266.805,2041.268,2041.268
2026-08-12 20:08:46.445706,3267.805,2037.083,2037.690
2026-08-12 20:08:47.445706,3268.805,2037.690,2037.083
2026-08-12 20:08:48.445706,3269.805,2035.935,2035.935
2026-08-12 20:08:49.445706,3270.805,2027.295,2032.560
2026-08-12 20:08:50.445706,3271.805,2032.560,2027.768
2026-08-12 20:08:51.445706,3272.805,2027.768,2027.295
2026-08-12 20:08:52.445706,3273.805,2022.368,2025.945
2026-08-12 20:08:53.445706,3274.805,2025.945,2022.368
2026-08-12 20:08:54.445706,3275.805,2016.698,2017.845
2026-08-12 20:08:55.445706,3276.805,2014.943,2016.698
2026-08-12 20:08:56.445706,3277.805,2017.845,2014.943
2026-08-12 20:08:57.445706,3278.805,2007.585,2010.758
2026-08-12 20:08:58.445706,3279.805,2010.758,2007.585
2026-08-12 20:08:59.445706,3280.805,2005.425,2005.425
2026-08-12 20:09:00.445706,3281.805,1997.933,2002.050
2026-08-12 20:09:01.445706,3282.805,2002.050,1998.810
2026-08-12 20:09:02.445706,3283.805,1998.810,1997.933
2026-08-12 20:09:03.445706,3284.805,1994.625,1994.625
2026-08-12 20:09:04.445706,3285.805,1992.195,1993.883
2026-08-12 20:09:05.445706,3286.805,1993.883,1992.195
2026-08-12 20:09:06.445706,3287.805,1991.115,1991.115
2026-08-12 20:09:07.445706,3288.805,1987.605,1987.605
2026-08-12 20:09:08.445706,3289.805,1986.593,1986.593
2026-08-12 20:09:09.445706,3290.805,1979.775,1980.518
2026-08-12 20:09:10.445706,3291.805,1980.518,1979.775
2026-08-12 20:09:11.445706,3292.805,1971.135,1973.498
2026-08-12 20:09:12.445706,3293.805,1973.498,1971.135
2026-08-12 20:09:13.445706,3294.805,1970.258,1971.135
2026-08-12 20:09:14.445706,3295.805,1971.135,1970.258
2026-08-12 20:09:15.445706,3296.805,1963.508,1967.828
2026-08-12 20:09:16.445706,3297.805,1967.828,1963.508
2026-08-12 20:09:17.445706,3298.805,1962.968,1962.968
2026-08-12 20:09:18.445706,3299.805,1960.875,1960.875
2026-08-12 20:09:19.445706,3300.805,1956.488,1956.488
2026-08-12 20:09:20.445706,3301.805,1954.260,1954.260
2026-08-12 20:09:21.445706,3302.805,1947.375,1952.708
2026-08-12 20:09:22.445706,3303.805,1952.708,1947.375
2026-08-12 20:09:23.445706,3304.805,1943.325,1943.595
2026-08-12 20:09:24.445706,3305.805,1943.595,1943.325
2026-08-12 20:09:25.445706,3306.805,1940.895,1941.975
2026-08-12 20:09:26.445706,3307.805,1935.968,1940.895
2026-08-12 20:09:27.445706,3308.805,1941.975,1936.778
2026-08-12 20:09:28.445706,3309.805,1936.778,1935.968
2026-08-12 20:09:29.445706,3310.805,1931.310,1931.310
2026-08-12 20:09:30.445706,3311.805,1927.125,1929.353
2026-08-12 20:09:31.445706,3312.805,1929.353,1927.733
2026-08-12 20:09:32.445706,3313.805,1923.818,1927.125
2026-08-12 20:09:33.445706,3314.805,1927.733,1925.168
2026-08-12 20:09:34.445706,3315.805,1925.168,1923.818
2026-08-12 20:09:35.445706,3316.805,1916.190,1916.595
2026-08-12 20:09:36.445706,3317.805,1912.545,1916.190
2026-08-12 20:09:37.445706,3318.805,1913.423,1913.423
2026-08-12 20:09:38.445706,3319.805,1916.595,1912.545
2026-08-12 20:09:39.445706,3320.805,1910.250,1910.250
2026-08-12 20:09:40.445706,3321.805,1900.935,1907.955
2026-08-12 20:09:41.445706,3322.805,1907.955,1906.268
2026-08-12 20:09:42.445706,3323.805,1906.268,1900.935
2026-08-12 20:09:43.445706,3324.805,1897.155,1897.155
2026-08-12 20:09:44.445706,3325.805,1893.038,1893.915
2026-08-12 20:09:45.445706,3326.805,1893.645,1893.645
2026-08-12 20:09:46.445706,3327.805,1893.915,1893.038
2026-08-12 20:09:47.445706,3328.805,1889.393,1891.013
2026-08-12 20:09:48.445706,3329.805,1891.013,1889.393
2026-08-12 20:09:49.445706,3330.805,1888.920,1888.920
2026-08-12 20:09:50.445706,3331.805,1881.428,1885.005
2026-08-12 20:09:51.445706,3332.805,1885.005,1881.428
2026-08-12 20:09:52.445706,3333.805,1877.040,1877.040
2026-08-12 20:09:53.445706,3334.805,1874.340,1874.340
2026-08-12 20:09:54.445706,3335.805,1867.118,1871.100
2026-08-12 20:09:55.445706,3336.805,1871.100,1868.400
2026-08-12 20:09:56.445706,3337.805,1867.050,1867.118
2026-08-12 20:09:57.445706,3338.805,1868.400,1867.050
2026-08-12 20:09:58.445706,3339.805,1859.963,1863.675
2026-08-12 20:09:59.445706,3340.805,1863.675,1860.165
2026-08-12 20:10:00.445706,3341.805,1860.165,1859.963
2026-08-12 20:10:01.445706,3342.805,1857.060,1857.060
2026-08-12 20:10:02.445706,3343.805,1850.648,1851.120
2026-08-12 20:10:03.445706,3344.805,1851.120,1850.648
2026-08-12 20:10:04.445706,3345.805,1846.530,1847.273
2026-08-12 20:10:05.445706,3346.805,1847.273,1846.530
2026-08-12 20:10:06.445706,3347.805,1845.518,1845.518
2026-08-12 20:10:07.445706,3348.805,1841.063,1841.063
2026-08-12 20:10:08.445706,3349.805,1838.160,1838.835
2026-08-12 20:10:09.445706,3350.805,1838.498,1838.498
2026-08-12 20:10:10.445706,3351.805,1836.068,1838.160
2026-08-12 20:10:11.445706,3352.805,1838.835,1836.068
2026-08-12 20:10:12.445706,3353.805,1834.448,1834.448
2026-08-12 20:10:13.445706,3354.805,1826.415,1826.415
2026-08-12 20:10:14.445706,3355.805,1824.998,1824.998
2026-08-12 20:10:15.445706,3356.805,1822.298,1822.298
2026-08-12 20:10:16.445706,3357.805,1819.733,1819.733
2026-08-12 20:10:17.445706,3358.805,1818.045,1818.045
2026-08-12 20:10:18.445706,3359.805,1814.130,1817.573
2026-08-12 20:10:19.445706,3360.805,1817.573,1814.130
2026-08-12 20:10:20.445706,3361.805,1813.455,1813.455
2026-08-12 20:10:21.445706,3362.805,1811.700,1811.700
2026-08-12 20:10:22.445706,3363.805,1803.465,1806.300
2026-08-12 20:10:23.445706,3364.805,1806.300,1803.465
2026-08-12 20:10:24.445706,3365.805,1796.918,1800.630
2026-08-12 20:10:25.445706,3366.805,1800.630,1796.918
2026-08-12 20:10:26.445706,3367.805,1792.868,1792.868
2026-08-12 20:10:27.445706,3368.805,1792.733,1792.733
2026-08-12 20:10:28.445706,3369.805,1786.118,1787.198
2026-08-12 20:10:29.445706,3370.805,1787.198,1786.118
2026-08-12 20:10:30.445706,3371.805,1781.258,1782.540
2026-08-12 20:10:31.445706,3372.805,1778.355,1781.258
2026-08-12 20:10:32.445706,3373.805,1782.540,1779.030
2026-08-12 20:10:33.445706,3374.805,1779.030,1778.355
2026-08-12 20:10:34.445706,3375.805,1771.673,1773.428
2026-08-12 20:10:35.445706,3376.805,1772.685,1772.685
2026-08-12 20:10:36.445706,3377.805,1773.428,1771.673
2026-08-12 20:10:37.445706,3378.805,1768.635,1769.243
2026-08-12 20:10:38.445706,3379.805,1769.243,1768.635
2026-08-12 20:10:39.445706,3380.805,1766.070,1766.070
2026-08-12 20:10:40.445706,3381.805,1765.868,1765.868
2026-08-12 20:10:41.445706,3382.805,1760.468,1760.468
2026-08-12 20:10:42.445706,3383.805,1755.743,1758.443
2026-08-12 20:10:43.445706,3384.805,1757.025,1757.025
2026-08-12 20:10:44.445706,3385.805,1758.443,1755.743
2026-08-12 20:10:45.445706,3386.805,1667.858,1751.288
2026-08-12 20:10:46.445706,3387.805,1751.288,1748.385
2026-08-12 20:10:47.445706,3388.805,1748.385,1744.403
2026-08-12 20:10:48.445706,3389.805,1744.403,1744.268
2026-08-12 20:10:49.445706,3390.805,1744.268,1739.678
2026-08-12 20:10:50.445706,3391.805,1736.033,1738.800
2026-08-12 20:10:51.445706,3392.805,1739.678,1736.033
2026-08-12 20:10:52.445706,3393.805,1738.800,1732.793
2026-08-12 20:10:53.445706,3394.805,1732.793,1732.793
2026-08-12 20:10:54.445706,3395.805,1732.388,1732.388
2026-08-12 20:10:55.445706,3396.805,1731.848,1731.848
2026-08-12 20:10:56.445706,3397.805,1728.473,1728.473
2026-08-12 20:10:57.445706,3398.805,1721.588,1726.650
2026-08-12 20:10:58.445706,3399.805,1726.650,1721.588
2026-08-12 20:10:59.445706,3400.805,1719.968,1719.968
2026-08-12 20:11:00.445706,3401.805,1715.175,1719.158
2026-08-12 20:11:01.445706,3402.805,1719.158,1715.175
2026-08-12 20:11:02.445706,3403.805,1711.868,1711.868
2026-08-12 20:11:03.445706,3404.805,1707.750,1709.168
2026-08-12 20:11:04.445706,3405.805,1709.168,1707.750
2026-08-12 20:11:05.445706,3406.805,1705.928,1705.928
2026-08-12 20:11:06.445706,3407.805,1702.283,1704.443
2026-08-12 20:11:07.445706,3408.805,1704.240,1704.240
2026-08-12 20:11:08.445706,3409.805,1704.443,1702.283
2026-08-12 20:11:09.445706,3410.805,1695.668,1697.153
2026-08-12 20:11:10.445706,3411.805,1697.153,1695.668
2026-08-12 20:11:11.445706,3412.805,1694.183,1694.183
2026-08-12 20:11:12.445706,3413.805,1687.433,1689.525
2026-08-12 20:11:13.445706,3414.805,1689.525,1687.433
2026-08-12 20:11:14.445706,3415.805,1685.070,1685.880
2026-08-12 20:11:15.445706,3416.805,1685.880,1685.070
2026-08-12 20:11:16.445706,3417.805,1681.628,1681.628
2026-08-12 20:11:17.445706,3418.805,1674.270,1680.143
2026-08-12 20:11:18.445706,3419.805,1680.143,1677.713
2026-08-12 20:11:19.445706,3420.805,1674.270,1675.080
2026-08-12 20:11:20.445706,3421.805,1677.713,1674.270
2026-08-12 20:11:21.445706,3422.805,1675.080,1674.270
2026-08-12 20:11:22.445706,3423.805,1669.748,1670.085
2026-08-12 20:11:23.445706,3424.805,1670.085,1669.748
2026-08-12 20:11:24.445706,3425.805,1667.385,1669.073
2026-08-12 20:11:25.445706,3426.805,1669.073,1667.385
2026-08-12 20:11:26.445706,3427.805,1659.825,1659.825
2026-08-12 20:11:27.445706,3428.805,1658.678,1658.678
2026-08-12 20:11:28.445706,3429.805,1656.045,1656.045
2026-08-12 20:11:29.445706,3430.805,1653.615,1653.615
2026-08-12 20:11:30.445706,3431.805,1653.548,1653.548
2026-08-12 20:11:31.445706,3432.805,1648.688,1648.688
2026-08-12 20:11:32.445706,3433.805,1647.473,1647.540
2026-08-12 20:11:33.445706,3434.805,1641.128,1647.473
2026-08-12 20:11:34.445706,3435.805,1642.005,1642.005
2026-08-12 20:11:35.445706,3436.805,1647.540,1641.263
2026-08-12 20:11:36.445706,3437.805,1641.263,1641.128
2026-08-12 20:11:37.445706,3438.805,1638.698,1639.575
2026-08-12 20:11:38.445706,3439.805,1637.550,1638.698
2026-08-12 20:11:39.445706,3440.805,1639.575,1637.550
2026-08-12 20:11:40.445706,3441.805,1636.808,1636.808
2026-08-12 20:11:41.445706,3442.805,1628.573,1628.573
2026-08-12 20:11:42.445706,3443.805,1628.033,1628.033
2026-08-12 20:11:43.445706,3444.805,1625.468,1625.468
2026-08-12 20:11:44.445706,3445.805,1623.038,1623.780
2026-08-12 20:11:45.445706,3446.805,1623.780,1623.038
2026-08-12 20:11:46.445706,3447.805,1622.633,1622.633
2026-08-12 20:11:47.445706,3448.805,1617.233,1618.650
2026-08-12 20:11:48.445706,3449.805,1618.650,1617.233
2026-08-12 20:11:49.445706,3450.805,1615.680,1615.680
2026-08-12 20:11:50.445706,3451.805,1611.833,1611.833
2026-08-12 20:11:51.445706,3452.805,1604.475,1609.403
2026-08-12 20:11:52.445706,3453.805,1609.403,1604.475
2026-08-12 20:11:53.445706,3454.805,1604.273,1604.273
2026-08-12 20:11:54.445706,3455.805,1599.885,1603.598
2026-08-12 20:11:55.445706,3456.805,1603.598,1599.885
2026-08-12 20:11:56.445706,3457.805,1598.468,1598.468
2026-08-12 20:11:57.445706,3458.805,1596.173,1596.173
2026-08-12 20:11:58.445706,3459.805,1595.160,1595.160
2026-08-12 20:11:59.445706,3460.805,1588.613,1594.755
2026-08-12 20:12:00.445706,3461.805,1594.755,1588.613
2026-08-12 20:12:01.445706,3462.805,1587.938,1587.938
2026-08-12 20:12:02.445706,3463.805,1585.980,1585.980
2026-08-12 20:12:03.445706,3464.805,1584.225,1584.630
2026-08-12 20:12:04.445706,3465.805,1584.630,1584.225
2026-08-12 20:12:05.445706,3466.805,1579.433,1579.433
2026-08-12 20:12:06.445706,3467.805,1573.155,1577.745
2026-08-12 20:12:07.445706,3468.805,1574.775,1574.775
2026-08-12 20:12:08.445706,3469.805,1571.535,1573.155
2026-08-12 20:12:09.445706,3470.805,1577.745,1571.535
2026-08-12 20:12:10.445706,3471.805,1569.983,1569.983
2026-08-12 20:12:11.445706,3472.805,1565.460,1565.460
2026-08-12 20:12:12.445706,3473.805,1563.570,1563.570
2026-08-12 20:12:13.445706,3474.805,1561.950,1563.030
2026-08-12 20:12:14.445706,3475.805,1563.030,1561.950
2026-08-12 20:12:15.445706,3476.805,1559.048,1559.048
2026-08-12 20:12:16.445706,3477.805,1557.765,1557.833
2026-08-12 20:12:17.445706,3478.805,1557.833,1557.765
2026-08-12 20:12:18.445706,3479.805,1548.113,1550.273
2026-08-12 20:12:19.445706,3480.805,1550.273,1549.530
2026-08-12 20:12:20.445706,3481.805,1546.493,1548.113
2026-08-12 20:12:21.445706,3482.805,1549.530,1546.493
2026-08-12 20:12:22.445706,3483.805,1540.958,1540.958
2026-08-12 20:12:23.445706,3484.805,1537.313,1540.620
2026-08-12 20:12:24.445706,3485.805,1540.620,1537.988
2026-08-12 20:12:25.445706,3486.805,1534.680,1537.313
2026-08-12 20:12:26.445706,3487.805,1535.153,1535.153
2026-08-12 20:12:27.445706,3488.805,1537.988,1534.680
2026-08-12 20:12:28.445706,3489.805,1533.465,1534.343
2026-08-12 20:12:29.445706,3490.805,1534.343,1533.465
2026-08-12 20:12:30.445706,3491.805,1525.973,1532.993
2026-08-12 20:12:31.445706,3492.805,1532.993,1525.973
2026-08-12 20:12:32.445706,3493.805,1523.138,1524.015
2026-08-12 20:12:33.445706,3494.805,1524.015,1523.340
2026-08-12 20:12:34.445706,3495.805,1523.340,1523.138
2026-08-12 20:12:35.445706,3496.805,1521.990,1521.990
2026-08-12 20:12:36.445706,3497.805,1514.025,1514.025
2026-08-12 20:12:37.445706,3498.805,1508.423,1509.233
2026-08-12 20:12:38.445706,3499.805,1509.233,1508.423
2026-08-12 20:12:39.445706,3500.805,1506.668,1506.668
2026-08-12 20:12:40.445706,3501.805,1502.888,1505.723
2026-08-12 20:12:41.445706,3502.805,1505.723,1502.888
2026-08-12 20:12:42.445706,3503.805,1500.593,1500.593
2026-08-12 20:12:43.445706,3504.805,1497.825,1500.525
2026-08-12 20:12:44.445706,3505.805,1500.525,1497.825
2026-08-12 20:12:45.445706,3506.805,1496.205,1496.205
2026-08-12 20:12:46.445706,3507.805,1493.438,1493.438
2026-08-12 20:12:47.445706,3508.805,1489.320,1489.320
2026-08-12 20:12:48.445706,3509.805,1481.625,1486.215
2026-08-12 20:12:49.445706,3510.805,1485.945,1485.945
2026-08-12 20:12:50.445706,3511.805,1486.215,1483.583
2026-08-12 20:12:51.445706,3512.805,1479.128,1482.840
2026-08-12 20:12:52.445706,3513.805,1482.840,1481.625
2026-08-12 20:12:53.445706,3514.805,1483.583,1479.128
2026-08-12 20:12:54.445706,3515.805,1478.385,1478.385
2026-08-12 20:12:55.445706,3516.805,1473.998,1473.998
2026-08-12 20:12:56.445706,3517.805,1472.850,1472.850
2026-08-12 20:12:57.445706,3518.805,1469.070,1470.218
2026-08-12 20:12:58.445706,3519.805,1470.218,1469.070
2026-08-12 20:12:59.445706,3520.805,1468.733,1468.733
2026-08-12 20:13:00.445706,3521.805,1464.345,1464.345
2026-08-12 20:13:01.445706,3522.805,1461.443,1461.443
2026-08-12 20:13:02.445706,3523.805,1453.815,1455.570
2026-08-12 20:13:03.445706,3524.805,1455.503,1455.503
2026-08-12 20:13:04.445706,3525.805,1452.263,1453.815
2026-08-12 20:13:05.445706,3526.805,1452.533,1452.533
2026-08-12 20:13:06.445706,3527.805,1455.570,1452.263
2026-08-12 20:13:07.445706,3528.805,1452.263,1452.263
2026-08-12 20:13:08.445706,3529.805,1447.065,1448.280
2026-08-12 20:13:09.445706,3530.805,1448.280,1447.065
2026-08-12 20:13:10.445706,3531.805,1443.420,1443.420
2026-08-12 20:13:11.445706,3532.805,1442.070,1442.070
2026-08-12 20:13:12.445706,3533.805,1441.665,1441.665
2026-08-12 20:13:13.445706,3534.805,1439.978,1439.978
2026-08-12 20:13:14.445706,3535.805,1433.295,1434.240
2026-08-12 20:13:15.445706,3536.805,1434.240,1433.295
2026-08-12 20:13:16.445706,3537.805,1431.405,1431.405
2026-08-12 20:13:17.445706,3538.805,1428.030,1428.030
2026-08-12 20:13:18.445706,3539.805,1427.153,1427.153
2026-08-12 20:13:19.445706,3540.805,1425.398,1425.398
2026-08-12 20:13:20.445706,3541.805,1423.980,1423.980
2026-08-12 20:13:21.445706,3542.805,1417.163,1421.955
2026-08-12 20:13:22.445706,3543.805,1421.955,1419.998
2026-08-12 20:13:23.445706,3544.805,1419.998,1417.163
2026-08-12 20:13:24.445706,3545.805,1415.408,1415.408
2026-08-12 20:13:25.445706,3546.805,1414.868,1414.868
2026-08-12 20:13:26.445706,3547.805,1410.480,1410.480
2026-08-12 20:13:27.445706,3548.805,1404.405,1410.413
2026-08-12 20:13:28.445706,3549.805,1410.413,1407.780
2026-08-12 20:13:29.445706,3550.805,1406.025,1406.025
2026-08-12 20:13:30.445706,3551.805,1404.000,1404.405
2026-08-12 20:13:31.445706,3552.805,1407.780,1404.000
2026-08-12 20:13:32.445706,3553.805,1401.975,1401.975
2026-08-12 20:13:33.445706,3554.805,1398.870,1399.343
2026-08-12 20:13:34.445706,3555.805,1399.343,1398.870
2026-08-12 20:13:35.445706,3556.805,1392.458,1394.280
2026-08-12 20:13:36.445706,3557.805,1393.200,1393.200
2026-08-12 20:13:37.445706,3558.805,1391.580,1392.458
2026-08-12 20:13:38.445706,3559.805,1394.280,1391.580
2026-08-12 20:13:39.445706,3560.805,1384.628,1386.450
2026-08-12 20:13:40.445706,3561.805,1385.505,1385.505
2026-08-12 20:13:41.445706,3562.805,1386.450,1384.628
2026-08-12 20:13:42.445706,3563.805,1374.570,1375.650
2026-08-12 20:13:43.445706,3564.805,1373.760,1374.840
2026-08-12 20:13:44.445706,3565.805,1373.828,1374.570
2026-08-12 20:13:45.445706,3566.805,1375.650,1374.503
2026-08-12 20:13:46.445706,3567.805,1374.840,1373.828
2026-08-12 20:13:47.445706,3568.805,1374.503,1373.760
2026-08-12 20:13:48.445706,3569.805,1372.545,1372.545
2026-08-12 20:13:49.445706,3570.805,1365.863,1365.863
2026-08-12 20:13:50.445706,3571.805,1365.660,1365.660
2026-08-12 20:13:51.445706,3572.805,1363.298,1363.298
2026-08-12 20:13:52.445706,3573.805,1358.100,1359.315
2026-08-12 20:13:53.445706,3574.805,1359.315,1358.100
2026-08-12 20:13:54.445706,3575.805,1355.130,1355.130
2026-08-12 20:13:55.445706,3576.805,1352.363,1352.363
2026-08-12 20:13:56.445706,3577.805,1350.608,1350.608
2026-08-12 20:13:57.445706,3578.805,1348.380,1348.380
2026-08-12 20:13:58.445706,3579.805,1348.380,1348.380
2026-08-12 20:13:59.445706,3580.805,1342.238,1346.828
2026-08-12 20:14:00.445706,3581.805,1346.828,1342.238
2026-08-12 20:14:01.445706,3582.805,1339.200,1340.618
2026-08-12 20:14:02.445706,3583.805,1340.213,1340.213
2026-08-12 20:14:03.445706,3584.805,1340.618,1339.200
2026-08-12 20:14:04.445706,3585.805,1336.838,1336.838
2026-08-12 20:14:05.445706,3586.805,1331.910,1332.585
2026-08-12 20:14:06.445706,3587.805,1332.585,1331.910
2026-08-12 20:14:07.445706,3588.805,1331.843,1331.843
2026-08-12 20:14:08.445706,3589.805,1325.768,1326.780
2026-08-12 20:14:09.445706,3590.805,1326.375,1326.375
2026-08-12 20:14:10.445706,3591.805,1326.780,1325.768
2026-08-12 20:14:11.445706,3592.805,1322.932,1322.932
2026-08-12 20:14:12.445706,3593.805,1322.123,1322.123
2026-08-12 20:14:13.445706,3594.805,1318.680,1318.680
2026-08-12 20:14:14.445706,3595.805,1313.550,1313.550
2026-08-12 20:14:15.445706,3596.805,1310.648,1312.538
2026-08-12 20:14:16.445706,3597.805,1312.065,1312.065
2026-08-12 20:14:17.445706,3598.805,1312.538,1310.648
2026-08-12 20:14:18.445706,3599.805,1306.665,1306.665
2026-08-12 20:14:19.445706,3600.805,1303.425,1303.493
2026-08-12 20:14:20.445706,3601.805,1303.493,1303.425
2026-08-12 20:14:21.445706,3602.805,1303.155,1303.155
2026-08-12 20:14:22.445706,3603.805,1302.548,1302.548
2026-08-12 20:14:23.445706,3604.805,1300.725,1300.725
2026-08-12 20:14:24.445706,3605.805,1292.693,1295.325
2026-08-12 20:14:25.445706,3606.805,1295.325,1292.693
2026-08-12 20:14:26.445706,3607.805,1291.208,1291.208
2026-08-12 20:14:27.445706,3608.805,1287.968,1290.870
2026-08-12 20:14:28.445706,3609.805,1290.870,1288.035
2026-08-12 20:14:29.445706,3610.805,1288.035,1287.968
2026-08-12 20:14:30.445706,3611.805,1286.685,1287.495
2026-08-12 20:14:31.445706,3612.805,1287.495,1286.685
2026-08-12 20:14:32.445706,3613.805,1282.568,1282.568
2026-08-12 20:14:33.445706,3614.805,1277.438,1277.438
2026-08-12 20:14:34.445706,3615.805,1277.235,1277.235
2026-08-12 20:14:35.445706,3616.805,1273.995,1277.235
2026-08-12 20:14:36.445706,3617.805,1277.235,1273.995
2026-08-12 20:14:37.445706,3618.805,1273.185,1273.185
2026-08-12 20:14:38.445706,3619.805,1272.578,1272.578
2026-08-12 20:14:39.445706,3620.805,1271.025,1271.025
2026-08-12 20:14:40.445706,3621.805,1268.325,1268.325
2026-08-12 20:14:41.445706,3622.805,1262.115,1264.748
2026-08-12 20:14:42.445706,3623.805,1264.410,1264.410
2026-08-12 20:14:43.445706,3624.805,1264.748,1262.115
2026-08-12 20:14:44.445706,3625.805,1261.643,1261.643
2026-08-12 20:14:45.445706,3626.805,1252.800,1258.065
2026-08-12 20:14:46.445706,3627.805,1258.065,1253.003
2026-08-12 20:14:47.445706,3628.805,1253.003,1252.868
2026-08-12 20:14:48.445706,3629.805,1252.530,1252.800
2026-08-12 20:14:49.445706,3630.805,1252.868,1252.530
2026-08-12 20:14:50.445706,3631.805,1252.193,1252.193
2026-08-12 20:14:51.445706,3632.805,1243.215,1247.265
2026-08-12 20:14:52.445706,3633.805,1247.265,1243.215
2026-08-12 20:14:53.445706,3634.805,1240.920,1240.920
2026-08-12 20:14:54.445706,3635.805,1239.638,1239.638
2026-08-12 20:14:55.445706,3636.805,1239.368,1239.368
2026-08-12 20:14:56.445706,3637.805,1236.398,1236.398
2026-08-12 20:14:57.445706,3638.805,1232.753,1232.753
2026-08-12 20:14:58.445706,3639.805,1231.605,1231.605
2026-08-12 20:14:59.445706,3640.805,1229.985,1230.930
2026-08-12 20:15:00.445706,3641.805,1227.960,1229.985
2026-08-12 20:15:01.445706,3642.805,1230.930,1229.108
2026-08-12 20:15:02.445706,3643.805,1229.108,1227.960
2026-08-12 20:15:03.445706,3644.805,1225.868,1225.868
2026-08-12 20:15:04.445706,3645.805,1223.100,1223.100
2026-08-12 20:15:05.445706,3646.805,1222.493,1222.493
2026-08-12 20:15:06.445706,3647.805,1221.413,1221.413
2026-08-12 20:15:07.445706,3648.805,1216.958,1218.240
2026-08-12 20:15:08.445706,3649.805,1217.700,1217.700
2026-08-12 20:15:09.445706,3650.805,1218.240,1216.958
2026-08-12 20:15:10.445706,3651.805,1213.245,1213.245
2026-08-12 20:15:11.445706,3652.805,1209.533,1209.533
2026-08-12 20:15:12.445706,3653.805,1206.023,1206.023
2026-08-12 20:15:13.445706,3654.805,1205.145,1205.145
2026-08-12 20:15:14.445706,3655.805,1203.660,1204.200
2026-08-12 20:15:15.445706,3656.805,1204.200,1203.660
2026-08-12 20:15:16.445706,3657.805,1202.783,1202.783
2026-08-12 20:15:17.445706,3658.805,1202.040,1202.040
2026-08-12 20:15:18.445706,3659.805,1200.488,1200.488
2026-08-12 20:15:19.445706,3660.805,1197.383,1197.383
2026-08-12 20:15:20.445706,3661.805,1196.033,1196.033
2026-08-12 20:15:21.445706,3662.805,1189.485,1191.105
2026-08-12 20:15:22.445706,3663.805,1191.105,1189.485
2026-08-12 20:15:23.445706,3664.805,1187.663,1187.663
2026-08-12 20:15:24.445706,3665.805,1186.043,1186.043
2026-08-12 20:15:25.445706,3666.805,1184.288,1184.625
2026-08-12 20:15:26.445706,3667.805,1184.625,1184.288
2026-08-12 20:15:27.445706,3668.805,1180.845,1180.845
2026-08-12 20:15:28.445706,3669.805,1180.710,1180.710
2026-08-12 20:15:29.445706,3670.805,1175.513,1175.513
2026-08-12 20:15:30.445706,3671.805,1173.015,1175.445
2026-08-12 20:15:31.445706,3672.805,1170.180,1173.015
2026-08-12 20:15:32.445706,3673.805,1166.873,1170.180
2026-08-12 20:15:33.445706,3674.805,1175.445,1166.873
2026-08-12 20:15:34.445706,3675.805,1165.118,1165.118
2026-08-12 20:15:35.445706,3676.805,1163.633,1163.903
2026-08-12 20:15:36.445706,3677.805,1163.903,1163.633
2026-08-12 20:15:37.445706,3678.805,1162.418,1162.418
2026-08-12 20:15:38.445706,3679.805,1155.330,1159.785
2026-08-12 20:15:39.445706,3680.805,1159.785,1158.503
2026-08-12 20:15:40.445706,3681.805,1158.503,1155.330
2026-08-12 20:15:41.445706,3682.805,1149.525,1152.833
2026-08-12 20:15:42.445706,3683.805,1152.833,1150.943
2026-08-12 20:15:43.445706,3684.805,1145.745,1150.200
2026-08-12 20:15:44.445706,3685.805,1150.200,1149.525
2026-08-12 20:15:45.445706,3686.805,1150.943,1145.745
2026-08-12 20:15:46.445706,3687.805,1145.677,1145.677
2026-08-12 20:15:47.445706,3688.805,1142.910,1142.910
2026-08-12 20:15:48.445706,3689.805,1141.425,1141.965
2026-08-12 20:15:49.445706,3690.805,1141.965,1141.425
2026-08-12 20:15:50.445706,3691.805,1138.185,1138.185
2026-08-12 20:15:51.445706,3692.805,1136.903,1136.903
2026-08-12 20:15:52.445706,3693.805,1134.608,1134.608
2026-08-12 20:15:53.445706,3694.805,1132.110,1134.270
2026-08-12 20:15:54.445706,3695.805,1130.355,1132.110
2026-08-12 20:15:55.445706,3696.805,1134.270,1130.355
2026-08-12 20:15:56.445706,3697.805,1127.858,1129.140
2026-08-12 20:15:57.445706,3698.805,1129.140,1127.858
2026-08-12 20:15:58.445706,3699.805,1120.770,1121.513
2026-08-12 20:15:59.445706,3700.805,1121.513,1121.108
2026-08-12 20:16:00.445706,3701.805,1121.108,1120.770
2026-08-12 20:16:01.445706,3702.805,1118.475,1119.285
2026-08-12 20:16:02.445706,3703.805,1119.285,1118.475
2026-08-12 20:16:03.445706,3704.805,1114.493,1114.493
2026-08-12 20:16:04.445706,3705.805,1110.240,1112.670
2026-08-12 20:16:05.445706,3706.805,1112.670,1110.240
2026-08-12 20:16:06.445706,3707.805,1108.350,1109.970
2026-08-12 20:16:07.445706,3708.805,1109.970,1108.350
2026-08-12 20:16:08.445706,3709.805,1106.460,1106.460
2026-08-12 20:16:09.445706,3710.805,1098.225,1101.802
2026-08-12 20:16:10.445706,3711.805,1101.802,1098.360
2026-08-12 20:16:11.445706,3712.805,1098.360,1098.225
2026-08-12 20:16:12.445706,3713.805,1096.403,1096.605
2026-08-12 20:16:13.445706,3714.805,1096.605,1096.403
2026-08-12 20:16:14.445706,3715.805,1091.948,1095.052
2026-08-12 20:16:15.445706,3716.805,1095.052,1091.948
2026-08-12 20:16:16.445706,3717.805,1091.070,1091.070
2026-08-12 20:16:17.445706,3718.805,1087.965,1089.450
2026-08-12 20:16:18.445706,3719.805,1089.450,1087.965
2026-08-12 20:16:19.445706,3720.805,1087.155,1087.155
2026-08-12 20:16:20.445706,3721.805,1085.738,1085.738
2026-08-12 20:16:21.445706,3722.805,1083.375,1083.375
2026-08-12 20:16:22.445706,3723.805,1074.330,1079.730
2026-08-12 20:16:23.445706,3724.805,1079.730,1077.233
2026-08-12 20:16:24.445706,3725.805,1077.233,1074.330
2026-08-12 20:16:25.445706,3726.805,1072.035,1072.305
2026-08-12 20:16:26.445706,3727.805,1072.305,1072.035
2026-08-12 20:16:27.445706,3728.805,1069.335,1070.348
2026-08-12 20:16:28.445706,3729.805,1070.348,1069.943
2026-08-12 20:16:29.445706,3730.805,1069.943,1069.335
2026-08-12 20:16:30.445706,3731.805,1066.230,1066.230
2026-08-12 20:16:31.445706,3732.805,1066.163,1066.163
2026-08-12 20:16:32.445706,3733.805,1062.720,1062.720
2026-08-12 20:16:33.445706,3734.805,1059.818,1060.560
2026-08-12 20:16:34.445706,3735.805,1060.560,1059.818
2026-08-12 20:16:35.445706,3736.805,1055.835,1056.307
2026-08-12 20:16:36.445706,3737.805,1056.307,1055.835
2026-08-12 20:16:37.445706,3738.805,1050.165,1052.528
2026-08-12 20:16:38.445706,3739.805,1052.528,1050.165
2026-08-12 20:16:39.445706,3740.805,1049.693,1049.693
2026-08-12 20:16:40.445706,3741.805,1046.115,1046.115
2026-08-12 20:16:41.445706,3742.805,1044.427,1046.047
2026-08-12 20:16:42.445706,3743.805,1046.047,1044.427
2026-08-12 20:16:43.445706,3744.805,1041.930,1043.145
2026-08-12 20:16:44.445706,3745.805,1040.580,1041.930
2026-08-12 20:16:45.445706,3746.805,1043.145,1040.850
2026-08-12 20:16:46.445706,3747.805,1040.850,1040.580
2026-08-12 20:16:47.445706,3748.805,1033.830,1033.830
2026-08-12 20:16:48.445706,3749.805,1033.020,1033.020
2026-08-12 20:16:49.445706,3750.805,1029.983,1029.983
2026-08-12 20:16:50.445706,3751.805,1024.515,1026.135
2026-08-12 20:16:51.445706,3752.805,1026.135,1026.135
2026-08-12 20:16:52.445706,3753.805,1026.135,1024.650
2026-08-12 20:16:53.445706,3754.805,1024.650,1024.515
2026-08-12 20:16:54.445706,3755.805,1023.165,1023.165
2026-08-12 20:16:55.445706,3756.805,1019.858,1020.398
2026-08-12 20:16:56.445706,3757.805,1017.225,1019.858
2026-08-12 20:16:57.445706,3758.805,1020.398,1017.968
2026-08-12 20:16:58.445706,3759.805,1017.968,1017.225
2026-08-12 20:16:59.445706,3760.805,1008.450,1011.960
2026-08-12 20:17:00.445706,3761.805,1011.083,1011.083
2026-08-12 20:17:01.445706,3762.805,1011.960,1010.138
2026-08-12 20:17:02.445706,3763.805,1008.585,1009.463
2026-08-12 20:17:03.445706,3764.805,1009.463,1008.585
2026-08-12 20:17:04.445706,3765.805,1010.138,1008.450
2026-08-12 20:17:05.445706,3766.805,1003.928,1005.008
2026-08-12 20:17:06.445706,3767.805,1005.008,1003.928
2026-08-12 20:17:07.445706,3768.805,1003.590,1003.590
2026-08-12 20:17:08.445706,3769.805,1002.983,1002.983
2026-08-12 20:17:09.445706,3770.805,1000.620,1000.620
2026-08-12 20:17:10.445706,3771.805,998.730,998.730
2026-08-12 20:17:11.445706,3772.805,997.718,997.718
2026-08-12 20:17:12.445706,3773.805,993.398,993.398
2026-08-12 20:17:13.445706,3774.805,992.385,992.385
2026-08-12 20:17:14.445706,3775.805,989.280,990.630
2026-08-12 20:17:15.445706,3776.805,990.630,989.618
2026-08-12 20:17:16.445706,3777.805,989.618,989.280
2026-08-12 20:17:17.445706,3778.805,983.678,983.678
2026-08-12 20:17:18.445706,3779.805,982.530,982.530
2026-08-12 20:17:19.445706,3780.805,982.328,982.328
2026-08-12 20:17:20.445706,3781.805,982.260,982.260
2026-08-12 20:17:21.445706,3782.805,981.315,981.315
2026-08-12 20:17:22.445706,3783.805,980.370,980.370
2026-08-12 20:17:23.445706,3784.805,974.565,975.848
2026-08-12 20:17:24.445706,3785.805,975.848,974.565
2026-08-12 20:17:25.445706,3786.805,972.203,972.203
2026-08-12 20:17:26.445706,3787.805,970.583,970.583
2026-08-12 20:17:27.445706,3788.805,968.355,968.355
2026-08-12 20:17:28.445706,3789.805,963.833,966.600
2026-08-12 20:17:29.445706,3790.805,966.600,963.833
2026-08-12 20:17:30.445706,3791.805,960.728,961.605
2026-08-12 20:17:31.445706,3792.805,958.433,960.728
2026-08-12 20:17:32.445706,3793.805,961.605,958.973
2026-08-12 20:17:33.445706,3794.805,958.973,958.433
2026-08-12 20:17:34.445706,3795.805,955.125,955.125
2026-08-12 20:17:35.445706,3796.805,950.063,951.548
2026-08-12 20:17:36.445706,3797.805,948.375,950.063
2026-08-12 20:17:37.445706,3798.805,951.548,948.780
2026-08-12 20:17:38.445706,3799.805,948.780,948.375
2026-08-12 20:17:39.445706,3800.805,945.540,945.540
2026-08-12 20:17:40.445706,3801.805,941.760,943.515
2026-08-12 20:17:41.445706,3802.805,943.515,943.313
2026-08-12 20:17:42.445706,3803.805,937.373,941.760
2026-08-12 20:17:43.445706,3804.805,943.313,937.373
2026-08-12 20:17:44.445706,3805.805,936.563,936.563
2026-08-12 20:17:45.445706,3806.805,934.200,934.875
2026-08-12 20:17:46.445706,3807.805,931.635,934.200
2026-08-12 20:17:47.445706,3808.805,934.875,932.783
2026-08-12 20:17:48.445706,3809.805,932.783,932.580
2026-08-12 20:17:49.445706,3810.805,932.580,931.635
2026-08-12 20:17:50.445706,3811.805,929.003,929.003
2026-08-12 20:17:51.445706,3812.805,928.530,928.530
2026-08-12 20:17:52.445706,3813.805,925.358,925.358
2026-08-12 20:17:53.445706,3814.805,918.405,918.405
2026-08-12 20:17:54.445706,3815.805,917.865,917.865
2026-08-12 20:17:55.445706,3816.805,917.798,917.798
2026-08-12 20:17:56.445706,3817.805,915.435,917.055
2026-08-12 20:17:57.445706,3818.805,917.055,915.435
2026-08-12 20:17:58.445706,3819.805,913.478,915.098
2026-08-12 20:17:59.445706,3820.805,915.098,913.478
2026-08-12 20:18:00.445706,3821.805,907.200,907.268
2026-08-12 20:18:01.445706,3822.805,907.268,907.200
2026-08-12 20:18:02.445706,3823.805,903.623,906.053
2026-08-12 20:18:03.445706,3824.805,904.635,904.635
2026-08-12 20:18:04.445706,3825.805,906.053,903.623
2026-08-12 20:18:05.445706,3826.805,898.560,902.205
2026-08-12 20:18:06.445706,3827.805,901.328,901.328
2026-08-12 20:18:07.445706,3828.805,902.205,898.560
2026-08-12 20:18:08.445706,3829.805,896.265,896.265
2026-08-12 20:18:09.445706,3830.805,895.995,895.995
2026-08-12 20:18:10.445706,3831.805,893.430,894.375
2026-08-12 20:18:11.445706,3832.805,894.375,893.430
2026-08-12 20:18:12.445706,3833.805,888.638,890.258
2026-08-12 20:18:13.445706,3834.805,889.110,889.110
2026-08-12 20:18:14.445706,3835.805,890.258,888.638
2026-08-12 20:18:15.445706,3836.805,885.128,885.128
2026-08-12 20:18:16.445706,3837.805,883.508,883.508
2026-08-12 20:18:17.445706,3838.805,879.660,881.888
2026-08-12 20:18:18.445706,3839.805,881.888,881.145
2026-08-12 20:18:19.445706,3840.805,881.145,879.660
2026-08-12 20:18:20.445706,3841.805,874.733,875.610
2026-08-12 20:18:21.445706,3842.805,875.610,874.733
2026-08-12 20:18:22.445706,3843.805,872.168,872.168
2026-08-12 20:18:23.445706,3844.805,866.363,868.253
2026-08-12 20:18:24.445706,3845.805,866.700,868.050
2026-08-12 20:18:25.445706,3846.805,868.253,867.578
2026-08-12 20:18:26.445706,3847.805,867.578,866.700
2026-08-12 20:18:27.445706,3848.805,865.283,866.363
2026-08-12 20:18:28.445706,3849.805,868.050,865.283
2026-08-12 20:18:29.445706,3850.805,859.005,862.178
2026-08-12 20:18:30.445706,3851.805,861.233,861.233
2026-08-12 20:18:31.445706,3852.805,862.178,859.005
2026-08-12 20:18:32.445706,3853.805,855.900,855.900
2026-08-12 20:18:33.445706,3854.805,854.820,854.820
2026-08-12 20:18:34.445706,3855.805,851.850,851.850
2026-08-12 20:18:35.445706,3856.805,850.973,850.973
2026-08-12 20:18:36.445706,3857.805,848.880,848.880
2026-08-12 20:18:37.445706,3858.805,846.450,848.813
2026-08-12 20:18:38.445706,3859.805,848.813,846.450
2026-08-12 20:18:39.445706,3860.805,842.603,843.750
2026-08-12 20:18:40.445706,3861.805,843.750,842.603
2026-08-12 20:18:41.445706,3862.805,838.283,840.645
2026-08-12 20:18:42.445706,3863.805,840.645,838.350
2026-08-12 20:18:43.445706,3864.805,838.350,838.283
2026-08-12 20:18:44.445706,3865.805,834.503,835.448
2026-08-12 20:18:45.445706,3866.805,835.448,834.503
2026-08-12 20:18:46.445706,3867.805,832.748,832.748
2026-08-12 20:18:47.445706,3868.805,829.508,829.508
2026-08-12 20:18:48.445706,3869.805,827.213,827.213
2026-08-12 20:18:49.445706,3870.805,824.513,825.323
2026-08-12 20:18:50.445706,3871.805,825.323,824.513
2026-08-12 20:18:51.445706,3872.805,822.555,822.555
2026-08-12 20:18:52.445706,3873.805,822.218,822.353
2026-08-12 20:18:53.445706,3874.805,820.193,822.218
2026-08-12 20:18:54.445706,3875.805,818.033,820.193
2026-08-12 20:18:55.445706,3876.805,822.353,818.033
2026-08-12 20:18:56.445706,3877.805,817.290,817.290
2026-08-12 20:18:57.445706,3878.805,816.953,816.953
2026-08-12 20:18:58.445706,3879.805,814.928,814.928
2026-08-12 20:18:59.445706,3880.805,812.498,812.498
2026-08-12 20:19:00.445706,3881.805,809.393,809.393
2026-08-12 20:19:01.445706,3882.805,807.773,807.773
2026-08-12 20:19:02.445706,3883.805,806.288,806.288
2026-08-12 20:19:03.445706,3884.805,801.900,805.815
2026-08-12 20:19:04.445706,3885.805,805.815,802.238
2026-08-12 20:19:05.445706,3886.805,802.238,801.900
2026-08-12 20:19:06.445706,3887.805,798.863,798.863
2026-08-12 20:19:07.445706,3888.805,798.593,798.593
2026-08-12 20:19:08.445706,3889.805,794.610,794.610
2026-08-12 20:19:09.445706,3890.805,793.733,793.733
2026-08-12 20:19:10.445706,3891.805,790.695,792.315
2026-08-12 20:19:11.445706,3892.805,791.843,791.843
2026-08-12 20:19:12.445706,3893.805,792.315,790.695
2026-08-12 20:19:13.445706,3894.805,789.413,789.413
2026-08-12 20:19:14.445706,3895.805,784.688,786.915
2026-08-12 20:19:15.445706,3896.805,785.295,785.295
2026-08-12 20:19:16.445706,3897.805,786.915,784.688
2026-08-12 20:19:17.445706,3898.805,780.368,780.368
2026-08-12 20:19:18.445706,3899.805,779.018,779.018
2026-08-12 20:19:19.445706,3900.805,778.343,778.343
2026-08-12 20:19:20.445706,3901.805,777.938,777.938
2026-08-12 20:19:21.445706,3902.805,774.698,777.263
2026-08-12 20:19:22.445706,3903.805,774.495,774.698
2026-08-12 20:19:23.445706,3904.805,777.263,774.495
2026-08-12 20:19:24.445706,3905.805,770.445,770.985
2026-08-12 20:19:25.445706,3906.805,770.985,770.445
2026-08-12 20:19:26.445706,3907.805,765.855,765.855
2026-08-12 20:19:27.445706,3908.805,765.450,765.450
2026-08-12 20:19:28.445706,3909.805,764.235,764.235
2026-08-12 20:19:29.445706,3910.805,762.480,762.480
2026-08-12 20:19:30.445706,3911.805,761.603,761.603
2026-08-12 20:19:31.445706,3912.805,759.038,759.038
2026-08-12 20:19:32.445706,3913.805,757.485,758.565
2026-08-12 20:19:33.445706,3914.805,758.565,757.485
2026-08-12 20:19:34.445706,3915.805,755.663,755.865
2026-08-12 20:19:35.445706,3916.805,753.300,755.663
2026-08-12 20:19:36.445706,3917.805,755.865,753.368
2026-08-12 20:19:37.445706,3918.805,753.368,753.300
2026-08-12 20:19:38.445706,3919.805,749.318,749.318
2026-08-12 20:19:39.445706,3920.805,746.955,748.778
2026-08-12 20:19:40.445706,3921.805,748.778,747.968
2026-08-12 20:19:41.445706,3922.805,747.968,746.955
2026-08-12 20:19:42.445706,3923.805,745.943,745.943
2026-08-12 20:19:43.445706,3924.805,740.003,740.340
2026-08-12 20:19:44.445706,3925.805,740.340,740.003
2026-08-12 20:19:45.445706,3926.805,737.303,738.248
2026-08-12 20:19:46.445706,3927.805,738.248,737.370
2026-08-12 20:19:47.445706,3928.805,737.370,737.303
2026-08-12 20:19:48.445706,3929.805,731.295,732.915
2026-08-12 20:19:49.445706,3930.805,732.915,731.903
2026-08-12 20:19:50.445706,3931.805,731.903,731.295
2026-08-12 20:19:51.445706,3932.805,728.730,728.730
2026-08-12 20:19:52.445706,3933.805,728.123,728.123
2026-08-12 20:19:53.445706,3934.805,726.503,727.785
2026-08-12 20:19:54.445706,3935.805,722.723,726.503
2026-08-12 20:19:55.445706,3936.805,727.785,722.723
2026-08-12 20:19:56.445706,3937.805,722.048,722.048
2026-08-12 20:19:57.445706,3938.805,719.685,720.225
2026-08-12 20:19:58.445706,3939.805,720.225,719.685
2026-08-12 20:19:59.445706,3940.805,717.660,719.348
2026-08-12 20:20:00.445706,3941.805,719.348,717.660
2026-08-12 20:20:01.445706,3942.805,716.580,716.580
2026-08-12 20:20:02.445706,3943.805,714.083,714.083
2026-08-12 20:20:03.445706,3944.805,712.598,712.598
2026-08-12 20:20:04.445706,3945.805,710.910,710.910
2026-08-12 20:20:05.445706,3946.805,706.995,707.400
2026-08-12 20:20:06.445706,3947.805,707.400,706.995
2026-08-12 20:20:07.445706,3948.805,704.565,704.565
2026-08-12 20:20:08.445706,3949.805,703.890,703.890
2026-08-12 20:20:09.445706,3950.805,703.553,703.553
2026-08-12 20:20:10.445706,3951.805,702.000,702.000
2026-08-12 20:20:11.445706,3952.805,701.798,701.798
2026-08-12 20:20:12.445706,3953.805,700.583,700.583
2026-08-12 20:20:13.445706,3954.805,692.145,698.153
2026-08-12 20:20:14.445706,3955.805,694.305,694.305
2026-08-12 20:20:15.445706,3956.805,698.153,692.280
2026-08-12 20:20:16.445706,3957.805,692.280,692.145
2026-08-12 20:20:17.445706,3958.805,690.728,690.795
2026-08-12 20:20:18.445706,3959.805,690.795,690.728
2026-08-12 20:20:19.445706,3960.805,688.365,689.310
2026-08-12 20:20:20.445706,3961.805,689.310,688.365
2026-08-12 20:20:21.445706,3962.805,683.573,683.573
2026-08-12 20:20:22.445706,3963.805,681.413,681.413
2026-08-12 20:20:23.445706,3964.805,680.738,680.872
2026-08-12 20:20:24.445706,3965.805,680.872,680.738
2026-08-12 20:20:25.445706,3966.805,679.455,679.455
2026-08-12 20:20:26.445706,3967.805,677.700,677.700
2026-08-12 20:20:27.445706,3968.805,675.000,675.000
2026-08-12 20:20:28.445706,3969.805,674.460,674.460
2026-08-12 20:20:29.445706,3970.805,671.490,671.490
2026-08-12 20:20:30.445706,3971.805,669.735,669.803
2026-08-12 20:20:31.445706,3972.805,669.533,669.735
2026-08-12 20:20:32.445706,3973.805,669.803,669.533
2026-08-12 20:20:33.445706,3974.805,667.440,667.643
2026-08-12 20:20:34.445706,3975.805,666.765,667.440
2026-08-12 20:20:35.445706,3976.805,667.643,666.765
2026-08-12 20:20:36.445706,3977.805,661.568,661.568
2026-08-12 20:20:37.445706,3978.805,660.960,660.960
2026-08-12 20:20:38.445706,3979.805,656.843,660.960
2026-08-12 20:20:39.445706,3980.805,660.960,656.843
2026-08-12 20:20:40.445706,3981.805,655.223,655.223
2026-08-12 20:20:41.445706,3982.805,652.860,652.860
2026-08-12 20:20:42.445706,3983.805,652.185,652.253
2026-08-12 20:20:43.445706,3984.805,652.253,652.185
2026-08-12 20:20:44.445706,3985.805,648.203,651.645
2026-08-12 20:20:45.445706,3986.805,651.645,649.148
2026-08-12 20:20:46.445706,3987.805,649.148,648.203
2026-08-12 20:20:47.445706,3988.805,644.625,644.625
2026-08-12 20:20:48.445706,3989.805,641.520,643.815
2026-08-12 20:20:49.445706,3990.805,643.815,641.520
2026-08-12 20:20:50.445706,3991.805,640.643,640.643
2026-08-12 20:20:51.445706,3992.805,637.470,638.618
2026-08-12 20:20:52.445706,3993.805,638.618,637.470
2026-08-12 20:20:53.445706,3994.805,634.838,634.838
2026-08-12 20:20:54.445706,3995.805,634.500,634.500
2026-08-12 20:20:55.445706,3996.805,631.260,634.095
2026-08-12 20:20:56.445706,3997.805,634.095,631.800
2026-08-12 20:20:57.445706,3998.805,625.928,631.260
2026-08-12 20:20:58.445706,3999.805,626.670,627.345
2026-08-12 20:20:59.445706,4000.805,627.345,626.670
2026-08-12 20:21:00.445706,4001.805,631.800,625.928
2026-08-12 20:21:01.445706,4002.805,625.928,625.928
2026-08-12 20:21:02.445706,4003.805,624.375,624.375
2026-08-12 20:21:03.445706,4004.805,618.435,621.338
2026-08-12 20:21:04.445706,4005.805,620.393,620.393
2026-08-12 20:21:05.445706,4006.805,619.650,619.650
2026-08-12 20:21:06.445706,4007.805,621.338,618.435
2026-08-12 20:21:07.445706,4008.805,617.423,617.423
2026-08-12 20:21:08.445706,4009.805,616.140,616.140
2026-08-12 20:21:09.445706,4010.805,614.182,614.182
2026-08-12 20:21:10.445706,4011.805,612.968,612.968
2026-08-12 20:21:11.445706,4012.805,612.158,612.158
2026-08-12 20:21:12.445706,4013.805,609.390,609.863
2026-08-12 20:21:13.445706,4014.805,608.918,609.390
2026-08-12 20:21:14.445706,4015.805,609.863,608.918
2026-08-12 20:21:15.445706,4016.805,604.665,605.408
2026-08-12 20:21:16.445706,4017.805,605.408,604.665
2026-08-12 20:21:17.445706,4018.805,602.978,602.978
2026-08-12 20:21:18.445706,4019.805,600.818,600.818
2026-08-12 20:21:19.445706,4020.805,599.940,599.940
2026-08-12 20:21:20.445706,4021.805,598.995,598.995
2026-08-12 20:21:21.445706,4022.805,596.970,597.713
2026-08-12 20:21:22.445706,4023.805,597.713,597.240
2026-08-12 20:21:23.445706,4024.805,596.565,596.970
2026-08-12 20:21:24.445706,4025.805,597.240,596.565
2026-08-12 20:21:25.445706,4026.805,592.110,592.110
2026-08-12 20:21:26.445706,4027.805,589.140,590.085
2026-08-12 20:21:27.445706,4028.805,590.085,589.747
2026-08-12 20:21:28.445706,4029.805,589.747,589.140
2026-08-12 20:21:29.445706,4030.805,586.440,586.440
2026-08-12 20:21:30.445706,4031.805,585.090,585.090
2026-08-12 20:21:31.445706,4032.805,581.378,584.955
2026-08-12 20:21:32.445706,4033.805,584.955,581.378
2026-08-12 20:21:33.445706,4034.805,579.353,579.353
2026-08-12 20:21:34.445706,4035.805,579.285,579.285
2026-08-12 20:21:35.445706,4036.805,578.745,578.745
2026-08-12 20:21:36.445706,4037.805,576.653,576.653
2026-08-12 20:21:37.445706,4038.805,574.425,574.425
2026-08-12 20:21:38.445706,4039.805,571.793,571.793
2026-08-12 20:21:39.445706,4040.805,569.295,569.835
2026-08-12 20:21:40.445706,4041.805,569.363,569.363
2026-08-12 20:21:41.445706,4042.805,569.835,569.295
2026-08-12 20:21:42.445706,4043.805,568.553,568.553
2026-08-12 20:21:43.445706,4044.805,563.693,565.312
2026-08-12 20:21:44.445706,4045.805,565.312,563.693
2026-08-12 20:21:45.445706,4046.805,562.613,562.680
2026-08-12 20:21:46.445706,4047.805,562.680,562.613
2026-08-12 20:21:47.445706,4048.805,562.275,562.275
2026-08-12 20:21:48.445706,4049.805,557.280,558.562
2026-08-12 20:21:49.445706,4050.805,558.562,558.495
2026-08-12 20:21:50.445706,4051.805,558.495,557.280
2026-08-12 20:21:51.445706,4052.805,557.078,557.078
2026-08-12 20:21:52.445706,4053.805,553.635,553.635
2026-08-12 20:21:53.445706,4054.805,552.622,552.622
2026-08-12 20:21:54.445706,4055.805,551.138,551.138
2026-08-12 20:21:55.445706,4056.805,549.653,549.720
2026-08-12 20:21:56.445706,4057.805,547.088,549.653
2026-08-12 20:21:57.445706,4058.805,549.720,547.088
2026-08-12 20:21:58.445706,4059.805,544.793,544.793
2026-08-12 20:21:59.445706,4060.805,541.823,542.228
2026-08-12 20:22:00.445706,4061.805,542.228,541.823
2026-08-12 20:22:01.445706,4062.805,539.528,539.528
2026-08-12 20:22:02.445706,4063.805,538.650,539.122
2026-08-12 20:22:03.445706,4064.805,537.908,538.650
2026-08-12 20:22:04.445706,4065.805,539.122,537.908
2026-08-12 20:22:05.445706,4066.805,535.275,535.275
2026-08-12 20:22:06.445706,4067.805,534.735,534.735
2026-08-12 20:22:07.445706,4068.805,534.128,534.128
2026-08-12 20:22:08.445706,4069.805,532.372,532.372
2026-08-12 20:22:09.445706,4070.805,529.335,529.335
2026-08-12 20:22:10.445706,4071.805,526.568,528.255
2026-08-12 20:22:11.445706,4072.805,528.255,526.568
2026-08-12 20:22:12.445706,4073.805,524.273,525.218
2026-08-12 20:22:13.445706,4074.805,525.218,524.273
2026-08-12 20:22:14.445706,4075.805,522.788,523.125
2026-08-12 20:22:15.445706,4076.805,523.125,522.788
2026-08-12 20:22:16.445706,4077.805,521.573,521.573
2026-08-12 20:22:17.445706,4078.805,519.615,519.615
2026-08-12 20:22:18.445706,4079.805,517.388,517.388
2026-08-12 20:22:19.445706,4080.805,514.485,514.958
2026-08-12 20:22:20.445706,4081.805,514.958,514.485
2026-08-12 20:22:21.445706,4082.805,512.663,512.663
2026-08-12 20:22:22.445706,4083.805,510.435,510.435
2026-08-12 20:22:23.445706,4084.805,509.085,509.693
2026-08-12 20:22:24.445706,4085.805,509.693,509.085
2026-08-12 20:22:25.445706,4086.805,506.993,506.993
2026-08-12 20:22:26.445706,4087.805,506.588,506.588
2026-08-12 20:22:27.445706,4088.805,505.440,505.440
2026-08-12 20:22:28.445706,4089.805,501.053,501.053
2026-08-12 20:22:29.445706,4090.805,500.918,500.918
2026-08-12 20:22:30.445706,4091.805,499.365,499.365
2026-08-12 20:22:31.445706,4092.805,497.745,497.745
2026-08-12 20:22:32.445706,4093.805,495.045,497.408
2026-08-12 20:22:33.445706,4094.805,497.408,496.935
2026-08-12 20:22:34.445706,4095.805,496.935,495.045
2026-08-12 20:22:35.445706,4096.805,494.708,494.708
2026-08-12 20:22:36.445706,4097.805,493.223,493.223
2026-08-12 20:22:37.445706,4098.805,490.455,490.455
2026-08-12 20:22:38.445706,4099.805,488.903,488.903
2026-08-12 20:22:39.445706,4100.805,487.215,487.215
2026-08-12 20:22:40.445706,4101.805,485.460,485.460
2026-08-12 20:22:41.445706,4102.805,484.718,485.055
2026-08-12 20:22:42.445706,4103.805,485.055,484.718
2026-08-12 20:22:43.445706,4104.805,479.588,479.588
2026-08-12 20:22:44.445706,4105.805,479.453,479.453
2026-08-12 20:22:45.445706,4106.805,479.183,479.183
2026-08-12 20:22:46.445706,4107.805,477.293,477.293
2026-08-12 20:22:47.445706,4108.805,471.690,475.335
2026-08-12 20:22:48.445706,4109.805,475.335,473.243
2026-08-12 20:22:49.445706,4110.805,473.243,471.690
2026-08-12 20:22:50.445706,4111.805,469.193,469.193
2026-08-12 20:22:51.445706,4112.805,468.585,468.585
2026-08-12 20:22:52.445706,4113.805,467.708,467.708
2026-08-12 20:22:53.445706,4114.805,466.830,466.830
2026-08-12 20:22:54.445706,4115.805,462.510,463.388
2026-08-12 20:22:55.445706,4116.805,463.388,462.848
2026-08-12 20:22:56.445706,4117.805,462.848,462.510
2026-08-12 20:22:57.445706,4118.805,455.625,457.245
2026-08-12 20:22:58.445706,4119.805,457.245,457.110
2026-08-12 20:22:59.445706,4120.805,455.895,455.895
2026-08-12 20:23:00.445706,4121.805,457.110,455.625
2026-08-12 20:23:01.445706,4122.805,451.710,452.520
2026-08-12 20:23:02.445706,4123.805,452.520,452.183
2026-08-12 20:23:03.445706,4124.805,452.183,451.710
2026-08-12 20:23:04.445706,4125.805,449.685,449.685
2026-08-12 20:23:05.445706,4126.805,443.880,447.795
2026-08-12 20:23:06.445706,4127.805,447.795,447.053
2026-08-12 20:23:07.445706,4128.805,440.370,443.880
2026-08-12 20:23:08.445706,4129.805,447.053,442.665
2026-08-12 20:23:09.445706,4130.805,442.665,441.180
2026-08-12 20:23:10.445706,4131.805,441.180,440.370
2026-08-12 20:23:11.445706,4132.805,439.358,439.358
2026-08-12 20:23:12.445706,4133.805,436.523,437.873
2026-08-12 20:23:13.445706,4134.805,437.873,436.523
2026-08-12 20:23:14.445706,4135.805,435.983,435.983
2026-08-12 20:23:15.445706,4136.805,430.853,430.853
2026-08-12 20:23:16.445706,4137.805,428.963,429.165
2026-08-12 20:23:17.445706,4138.805,427.680,428.963
2026-08-12 20:23:18.445706,4139.805,429.165,427.680
2026-08-12 20:23:19.445706,4140.805,425.858,425.858
2026-08-12 20:23:20.445706,4141.805,425.655,425.655
2026-08-12 20:23:21.445706,4142.805,422.415,422.415
2026-08-12 20:23:22.445706,4143.805,422.078,422.078
2026-08-12 20:23:23.445706,4144.805,420.323,421.268
2026-08-12 20:23:24.445706,4145.805,421.268,420.323
2026-08-12 20:23:25.445706,4146.805,419.715,419.715
2026-08-12 20:23:26.445706,4147.805,416.880,416.880
2026-08-12 20:23:27.445706,4148.805,413.708,413.708
2026-08-12 20:23:28.445706,4149.805,410.468,410.468
2026-08-12 20:23:29.445706,4150.805,409.050,409.523
2026-08-12 20:23:30.445706,4151.805,409.523,409.388
2026-08-12 20:23:31.445706,4152.805,409.388,409.050
2026-08-12 20:23:32.445706,4153.805,405.338,407.565
2026-08-12 20:23:33.445706,4154.805,407.565,405.338
2026-08-12 20:23:34.445706,4155.805,403.583,403.583
2026-08-12 20:23:35.445706,4156.805,402.503,403.178
2026-08-12 20:23:36.445706,4157.805,403.178,402.503
2026-08-12 20:23:37.445706,4158.805,399.803,400.410
2026-08-12 20:23:38.445706,4159.805,400.410,399.803
2026-08-12 20:23:39.445706,4160.805,398.115,398.115
2026-08-12 20:23:40.445706,4161.805,395.888,395.888
2026-08-12 20:23:41.445706,4162.805,394.268,394.268
2026-08-12 20:23:42.445706,4163.805,393.323,393.323
2026-08-12 20:23:43.445706,4164.805,389.948,389.948
2026-08-12 20:23:44.445706,4165.805,388.395,389.813
2026-08-12 20:23:45.445706,4166.805,386.370,388.395
2026-08-12 20:23:46.445706,4167.805,389.813,386.370
2026-08-12 20:23:47.445706,4168.805,384.548,384.548
2026-08-12 20:23:48.445706,4169.805,383.468,383.468
2026-08-12 20:23:49.445706,4170.805,378.608,380.025
2026-08-12 20:23:50.445706,4171.805,376.515,379.148
2026-08-12 20:23:51.445706,4172.805,380.025,378.608
2026-08-12 20:23:52.445706,4173.805,379.148,376.515
2026-08-12 20:23:53.445706,4174.805,375.098,375.098
2026-08-12 20:23:54.445706,4175.805,373.073,373.073
2026-08-12 20:23:55.445706,4176.805,371.723,371.723
2026-08-12 20:23:56.445706,4177.805,370.778,370.778
2026-08-12 20:23:57.445706,4178.805,368.685,368.685
2026-08-12 20:23:58.445706,4179.805,368.213,368.280
2026-08-12 20:23:59.445706,4180.805,368.280,368.213
2026-08-12 20:24:00.445706,4181.805,363.825,363.893
2026-08-12 20:24:01.445706,4182.805,363.893,363.825
2026-08-12 20:24:02.445706,4183.805,363.623,363.623
2026-08-12 20:24:03.445706,4184.805,360.855,360.855
2026-08-12 20:24:04.445706,4185.805,359.505,359.505
2026-08-12 20:24:05.445706,4186.805,357.210,359.438
2026-08-12 20:24:06.445706,4187.805,359.438,357.210
2026-08-12 20:24:07.445706,4188.805,355.658,355.658
2026-08-12 20:24:08.445706,4189.805,353.092,354.105
2026-08-12 20:24:09.445706,4190.805,354.105,353.092
2026-08-12 20:24:10.445706,4191.805,350.730,350.730
2026-08-12 20:24:11.445706,4192.805,348.908,348.908
2026-08-12 20:24:12.445706,4193.805,348.233,348.435
2026-08-12 20:24:13.445706,4194.805,348.435,348.233
2026-08-12 20:24:14.445706,4195.805,348.165,348.165
2026-08-12 20:24:15.445706,4196.805,344.048,344.048
2026-08-12 20:24:16.445706,4197.805,342.293,344.048
2026-08-12 20:24:17.445706,4198.805,344.048,342.293
2026-08-12 20:24:18.445706,4199.805,338.648,340.268
2026-08-12 20:24:19.445706,4200.805,340.268,338.648
2026-08-12 20:24:20.445706,4201.805,338.445,338.445
2026-08-12 20:24:21.445706,4202.805,337.298,337.298
2026-08-12 20:24:22.445706,4203.805,337.163,337.163
2026-08-12 20:24:23.445706,4204.805,333.248,333.248
2026-08-12 20:24:24.445706,4205.805,330.885,331.965
2026-08-12 20:24:25.445706,4206.805,331.965,330.885
2026-08-12 20:24:26.445706,4207.805,328.050,330.278
2026-08-12 20:24:27.445706,4208.805,330.278,328.050
2026-08-12 20:24:28.445706,4209.805,326.160,326.430
2026-08-12 20:24:29.445706,4210.805,326.430,326.160
2026-08-12 20:24:30.445706,4211.805,323.528,323.528
2026-08-12 20:24:31.445706,4212.805,323.123,323.123
2026-08-12 20:24:32.445706,4213.805,319.545,319.545
2026-08-12 20:24:33.445706,4214.805,317.925,317.925
2026-08-12 20:24:34.445706,4215.805,317.790,317.790
2026-08-12 20:24:35.445706,4216.805,317.183,317.183
2026-08-12 20:24:36.445706,4217.805,314.280,314.955
2026-08-12 20:24:37.445706,4218.805,314.955,314.280
2026-08-12 20:24:38.445706,4219.805,311.783,311.783
2026-08-12 20:24:39.445706,4220.805,311.175,311.175
2026-08-12 20:24:40.445706,4221.805,310.905,310.905
2026-08-12 20:24:41.445706,4222.805,309.353,309.353
2026-08-12 20:24:42.445706,4223.805,308.003,308.003
2026-08-12 20:24:43.445706,4224.805,306.788,306.788
2026-08-12 20:24:44.445706,4225.805,300.848,306.315
2026-08-12 20:24:45.445706,4226.805,306.315,303.075
2026-08-12 20:24:46.445706,4227.805,303.075,300.848
2026-08-12 20:24:47.445706,4228.805,300.713,300.713
2026-08-12 20:24:48.445706,4229.805,298.823,298.823
2026-08-12 20:24:49.445706,4230.805,297.540,297.540
2026-08-12 20:24:50.445706,4231.805,297.068,297.068
2026-08-12 20:24:51.445706,4232.805,295.650,295.920
2026-08-12 20:24:52.445706,4233.805,295.920,295.650
2026-08-12 20:24:53.445706,4234.805,295.448,295.448
2026-08-12 20:24:54.445706,4235.805,292.005,292.005
2026-08-12 20:24:55.445706,4236.805,290.048,291.938
2026-08-12 20:24:56.445706,4237.805,291.938,290.048
2026-08-12 20:24:57.445706,4238.805,287.483,288.833
2026-08-12 20:24:58.445706,4239.805,288.833,287.483
2026-08-12 20:24:59.445706,4240.805,285.390,285.390
2026-08-12 20:25:00.445706,4241.805,283.635,285.120
2026-08-12 20:25:01.445706,4242.805,285.120,283.635
2026-08-12 20:25:02.445706,4243.805,282.150,282.353
2026-08-12 20:25:03.445706,4244.805,280.328,282.150
2026-08-12 20:25:04.445706,4245.805,282.353,280.328
2026-08-12 20:25:05.445706,4246.805,277.493,278.573
2026-08-12 20:25:06.445706,4247.805,278.573,278.100
2026-08-12 20:25:07.445706,4248.805,278.100,277.493
2026-08-12 20:25:08.445706,4249.805,275.805,275.805
2026-08-12 20:25:09.445706,4250.805,274.590,274.590
2026-08-12 20:25:10.445706,4251.805,272.160,272.160
2026-08-12 20:25:11.445706,4252.805,270.945,271.823
2026-08-12 20:25:12.445706,4253.805,271.823,270.945
2026-08-12 20:25:13.445706,4254.805,270.540,270.540
2026-08-12 20:25:14.445706,4255.805,269.798,269.798
2026-08-12 20:25:15.445706,4256.805,267.030,267.300
2026-08-12 20:25:16.445706,4257.805,263.588,267.030
2026-08-12 20:25:17.445706,4258.805,267.300,263.655
2026-08-12 20:25:18.445706,4259.805,263.655,263.588
2026-08-12 20:25:19.445706,4260.805,262.440,262.440
2026-08-12 20:25:20.445706,4261.805,261.562,261.562
2026-08-12 20:25:21.445706,4262.805,260.550,260.550
2026-08-12 20:25:22.445706,4263.805,258.323,258.323
2026-08-12 20:25:23.445706,4264.805,256.973,256.973
2026-08-12 20:25:24.445706,4265.805,255.218,255.218
2026-08-12 20:25:25.445706,4266.805,252.315,252.315
2026-08-12 20:25:26.445706,4267.805,251.573,251.573
2026-08-12 20:25:27.445706,4268.805,248.333,250.155
2026-08-12 20:25:28.445706,4269.805,250.155,249.683
2026-08-12 20:25:29.445706,4270.805,249.210,249.210
2026-08-12 20:25:30.445706,4271.805,247.118,248.333
2026-08-12 20:25:31.445706,4272.805,249.683,247.118
2026-08-12 20:25:32.445706,4273.805,246.375,246.375
2026-08-12 20:25:33.445706,4274.805,244.148,244.148
2026-08-12 20:25:34.445706,4275.805,242.798,242.798
2026-08-12 20:25:35.445706,4276.805,241.043,241.920
2026-08-12 20:25:36.445706,4277.805,241.920,241.043
2026-08-12 20:25:37.445706,4278.805,238.680,238.748
2026-08-12 20:25:38.445706,4279.805,238.748,238.680
2026-08-12 20:25:39.445706,4280.805,235.170,236.858
2026-08-12 20:25:40.445706,4281.805,235.440,235.643
2026-08-12 20:25:41.445706,4282.805,236.858,235.440
2026-08-12 20:25:42.445706,4283.805,234.023,235.170
2026-08-12 20:25:43.445706,4284.805,235.643,234.023
2026-08-12 20:25:44.445706,4285.805,233.078,233.078
2026-08-12 20:25:45.445706,4286.805,229.770,231.188
2026-08-12 20:25:46.445706,4287.805,229.905,229.905
2026-08-12 20:25:47.445706,4288.805,231.188,229.770
2026-08-12 20:25:48.445706,4289.805,227.138,228.150
2026-08-12 20:25:49.445706,4290.805,226.125,227.138
2026-08-12 20:25:50.445706,4291.805,228.150,226.125
2026-08-12 20:25:51.445706,4292.805,221.940,223.965
2026-08-12 20:25:52.445706,4293.805,223.965,222.818
2026-08-12 20:25:53.445706,4294.805,222.818,221.940
2026-08-12 20:25:54.445706,4295.805,220.658,220.658
2026-08-12 20:25:55.445706,4296.805,220.185,220.185
2026-08-12 20:25:56.445706,4297.805,219.038,219.308
2026-08-12 20:25:57.445706,4298.805,218.768,219.038
2026-08-12 20:25:58.445706,4299.805,219.308,218.768
2026-08-12 20:25:59.445706,4300.805,213.975,215.595
2026-08-12 20:26:00.445706,4301.805,215.595,213.975
2026-08-12 20:26:01.445706,4302.805,213.908,213.908
2026-08-12 20:26:02.445706,4303.805,212.490,212.490
2026-08-12 20:26:03.445706,4304.805,210.600,210.735
2026-08-12 20:26:04.445706,4305.805,210.735,210.600
2026-08-12 20:26:05.445706,4306.805,209.048,209.048
2026-08-12 20:26:06.445706,4307.805,208.643,208.643
2026-08-12 20:26:07.445706,4308.805,207.563,207.563
2026-08-12 20:26:08.445706,4309.805,207.360,207.360
2026-08-12 20:26:09.445706,4310.805,204.660,204.660
2026-08-12 20:26:10.445706,4311.805,204.660,204.660
2026-08-12 20:26:11.445706,4312.805,203.175,204.053
2026-08-12 20:26:12.445706,4313.805,204.053,203.175
2026-08-12 20:26:13.445706,4314.805,200.813,200.813
2026-08-12 20:26:14.445706,4315.805,199.665,199.665
2026-08-12 20:26:15.445706,4316.805,199.125,199.328
2026-08-12 20:26:16.445706,4317.805,198.248,199.125
2026-08-12 20:26:17.445706,4318.805,199.328,198.248
2026-08-12 20:26:18.445706,4319.805,196.290,196.290
2026-08-12 20:26:19.445706,4320.805,196.088,196.088
2026-08-12 20:26:20.445706,4321.805,195.480,195.480
2026-08-12 20:26:21.445706,4322.805,193.388,194.805
2026-08-12 20:26:22.445706,4323.805,194.805,193.388
2026-08-12 20:26:23.445706,4324.805,191.903,191.903
2026-08-12 20:26:24.445706,4325.805,190.485,190.485
2026-08-12 20:26:25.445706,4326.805,188.933,188.933
2026-08-12 20:26:26.445706,4327.805,188.933,188.933
2026-08-12 20:26:27.445706,4328.805,188.730,188.730
2026-08-12 20:26:28.445706,4329.805,187.245,187.245
2026-08-12 20:26:29.445706,4330.805,185.895,185.895
2026-08-12 20:26:30.445706,4331.805,183.938,183.938
2026-08-12 20:26:31.445706,4332.805,182.520,183.803
2026-08-12 20:26:32.445706,4333.805,183.803,183.263
2026-08-12 20:26:33.445706,4334.805,183.195,183.195
2026-08-12 20:26:34.445706,4335.805,183.263,182.588
2026-08-12 20:26:35.445706,4336.805,182.588,182.520
2026-08-12 20:26:36.445706,4337.805,178.538,178.538
2026-08-12 20:26:37.445706,4338.805,177.930,177.930
2026-08-12 20:26:38.445706,4339.805,177.930,177.930
2026-08-12 20:26:39.445706,4340.805,176.445,176.445
2026-08-12 20:26:40.445706,4341.805,176.378,176.378
2026-08-12 20:26:41.445706,4342.805,173.205,175.635
2026-08-12 20:26:42.445706,4343.805,175.635,173.205
2026-08-12 20:26:43.445706,4344.805,171.248,171.788
2026-08-12 20:26:44.445706,4345.805,171.788,171.518
2026-08-12 20:26:45.445706,4346.805,171.518,171.450
2026-08-12 20:26:46.445706,4347.805,171.450,171.248
2026-08-12 20:26:47.445706,4348.805,166.928,168.818
2026-08-12 20:26:48.445706,4349.805,168.818,166.928
2026-08-12 20:26:49.445706,4350.805,166.185,166.185
2026-08-12 20:26:50.445706,4351.805,165.713,165.713
2026-08-12 20:26:51.445706,4352.805,165.308,165.308
2026-08-12 20:26:52.445706,4353.805,165.105,165.105
2026-08-12 20:26:53.445706,4354.805,162.473,164.430
2026-08-12 20:26:54.445706,4355.805,164.430,163.080
2026-08-12 20:26:55.445706,4356.805,163.080,162.473
2026-08-12 20:26:56.445706,4357.805,158.895,160.920
2026-08-12 20:26:57.445706,4358.805,157.883,158.895
2026-08-12 20:26:58.445706,4359.805,160.920,157.883
2026-08-12 20:26:59.445706,4360.805,156.600,157.883
2026-08-12 20:27:00.445706,4361.805,157.883,157.005
2026-08-12 20:27:01.445706,4362.805,154.980,156.600
2026-08-12 20:27:02.445706,4363.805,155.655,155.655
2026-08-12 20:27:03.445706,4364.805,157.005,154.980
2026-08-12 20:27:04.445706,4365.805,153.698,154.170
2026-08-12 20:27:05.445706,4366.805,154.170,153.698
2026-08-12 20:27:06.445706,4367.805,152.820,152.820
2026-08-12 20:27:07.445706,4368.805,151.065,151.065
2026-08-12 20:27:08.445706,4369.805,150.998,150.998
2026-08-12 20:27:09.445706,4370.805,147.758,149.040
2026-08-12 20:27:10.445706,4371.805,148.500,148.500
2026-08-12 20:27:11.445706,4372.805,149.040,147.758
2026-08-12 20:27:12.445706,4373.805,144.788,145.800
2026-08-12 20:27:13.445706,4374.805,145.598,145.598
2026-08-12 20:27:14.445706,4375.805,145.800,144.788
2026-08-12 20:27:15.445706,4376.805,143.303,143.910
2026-08-12 20:27:16.445706,4377.805,142.223,143.303
2026-08-12 20:27:17.445706,4378.805,143.910,142.223
2026-08-12 20:27:18.445706,4379.805,141.548,141.548
2026-08-12 20:27:19.445706,4380.805,140.198,140.198
2026-08-12 20:27:20.445706,4381.805,138.645,138.645
2026-08-12 20:27:21.445706,4382.805,137.835,138.240
2026-08-12 20:27:22.445706,4383.805,138.240,138.240
2026-08-12 20:27:23.445706,4384.805,136.485,137.835
2026-08-12 20:27:24.445706,4385.805,138.240,136.485
2026-08-12 20:27:25.445706,4386.805,134.730,134.730
2026-08-12 20:27:26.445706,4387.805,134.595,134.595
2026-08-12 20:27:27.445706,4388.805,133.650,133.650
2026-08-12 20:27:28.445706,4389.805,133.650,133.650
2026-08-12 20:27:29.445706,4390.805,130.748,133.178
2026-08-12 20:27:30.445706,4391.805,133.178,130.748
2026-08-12 20:27:31.445706,4392.805,129.870,129.938
2026-08-12 20:27:32.445706,4393.805,129.938,129.870
2026-08-12 20:27:33.445706,4394.805,128.318,128.318
2026-08-12 20:27:34.445706,4395.805,127.643,127.643
2026-08-12 20:27:35.445706,4396.805,126.495,126.495
2026-08-12 20:27:36.445706,4397.805,125.145,125.145
2026-08-12 20:27:37.445706,4398.805,125.078,125.078
2026-08-12 20:27:38.445706,4399.805,124.875,125.078
2026-08-12 20:27:39.445706,4400.805,122.378,124.875
2026-08-12 20:27:40.445706,4401.805,120.218,122.715
2026-08-12 20:27:41.445706,4402.805,125.078,122.378
2026-08-12 20:27:42.445706,4403.805,122.715,120.218
2026-08-12 20:27:43.445706,4404.805,118.598,119.408
2026-08-12 20:27:44.445706,4405.805,119.205,119.205
2026-08-12 20:27:45.445706,4406.805,119.408,118.598
2026-08-12 20:27:46.445706,4407.805,117.045,117.855
2026-08-12 20:27:47.445706,4408.805,116.978,117.045
2026-08-12 20:27:48.445706,4409.805,117.855,116.978
2026-08-12 20:27:49.445706,4410.805,115.628,115.628
2026-08-12 20:27:50.445706,4411.805,114.075,114.413
2026-08-12 20:27:51.445706,4412.805,114.413,114.075
2026-08-12 20:27:52.445706,4413.805,112.185,112.185
2026-08-12 20:27:53.445706,4414.805,110.970,110.970
2026-08-12 20:27:54.445706,4415.805,109.485,110.160
2026-08-12 20:27:55.445706,4416.805,110.160,109.485
2026-08-12 20:27:56.445706,4417.805,108.270,108.810
2026-08-12 20:27:57.445706,4418.805,108.810,108.270
2026-08-12 20:27:58.445706,4419.805,106.718,106.718
2026-08-12 20:27:59.445706,4420.805,106.515,106.515
2026-08-12 20:28:00.445706,4421.805,106.043,106.043
2026-08-12 20:28:01.445706,4422.805,105.233,105.233
2026-08-12 20:28:02.445706,4423.805,104.895,104.895
2026-08-12 20:28:03.445706,4424.805,103.140,103.140
2026-08-12 20:28:04.445706,4425.805,101.385,102.803
2026-08-12 20:28:05.445706,4426.805,102.803,101.385
2026-08-12 20:28:06.445706,4427.805,100.508,100.508
2026-08-12 20:28:07.445706,4428.805,99.225,99.968
2026-08-12 20:28:08.445706,4429.805,99.968,99.225
2026-08-12 20:28:09.445706,4430.805,99.090,99.090
2026-08-12 20:28:10.445706,4431.805,96.458,96.795
2026-08-12 20:28:11.445706,4432.805,95.715,96.458
2026-08-12 20:28:12.445706,4433.805,96.795,95.715
2026-08-12 20:28:13.445706,4434.805,95.040,95.040
2026-08-12 20:28:14.445706,4435.805,92.948,94.095
2026-08-12 20:28:15.445706,4436.805,91.193,92.948
2026-08-12 20:28:16.445706,4437.805,91.800,91.800
2026-08-12 20:28:17.445706,4438.805,94.095,91.260
2026-08-12 20:28:18.445706,4439.805,89.100,91.193
2026-08-12 20:28:19.445706,4440.805,90.990,90.990
2026-08-12 20:28:20.445706,4441.805,91.260,89.100
2026-08-12 20:28:21.445706,4442.805,88.695,88.695
2026-08-12 20:28:22.445706,4443.805,87.750,87.750
2026-08-12 20:28:23.445706,4444.805,86.738,86.738
2026-08-12 20:28:24.445706,4445.805,86.265,86.265
2026-08-12 20:28:25.445706,4446.805,85.928,85.928
2026-08-12 20:28:26.445706,4447.805,84.983,84.983
2026-08-12 20:28:27.445706,4448.805,84.173,84.173
2026-08-12 20:28:28.445706,4449.805,82.553,82.755
2026-08-12 20:28:29.445706,4450.805,82.755,82.553
2026-08-12 20:28:30.445706,4451.805,82.283,82.283
2026-08-12 20:28:31.445706,4452.805,81.405,81.473
2026-08-12 20:28:32.445706,4453.805,81.473,81.405
2026-08-12 20:28:33.445706,4454.805,81.068,81.068
2026-08-12 20:28:34.445706,4455.805,80.663,80.663
2026-08-12 20:28:35.445706,4456.805,79.245,79.245
2026-08-12 20:28:36.445706,4457.805,78.030,78.705
2026-08-12 20:28:37.445706,4458.805,78.705,78.030
2026-08-12 20:28:38.445706,4459.805,76.748,76.748
2026-08-12 20:28:39.445706,4460.805,75.128,75.195
2026-08-12 20:28:40.445706,4461.805,74.520,75.128
2026-08-12 20:28:41.445706,4462.805,75.195,74.520
2026-08-12 20:28:42.445706,4463.805,73.238,74.318
2026-08-12 20:28:43.445706,4464.805,74.318,73.238
2026-08-12 20:28:44.445706,4465.805,73.103,73.103
2026-08-12 20:28:45.445706,4466.805,71.010,71.145
2026-08-12 20:28:46.445706,4467.805,70.538,71.010
2026-08-12 20:28:47.445706,4468.805,71.145,70.538
2026-08-12 20:28:48.445706,4469.805,69.390,69.390
2026-08-12 20:28:49.445706,4470.805,67.500,67.500
2026-08-12 20:28:50.445706,4471.805,65.812,66.555
2026-08-12 20:28:51.445706,4472.805,66.555,66.353
2026-08-12 20:28:52.445706,4473.805,66.353,65.812
2026-08-12 20:28:53.445706,4474.805,65.070,65.340
2026-08-12 20:28:54.445706,4475.805,63.180,65.070
2026-08-12 20:28:55.445706,4476.805,64.260,64.260
2026-08-12 20:28:56.445706,4477.805,65.340,63.180
2026-08-12 20:28:57.445706,4478.805,62.438,62.438
2026-08-12 20:28:58.445706,4479.805,60.683,60.683
2026-08-12 20:28:59.445706,4480.805,58.658,59.333
2026-08-12 20:29:00.445706,4481.805,59.333,58.860
2026-08-12 20:29:01.445706,4482.805,58.860,58.658
2026-08-12 20:29:02.445706,4483.805,58.320,58.320
2026-08-12 20:29:03.445706,4484.805,56.160,56.228
2026-08-12 20:29:04.445706,4485.805,56.228,56.160
2026-08-12 20:29:05.445706,4486.805,55.755,55.755
2026-08-12 20:29:06.445706,4487.805,55.418,55.418
2026-08-12 20:29:07.445706,4488.805,53.663,53.663
2026-08-12 20:29:08.445706,4489.805,53.460,53.460
2026-08-12 20:29:09.445706,4490.805,51.165,53.258
2026-08-12 20:29:10.445706,4491.805,53.258,52.380
2026-08-12 20:29:11.445706,4492.805,52.380,51.165
2026-08-12 20:29:12.445706,4493.805,50.220,50.220
2026-08-12 20:29:13.445706,4494.805,49.410,49.815
2026-08-12 20:29:14.445706,4495.805,49.545,49.545
2026-08-12 20:29:15.445706,4496.805,49.815,49.410
2026-08-12 20:29:16.445706,4497.805,48.263,48.803
2026-08-12 20:29:17.445706,4498.805,46.778,48.263
2026-08-12 20:29:18.445706,4499.805,47.183,47.183
2026-08-12 20:29:19.445706,4500.805,48.803,46.778
2026-08-12 20:29:20.445706,4501.805,46.440,46.440
2026-08-12 20:29:21.445706,4502.805,45.225,45.225
2026-08-12 20:29:22.445706,4503.805,44.078,44.078
2026-08-12 20:29:23.445706,4504.805,43.403,43.403
2026-08-12 20:29:24.445706,4505.805,43.200,43.200
2026-08-12 20:29:25.445706,4506.805,41.580,43.200
2026-08-12 20:29:26.445706,4507.805,43.200,42.053
2026-08-12 20:29:27.445706,4508.805,42.053,41.580
2026-08-12 20:29:28.445706,4509.805,40.972,40.972
2026-08-12 20:29:29.445706,4510.805,39.285,40.230
2026-08-12 20:29:30.445706,4511.805,40.230,39.285
2026-08-12 20:29:31.445706,4512.805,37.125,38.003
2026-08-12 20:29:32.445706,4513.805,38.003,37.395
2026-08-12 20:29:33.445706,4514.805,37.395,37.125
2026-08-12 20:29:34.445706,4515.805,35.910,35.910
2026-08-12 20:29:35.445706,4516.805,35.303,35.303
2026-08-12 20:29:36.445706,4517.805,34.763,34.763
2026-08-12 20:29:37.445706,4518.805,33.075,33.075
2026-08-12 20:29:38.445706,4519.805,32.873,32.873
2026-08-12 20:29:39.445706,4520.805,31.523,32.670
2026-08-12 20:29:40.445706,4521.805,32.670,31.928
2026-08-12 20:29:41.445706,4522.805,31.928,31.523
2026-08-12 20:29:42.445706,4523.805,29.768,31.523
2026-08-12 20:29:43.445706,4524.805,31.523,29.970
2026-08-12 20:29:44.445706,4525.805,29.160,29.768
2026-08-12 20:29:45.445706,4526.805,29.970,29.160
2026-08-12 20:29:46.445706,4527.805,28.350,28.350
2026-08-12 20:29:47.445706,4528.805,27.405,27.405
2026-08-12 20:29:48.445706,4529.805,26.798,27.270
2026-08-12 20:29:49.445706,4530.805,27.270,26.798
2026-08-12 20:29:50.445706,4531.805,24.165,26.055
2026-08-12 20:29:51.445706,4532.805,24.908,25.853
2026-08-12 20:29:52.445706,4533.805,24.570,24.908
2026-08-12 20:29:53.445706,4534.805,26.055,24.570
2026-08-12 20:29:54.445706,4535.805,25.853,24.165
2026-08-12 20:29:55.445706,4536.805,22.613,22.950
2026-08-12 20:29:56.445706,4537.805,22.208,22.613
2026-08-12 20:29:57.445706,4538.805,21.938,22.208
2026-08-12 20:29:58.445706,4539.805,21.870,21.938
2026-08-12 20:29:59.445706,4540.805,22.950,21.870
2026-08-12 20:30:00.445706,4541.805,21.465,21.465
2026-08-12 20:30:01.445706,4542.805,20.790,20.790
2026-08-12 20:30:02.445706,4543.805,19.710,19.710
2026-08-12 20:30:03.445706,4544.805,18.428,19.373
2026-08-12 20:30:04.445706,4545.805,19.373,18.428
2026-08-12 20:30:05.445706,4546.805,18.225,18.225
2026-08-12 20:30:06.445706,4547.805,17.685,18.225
2026-08-12 20:30:07.445706,4548.805,18.225,17.685
2026-08-12 20:30:08.445706,4549.805,16.470,16.470
2026-08-12 20:30:09.445706,4550.805,14.715,15.255
2026-08-12 20:30:10.445706,4551.805,15.255,14.715
2026-08-12 20:30:11.445706,4552.805,13.973,14.715
2026-08-12 20:30:12.445706,4553.805,13.500,13.973
2026-08-12 20:30:13.445706,4554.805,14.715,13.905
2026-08-12 20:30:14.445706,4555.805,13.905,13.500
2026-08-12 20:30:15.445706,4556.805,12.960,12.960
2026-08-12 20:30:16.445706,4557.805,11.812,12.488
2026-08-12 20:30:17.445706,4558.805,10.530,11.812
2026-08-12 20:30:18.445706,4559.805,10.058,10.733
2026-08-12 20:30:19.445706,4560.805,12.488,10.530
2026-08-12 20:30:20.445706,4561.805,10.733,10.395
2026-08-12 20:30:21.445706,4562.805,10.395,10.058
2026-08-12 20:30:22.445706,4563.805,9.383,9.383
2026-08-12 20:30:23.445706,4564.805,7.965,9.315
2026-08-12 20:30:24.445706,4565.805,8.168,8.168
2026-08-12 20:30:25.445706,4566.805,7.830,7.965
2026-08-12 20:30:26.445706,4567.805,9.315,7.830
2026-08-12 20:30:27.445706,4568.805,6.953,6.953
2026-08-12 20:30:28.445706,4569.805,6.210,6.210
2026-08-12 20:30:29.445706,4570.805,5.535,5.535
2026-08-12 20:30:30.445706,4571.805,5.468,5.468
2026-08-12 20:30:31.445706,4572.805,5.198,5.198
2026-08-12 20:30:32.445706,4573.805,3.713,5.198
2026-08-12 20:30:33.445706,4574.805,3.848,5.198
2026-08-12 20:30:34.445706,4575.805,3.915,5.198
2026-08-12 20:30:35.445706,4576.805,2.092,5.198
2026-08-12 20:30:36.445706,4577.805,3.713,5.130
2026-08-12 20:30:37.445706,4578.805,0.000,4.658
2026-08-12 20:30:38.445706,4579.805,2.633,4.253
2026-08-12 20:30:39.445706,4580.805,7.358,3.915
2026-08-12 20:30:40.445706,4581.805,6.750,3.915
2026-08-12 20:30:41.445706,4582.805,6.143,3.915
2026-08-12 20:30:42.445706,4583.805,5.535,3.713
2026-08-12 20:30:43.445706,4584.805,5.130,3.713
2026-08-12 20:30:44.445706,4585.805,4.658,3.713
2026-08-12 20:30:45.445706,4586.805,4.253,3.713
2026-08-12 20:30:46.445706,4587.805,3.713,3.713
2026-08-12 20:30:47.445706,4588.805,3.308,3.308
2026-08-12 20:30:48.445706,4589.805,2.835,2.835
2026-08-12 20:30:49.445706,4590.805,2.633,2.633
2026-08-12 20:30:50.445706,4591.805,2.430,2.430
2026-08-12 20:30:51.445706,4592.805,2.160,2.160
2026-08-12 20:30:52.445706,4593.805,1.890,1.890
2026-08-12 20:30:53.445706,4594.805,1.823,1.823
2026-08-12 20:30:54.445706,4595.805,1.620,1.620
2026-08-12 20:30:55.445706,4596.805,1.620,1.620
2026-08-12 20:30:56.445706,4597.805,1.553,1.553
2026-08-12 20:30:57.445706,4598.805,1.418,1.418
2026-08-12 20:30:58.445706,4599.805,1.350,1.350
2026-08-12 20:30:59.445706,4600.805,1.350,1.350
2026-08-12 20:31:00.445706,4601.805,1.283,1.283
2026-08-12 20:31:01.445706,4602.805,1.283,1.283
2026-08-12 20:31:02.445706,4603.805,1.215,1.283
2026-08-12 20:31:03.445706,4604.805,1.283,1.215
2026-08-12 20:31:04.445706,4605.805,1.148,1.215
2026-08-12 20:31:05.445706,4606.805,1.148,1.148
2026-08-12 20:31:06.445706,4607.805,1.148,1.148
2026-08-12 20:31:07.445706,4608.805,1.148,1.148
2026-08-12 20:31:08.445706,4609.805,1.080,1.148
2026-08-12 20:31:09.445706,4610.805,1.080,1.148
2026-08-12 20:31:10.445706,4611.805,1.148,1.148
2026-08-12 20:31:11.445706,4612.805,1.215,1.080
2026-08-12 20:31:12.445706,4613.805,1.080,1.080
2026-08-12 20:31:13.445706,4614.805,1.148,1.080
2026-08-12 20:31:14.445706,4615.805,0.000,0.000
2026-08-12 20:31:15.445706,4616.805,0.000,0.000
2026-08-12 20:31:16.445706,4617.805,0.000,0.000
2026-08-12 20:31:17.445706,4618.805,0.000,0.000
2026-08-12 20:31:18.445706,4619.805,0.000,0.000
2026-08-12 20:31:19.445706,4620.805,0.000,0.000
2026-08-12 20:31:20.445706,4621.805,0.000,0.000
2026-08-12 20:31:21.445706,4622.805,0.000,0.000
2026-08-12 20:31:22.445706,4623.805,0.000,0.000
2026-08-12 20:31:23.445706,4624.805,1.080,0.000
2026-08-12 20:31:24.445706,4625.805,0.000,0.000
2026-08-12 20:31:25.445706,4626.805,0.000,0.000
2026-08-12 20:31:26.445706,4627.805,0.000,0.000
2026-08-12 20:31:27.445706,4628.805,0.000,0.000
2026-08-12 20:31:28.445706,4629.805,0.000,0.000
2026-08-12 20:31:29.445706,4630.805,0.000,0.000
2026-08-12 20:31:30.445706,4631.805,0.000,0.000
2026-08-12 20:31:31.445706,4632.805,0.000,0.000
2026-08-12 20:31:32.445706,4633.805,0.000,0.000
2026-08-12 20:31:33.445706,4634.805,0.000,0.000
2026-08-12 20:31:34.445706,4635.805,0.000,0.000
2026-08-12 20:31:35.445706,4636.805,0.000,0.000
2026-08-12 20:31:36.445706,4637.805,0.000,0.000
2026-08-12 20:31:37.445706,4638.805,0.000,0.000
2026-08-12 20:31:38.445706,4639.805,0.000,0.000
2026-08-12 20:31:39.445706,4640.805,0.000,0.000
2026-08-12 20:31:40.445706,4641.805,0.000,0.000
2026-08-12 20:31:41.445706,4642.805,0.000,0.000
2026-08-12 20:31:42.445706,4643.805,0.000,0.000
2026-08-12 20:31:43.445706,4644.805,0.000,0.000
2026-08-12 20:31:44.445706,4645.805,0.000,0.000
2026-08-12 20:31:45.445706,4646.805,0.000,0.000
2026-08-12 20:31:46.445706,4647.805,0.000,0.000
2026-08-12 20:31:47.445706,4648.805,0.000,0.000
2026-08-12 20:31:48.445706,4649.805,0.000,0.000
2026-08-12 20:31:49.445706,4650.805,0.000,0.000
2026-08-12 20:31:50.445706,4651.805,0.000,0.000
2026-08-12 20:31:51.445706,4652.805,0.000,0.000
2026-08-12 20:31:52.445706,4653.805,0.000,0.000
2026-08-12 20:31:53.445706,4654.805,0.000,0.000
2026-08-12 20:31:54.445706,4655.805,0.000,0.000
2026-08-12 20:31:55.445706,4656.805,0.000,0.000
2026-08-12 20:31:56.445706,4657.805,0.000,0.000
2026-08-12 20:31:57.445706,4658.805,0.000,0.000
2026-08-12 20:31:58.445706,4659.805,0.000,0.000
2026-08-12 20:31:59.445706,4660.805,0.000,0.000
2026-08-12 20:32:00.445706,4661.805,0.000,0.000
2026-08-12 20:32:01.445706,4662.805,0.000,0.000
2026-08-12 20:32:02.445706,4663.805,0.000,0.000
2026-08-12 20:32:03.445706,4664.805,1.080,0.000
2026-08-12 20:32:04.445706,4665.805,0.000,0.000
2026-08-12 20:32:05.445706,4666.805,0.000,0.000
2026-08-12 20:32:06.445706,4667.805,0.000,0.000
2026-08-12 20:32:07.445706,4668.805,0.000,0.000
2026-08-12 20:32:08.445706,4669.805,1.080,0.000
2026-08-12 20:32:09.445706,4670.805,0.000,0.000
2026-08-12 20:32:10.445706,4671.805,0.000,1.080
2026-08-12 20:32:11.445706,4672.805,1.148,1.080
2026-08-12 20:32:12.445706,4673.805,1.148,1.080
2026-08-12 20:32:13.445706,4674.805,0.000,1.080
2026-08-12 20:32:14.445706,4675.805,1.080,1.080
2026-08-12 20:32:15.445706,4676.805,1.080,1.080
2026-08-12 20:32:16.445706,4677.805,1.080,1.080
2026-08-12 20:32:17.445706,4678.805,1.080,1.148
2026-08-12 20:32:18.445706,4679.805,1.080,1.148
2026-08-12 20:32:19.445706,4680.805,1.148,1.148
2026-08-12 20:32:20.445706,4681.805,1.215,1.215
2026-08-12 20:32:21.445706,4682.805,1.215,1.215
2026-08-12 20:32:22.445706,4683.805,1.215,1.215
2026-08-12 20:32:23.445706,4684.805,1.215,1.215
2026-08-12 20:32:24.445706,4685.805,1.283,1.283
2026-08-12 20:32:25.445706,4686.805,1.283,1.283
2026-08-12 20:32:26.445706,4687.805,1.283,1.283
2026-08-12 20:32:27.445706,4688.805,1.283,1.283
2026-08-12 20:32:28.445706,4689.805,1.350,1.350
2026-08-12 20:32:29.445706,4690.805,1.553,1.418
2026-08-12 20:32:30.445706,4691.805,1.418,1.553
2026-08-12 20:32:31.445706,4692.805,1.553,1.553
2026-08-12 20:32:32.445706,4693.805,1.553,1.553
2026-08-12 20:32:33.445706,4694.805,1.620,1.620
2026-08-12 20:32:34.445706,4695.805,1.688,1.688
2026-08-12 20:32:35.445706,4696.805,1.823,1.823
2026-08-12 20:32:36.445706,4697.805,2.160,2.160
2026-08-12 20:32:37.445706,4698.805,2.498,2.430
2026-08-12 20:32:38.445706,4699.805,2.430,2.498
2026-08-12 20:32:39.445706,4700.805,2.768,2.768
2026-08-12 20:32:40.445706,4701.805,3.173,3.173
2026-08-12 20:32:41.445706,4702.805,3.578,3.578
2026-08-12 20:32:42.445706,4703.805,4.050,3.578
2026-08-12 20:32:43.445706,4704.805,4.320,3.578
2026-08-12 20:32:44.445706,4705.805,4.725,4.050
2026-08-12 20:32:45.445706,4706.805,5.198,4.050
2026-08-12 20:32:46.445706,4707.805,5.738,4.050
2026-08-12 20:32:47.445706,4708.805,6.345,4.050
2026-08-12 20:32:48.445706,4709.805,7.088,4.050
2026-08-12 20:32:49.445706,4710.805,3.308,4.320
2026-08-12 20:32:50.445706,4711.805,2.970,4.725
2026-08-12 20:32:51.445706,4712.805,4.725,4.725
2026-08-12 20:32:52.445706,4713.805,3.510,5.198
2026-08-12 20:32:53.445706,4714.805,3.510,5.265
2026-08-12 20:32:54.445706,4715.805,3.645,5.265
2026-08-12 20:32:55.445706,4716.805,3.848,5.265
2026-08-12 20:32:56.445706,4717.805,5.265,5.265
2026-08-12 20:32:57.445706,4718.805,5.265,5.265
2026-08-12 20:32:58.445706,4719.805,5.940,5.940
2026-08-12 20:32:59.445706,4720.805,7.763,7.763
2026-08-12 20:33:00.445706,4721.805,7.965,7.965
2026-08-12 20:33:01.445706,4722.805,8.708,8.640
2026-08-12 20:33:02.445706,4723.805,8.640,8.708
2026-08-12 20:33:03.445706,4724.805,10.125,9.720
2026-08-12 20:33:04.445706,4725.805,9.720,9.855
2026-08-12 20:33:05.445706,4726.805,9.855,10.125
2026-08-12 20:33:06.445706,4727.805,10.935,10.935
2026-08-12 20:33:07.445706,4728.805,11.273,11.273
2026-08-12 20:33:08.445706,4729.805,11.880,11.880
2026-08-12 20:33:09.445706,4730.805,13.365,11.880
2026-08-12 20:33:10.445706,4731.805,12.758,12.758
2026-08-12 20:33:11.445706,4732.805,11.880,12.960
2026-08-12 20:33:12.445706,4733.805,12.960,13.298
2026-08-12 20:33:13.445706,4734.805,13.298,13.365
2026-08-12 20:33:14.445706,4735.805,15.323,14.783
2026-08-12 20:33:15.445706,4736.805,14.783,15.323
2026-08-12 20:33:16.445706,4737.805,16.267,16.267
2026-08-12 20:33:17.445706,4738.805,16.740,16.740
2026-08-12 20:33:18.445706,4739.805,17.213,17.213
2026-08-12 20:33:19.445706,4740.805,17.213,17.213
2026-08-12 20:33:20.445706,4741.805,17.955,17.955
2026-08-12 20:33:21.445706,4742.805,20.453,19.710
2026-08-12 20:33:22.445706,4743.805,19.710,20.385
2026-08-12 20:33:23.445706,4744.805,20.385,20.453
2026-08-12 20:33:24.445706,4745.805,21.465,21.128
2026-08-12 20:33:25.445706,4746.805,21.128,21.465
2026-08-12 20:33:26.445706,4747.805,22.208,21.803
2026-08-12 20:33:27.445706,4748.805,21.803,22.208
2026-08-12 20:33:28.445706,4749.805,23.220,22.815
2026-08-12 20:33:29.445706,4750.805,22.815,23.220
2026-08-12 20:33:30.445706,4751.805,24.908,24.908
2026-08-12 20:33:31.445706,4752.805,26.190,25.245
2026-08-12 20:33:32.445706,4753.805,25.988,25.988
2026-08-12 20:33:33.445706,4754.805,25.245,26.190
2026-08-12 20:33:34.445706,4755.805,26.528,26.528
2026-08-12 20:33:35.445706,4756.805,28.688,27.338
2026-08-12 20:33:36.445706,4757.805,27.540,27.540
2026-08-12 20:33:37.445706,4758.805,28.013,28.013
2026-08-12 20:33:38.445706,4759.805,27.338,28.418
2026-08-12 20:33:39.445706,4760.805,28.418,28.688
2026-08-12 20:33:40.445706,4761.805,28.755,28.755
2026-08-12 20:33:41.445706,4762.805,28.958,28.958
2026-08-12 20:33:42.445706,4763.805,30.780,30.780
2026-08-12 20:33:43.445706,4764.805,32.265,31.320
2026-08-12 20:33:44.445706,4765.805,31.320,32.265
2026-08-12 20:33:45.445706,4766.805,33.278,32.738
2026-08-12 20:33:46.445706,4767.805,32.738,33.278
2026-08-12 20:33:47.445706,4768.805,33.480,33.480
2026-08-12 20:33:48.445706,4769.805,36.248,36.248
2026-08-12 20:33:49.445706,4770.805,36.518,36.382
2026-08-12 20:33:50.445706,4771.805,37.058,36.518
2026-08-12 20:33:51.445706,4772.805,37.665,36.720
2026-08-12 20:33:52.445706,4773.805,36.382,37.058
2026-08-12 20:33:53.445706,4774.805,36.720,37.665
2026-08-12 20:33:54.445706,4775.805,39.960,38.138
2026-08-12 20:33:55.445706,4776.805,38.138,39.623
2026-08-12 20:33:56.445706,4777.805,40.635,39.960
2026-08-12 20:33:57.445706,4778.805,39.623,40.500
2026-08-12 20:33:58.445706,4779.805,40.500,40.635
2026-08-12 20:33:59.445706,4780.805,42.593,40.770
2026-08-12 20:34:00.445706,4781.805,43.335,42.593
2026-08-12 20:34:01.445706,4782.805,40.770,43.133
2026-08-12 20:34:02.445706,4783.805,45.293,43.335
2026-08-12 20:34:03.445706,4784.805,43.133,45.293
2026-08-12 20:34:04.445706,4785.805,46.710,46.710
2026-08-12 20:34:05.445706,4786.805,47.048,47.048
2026-08-12 20:34:06.445706,4787.805,47.858,47.385
2026-08-12 20:34:07.445706,4788.805,47.385,47.858
2026-08-12 20:34:08.445706,4789.805,49.208,49.208
2026-08-12 20:34:09.445706,4790.805,49.613,49.613
2026-08-12 20:34:10.445706,4791.805,50.895,50.895
2026-08-12 20:34:11.445706,4792.805,51.435,51.435
2026-08-12 20:34:12.445706,4793.805,52.110,52.043
2026-08-12 20:34:13.445706,4794.805,52.043,52.043
2026-08-12 20:34:14.445706,4795.805,52.043,52.110
2026-08-12 20:34:15.445706,4796.805,54.203,54.203
2026-08-12 20:34:16.445706,4797.805,54.608,54.608
2026-08-12 20:34:17.445706,4798.805,55.958,54.743
2026-08-12 20:34:18.445706,4799.805,55.958,54.878
2026-08-12 20:34:19.445706,4800.805,54.878,55.958
2026-08-12 20:34:20.445706,4801.805,57.240,55.958
2026-08-12 20:34:21.445706,4802.805,54.743,56.430
2026-08-12 20:34:22.445706,4803.805,56.430,57.038
2026-08-12 20:34:23.445706,4804.805,57.038,57.240
2026-08-12 20:34:24.445706,4805.805,61.223,58.793
2026-08-12 20:34:25.445706,4806.805,60.143,59.738
2026-08-12 20:34:26.445706,4807.805,58.793,60.143
2026-08-12 20:34:27.445706,4808.805,59.738,60.615
2026-08-12 20:34:28.445706,4809.805,60.615,60.885
2026-08-12 20:34:29.445706,4810.805,60.885,61.223
2026-08-12 20:34:30.445706,4811.805,63.585,62.235
2026-08-12 20:34:31.445706,4812.805,62.235,63.585
2026-08-12 20:34:32.445706,4813.805,63.855,63.855
2026-08-12 20:34:33.445706,4814.805,64.463,64.463
2026-08-12 20:34:34.445706,4815.805,64.665,64.665
2026-08-12 20:34:35.445706,4816.805,67.500,65.003
2026-08-12 20:34:36.445706,4817.805,65.003,66.757
2026-08-12 20:34:37.445706,4818.805,67.298,67.298
2026-08-12 20:34:38.445706,4819.805,66.757,67.500
2026-08-12 20:34:39.445706,4820.805,69.390,69.390
2026-08-12 20:34:40.445706,4821.805,70.740,70.740
2026-08-12 20:34:41.445706,4822.805,70.943,70.943
2026-08-12 20:34:42.445706,4823.805,72.225,71.955
2026-08-12 20:34:43.445706,4824.805,71.955,72.225
2026-08-12 20:34:44.445706,4825.805,73.710,73.710
2026-08-12 20:34:45.445706,4826.805,74.183,74.183
2026-08-12 20:34:46.445706,4827.805,75.735,74.318
2026-08-12 20:34:47.445706,4828.805,74.858,74.858
2026-08-12 20:34:48.445706,4829.805,74.318,74.925
2026-08-12 20:34:49.445706,4830.805,74.925,75.533
2026-08-12 20:34:50.445706,4831.805,76.478,75.735
2026-08-12 20:34:51.445706,4832.805,75.533,76.478
2026-08-12 20:34:52.445706,4833.805,78.233,78.233
2026-08-12 20:34:53.445706,4834.805,78.368,78.368
2026-08-12 20:34:54.445706,4835.805,79.785,79.785
2026-08-12 20:34:55.445706,4836.805,80.055,80.055
2026-08-12 20:34:56.445706,4837.805,81.743,81.135
2026-08-12 20:34:57.445706,4838.805,81.135,81.743
2026-08-12 20:34:58.445706,4839.805,83.025,82.485
2026-08-12 20:34:59.445706,4840.805,82.958,82.958
2026-08-12 20:35:00.445706,4841.805,82.485,83.025
2026-08-12 20:35:01.445706,4842.805,84.375,84.375
2026-08-12 20:35:02.445706,4843.805,85.388,84.780
2026-08-12 20:35:03.445706,4844.805,84.780,85.388
2026-08-12 20:35:04.445706,4845.805,85.928,85.928
2026-08-12 20:35:05.445706,4846.805,88.830,88.358
2026-08-12 20:35:06.445706,4847.805,88.493,88.493
2026-08-12 20:35:07.445706,4848.805,88.358,88.493
2026-08-12 20:35:08.445706,4849.805,88.898,88.830
2026-08-12 20:35:09.445706,4850.805,88.493,88.898
2026-08-12 20:35:10.445706,4851.805,90.518,90.518
2026-08-12 20:35:11.445706,4852.805,92.543,92.205
2026-08-12 20:35:12.445706,4853.805,92.205,92.543
2026-08-12 20:35:13.445706,4854.805,92.745,92.745
2026-08-12 20:35:14.445706,4855.805,92.948,92.948
2026-08-12 20:35:15.445706,4856.805,94.703,93.623
2026-08-12 20:35:16.445706,4857.805,93.623,94.703
2026-08-12 20:35:17.445706,4858.805,94.973,94.973
2026-08-12 20:35:18.445706,4859.805,97.875,96.998
2026-08-12 20:35:19.445706,4860.805,96.998,97.065
2026-08-12 20:35:20.445706,4861.805,97.065,97.065
2026-08-12 20:35:21.445706,4862.805,97.065,97.673
2026-08-12 20:35:22.445706,4863.805,97.673,97.875
2026-08-12 20:35:23.445706,4864.805,99.158,97.943
2026-08-12 20:35:24.445706,4865.805,97.943,99.023
2026-08-12 20:35:25.445706,4866.805,99.023,99.158
2026-08-12 20:35:26.445706,4867.805,100.575,100.575
2026-08-12 20:35:27.445706,4868.805,102.533,101.993
2026-08-12 20:35:28.445706,4869.805,102.465,102.465
2026-08-12 20:35:29.445706,4870.805,101.993,102.533
2026-08-12 20:35:30.445706,4871.805,103.410,103.343
2026-08-12 20:35:31.445706,4872.805,103.343,103.410
2026-08-12 20:35:32.445706,4873.805,106.650,105.638
2026-08-12 20:35:33.445706,4874.805,106.583,106.583
2026-08-12 20:35:34.445706,4875.805,105.638,106.650
2026-08-12 20:35:35.445706,4876.805,106.988,106.988
2026-08-12 20:35:36.445706,4877.805,107.190,107.190
2026-08-12 20:35:37.445706,4878.805,108.810,108.338
2026-08-12 20:35:38.445706,4879.805,108.338,108.810
2026-08-12 20:35:39.445706,4880.805,111.645,110.633
2026-08-12 20:35:40.445706,4881.805,110.633,111.645
2026-08-12 20:35:41.445706,4882.805,112.793,111.645
2026-08-12 20:35:42.445706,4883.805,111.645,112.725
2026-08-12 20:35:43.445706,4884.805,112.793,112.793
2026-08-12 20:35:44.445706,4885.805,114.075,112.793
2026-08-12 20:35:45.445706,4886.805,112.725,114.075
2026-08-12 20:35:46.445706,4887.805,115.965,114.548
2026-08-12 20:35:47.445706,4888.805,114.548,115.965
2026-08-12 20:35:48.445706,4889.805,117.248,117.248
2026-08-12 20:35:49.445706,4890.805,119.543,118.733
2026-08-12 20:35:50.445706,4891.805,118.733,118.733
2026-08-12 20:35:51.445706,4892.805,118.733,118.935
2026-08-12 20:35:52.445706,4893.805,118.935,119.543
2026-08-12 20:35:53.445706,4894.805,120.218,120.218
2026-08-12 20:35:54.445706,4895.805,120.555,120.555
2026-08-12 20:35:55.445706,4896.805,120.893,120.893
2026-08-12 20:35:56.445706,4897.805,122.310,122.175
2026-08-12 20:35:57.445706,4898.805,123.323,122.310
2026-08-12 20:35:58.445706,4899.805,123.525,123.323
2026-08-12 20:35:59.445706,4900.805,124.200,123.525
2026-08-12 20:36:00.445706,4901.805,122.175,124.200
2026-08-12 20:36:01.445706,4902.805,127.778,126.158
2026-08-12 20:36:02.445706,4903.805,126.158,126.833
2026-08-12 20:36:03.445706,4904.805,126.833,127.508
2026-08-12 20:36:04.445706,4905.805,130.005,127.778
2026-08-12 20:36:05.445706,4906.805,127.508,129.263
2026-08-12 20:36:06.445706,4907.805,130.342,130.005
2026-08-12 20:36:07.445706,4908.805,129.263,130.342
2026-08-12 20:36:08.445706,4909.805,131.153,131.153
2026-08-12 20:36:09.445706,4910.805,132.098,132.098
2026-08-12 20:36:10.445706,4911.805,132.368,132.368
2026-08-12 20:36:11.445706,4912.805,133.245,133.110
2026-08-12 20:36:12.445706,4913.805,133.110,133.245
2026-08-12 20:36:13.445706,4914.805,135.405,134.730
2026-08-12 20:36:14.445706,4915.805,135.878,135.405
2026-08-12 20:36:15.445706,4916.805,134.730,135.473
2026-08-12 20:36:16.445706,4917.805,135.607,135.607
2026-08-12 20:36:17.445706,4918.805,139.388,135.878
2026-08-12 20:36:18.445706,4919.805,135.473,138.443
2026-08-12 20:36:19.445706,4920.805,139.860,139.320
2026-08-12 20:36:20.445706,4921.805,138.443,139.388
2026-08-12 20:36:21.445706,4922.805,141.413,139.860
2026-08-12 20:36:22.445706,4923.805,139.320,140.873
2026-08-12 20:36:23.445706,4924.805,140.873,141.413
2026-08-12 20:36:24.445706,4925.805,141.885,141.750
2026-08-12 20:36:25.445706,4926.805,141.750,141.885
2026-08-12 20:36:26.445706,4927.805,144.450,144.450
2026-08-12 20:36:27.445706,4928.805,144.518,144.518
2026-08-12 20:36:28.445706,4929.805,145.935,145.530
2026-08-12 20:36:29.445706,4930.805,146.408,145.935
2026-08-12 20:36:30.445706,4931.805,147.150,146.408
2026-08-12 20:36:31.445706,4932.805,145.530,147.150
2026-08-12 20:36:32.445706,4933.805,147.960,147.285
2026-08-12 20:36:33.445706,4934.805,147.285,147.960
2026-08-12 20:36:34.445706,4935.805,149.108,149.108
2026-08-12 20:36:35.445706,4936.805,149.513,149.243
2026-08-12 20:36:36.445706,4937.805,149.243,149.513
2026-08-12 20:36:37.445706,4938.805,152.955,150.795
2026-08-12 20:36:38.445706,4939.805,150.795,150.930
2026-08-12 20:36:39.445706,4940.805,150.930,151.673
2026-08-12 20:36:40.445706,4941.805,151.673,152.955
2026-08-12 20:36:41.445706,4942.805,153.765,153.765
2026-08-12 20:36:42.445706,4943.805,154.238,154.238
2026-08-12 20:36:43.445706,4944.805,154.778,154.508
2026-08-12 20:36:44.445706,4945.805,154.508,154.778
2026-08-12 20:36:45.445706,4946.805,157.545,156.600
2026-08-12 20:36:46.445706,4947.805,156.600,157.545
2026-08-12 20:36:47.445706,4948.805,157.613,157.613
2026-08-12 20:36:48.445706,4949.805,158.558,158.558
2026-08-12 20:36:49.445706,4950.805,158.625,158.625
2026-08-12 20:36:50.445706,4951.805,159.098,159.098
2026-08-12 20:36:51.445706,4952.805,162.135,160.178
2026-08-12 20:36:52.445706,4953.805,160.178,161.595
2026-08-12 20:36:53.445706,4954.805,161.865,161.865
2026-08-12 20:36:54.445706,4955.805,161.595,162.135
2026-08-12 20:36:55.445706,4956.805,162.945,162.135
2026-08-12 20:36:56.445706,4957.805,162.135,162.945
2026-08-12 20:36:57.445706,4958.805,164.633,164.633
2026-08-12 20:36:58.445706,4959.805,166.658,165.645
2026-08-12 20:36:59.445706,4960.805,166.118,166.118
2026-08-12 20:37:00.445706,4961.805,165.645,166.658
2026-08-12 20:37:01.445706,4962.805,169.358,168.143
2026-08-12 20:37:02.445706,4963.805,169.560,168.615
2026-08-12 20:37:03.445706,4964.805,168.615,169.358
2026-08-12 20:37:04.445706,4965.805,168.143,169.560
2026-08-12 20:37:05.445706,4966.805,170.303,170.235
2026-08-12 20:37:06.445706,4967.805,171.990,170.303
2026-08-12 20:37:07.445706,4968.805,172.193,171.990
2026-08-12 20:37:08.445706,4969.805,170.235,172.193
2026-08-12 20:37:09.445706,4970.805,173.475,172.665
2026-08-12 20:37:10.445706,4971.805,172.665,173.138
2026-08-12 20:37:11.445706,4972.805,174.623,173.475
2026-08-12 20:37:12.445706,4973.805,175.500,174.623
2026-08-12 20:37:13.445706,4974.805,173.138,175.500
2026-08-12 20:37:14.445706,4975.805,175.838,175.838
2026-08-12 20:37:15.445706,4976.805,176.445,176.445
2026-08-12 20:37:16.445706,4977.805,178.673,178.673
2026-08-12 20:37:17.445706,4978.805,178.808,178.740
2026-08-12 20:37:18.445706,4979.805,178.740,178.808
2026-08-12 20:37:19.445706,4980.805,180.293,179.550
2026-08-12 20:37:20.445706,4981.805,179.550,180.293
2026-08-12 20:37:21.445706,4982.805,180.293,180.293
2026-08-12 20:37:22.445706,4983.805,181.238,181.238
2026-08-12 20:37:23.445706,4984.805,183.195,182.655
2026-08-12 20:37:24.445706,4985.805,182.655,183.060
2026-08-12 20:37:25.445706,4986.805,183.060,183.195
2026-08-12 20:37:26.445706,4987.805,184.680,184.680
2026-08-12 20:37:27.445706,4988.805,186.503,185.490
2026-08-12 20:37:28.445706,4989.805,185.760,185.760
2026-08-12 20:37:29.445706,4990.805,185.490,186.165
2026-08-12 20:37:30.445706,4991.805,186.233,186.233
2026-08-12 20:37:31.445706,4992.805,187.043,186.503
2026-08-12 20:37:32.445706,4993.805,188.730,187.043
2026-08-12 20:37:33.445706,4994.805,186.165,188.258
2026-08-12 20:37:34.445706,4995.805,190.890,188.730
2026-08-12 20:37:35.445706,4996.805,188.258,190.283
2026-08-12 20:37:36.445706,4997.805,190.283,190.485
2026-08-12 20:37:37.445706,4998.805,190.485,190.890
2026-08-12 20:37:38.445706,4999.805,192.105,192.038
2026-08-12 20:37:39.445706,5000.805,192.038,192.105
2026-08-12 20:37:40.445706,5001.805,193.320,193.320
2026-08-12 20:37:41.445706,5002.805,195.480,194.805
2026-08-12 20:37:42.445706,5003.805,196.223,195.480
2026-08-12 20:37:43.445706,5004.805,194.805,196.223
2026-08-12 20:37:44.445706,5005.805,197.640,197.640
2026-08-12 20:37:45.445706,5006.805,198.585,197.708
2026-08-12 20:37:46.445706,5007.805,199.868,198.045
2026-08-12 20:37:47.445706,5008.805,197.708,198.585
2026-08-12 20:37:48.445706,5009.805,198.045,199.530
2026-08-12 20:37:49.445706,5010.805,201.285,199.868
2026-08-12 20:37:50.445706,5011.805,199.530,200.340
2026-08-12 20:37:51.445706,5012.805,200.340,201.285
2026-08-12 20:37:52.445706,5013.805,202.298,202.095
2026-08-12 20:37:53.445706,5014.805,203.108,202.298
2026-08-12 20:37:54.445706,5015.805,202.095,203.108
2026-08-12 20:37:55.445706,5016.805,206.010,203.513
2026-08-12 20:37:56.445706,5017.805,204.120,204.120
2026-08-12 20:37:57.445706,5018.805,203.513,204.255
2026-08-12 20:37:58.445706,5019.805,205.673,205.673
2026-08-12 20:37:59.445706,5020.805,204.255,205.740
2026-08-12 20:38:00.445706,5021.805,206.820,206.010
2026-08-12 20:38:01.445706,5022.805,205.740,206.820
2026-08-12 20:38:02.445706,5023.805,209.588,207.293
2026-08-12 20:38:03.445706,5024.805,207.293,208.305
2026-08-12 20:38:04.445706,5025.805,208.305,209.588
2026-08-12 20:38:05.445706,5026.805,210.465,210.465
2026-08-12 20:38:06.445706,5027.805,210.668,210.465
2026-08-12 20:38:07.445706,5028.805,210.465,210.668
2026-08-12 20:38:08.445706,5029.805,210.735,210.735
2026-08-12 20:38:09.445706,5030.805,211.950,211.680
2026-08-12 20:38:10.445706,5031.805,211.680,211.950
2026-08-12 20:38:11.445706,5032.805,212.490,212.490
2026-08-12 20:38:12.445706,5033.805,215.595,213.165
2026-08-12 20:38:13.445706,5034.805,213.165,215.595
2026-08-12 20:38:14.445706,5035.805,216.270,216.000
2026-08-12 20:38:15.445706,5036.805,216.000,216.270
2026-08-12 20:38:16.445706,5037.805,219.645,217.755
2026-08-12 20:38:17.445706,5038.805,218.363,218.363
2026-08-12 20:38:18.445706,5039.805,217.755,218.633
2026-08-12 20:38:19.445706,5040.805,218.633,219.578
2026-08-12 20:38:20.445706,5041.805,221.940,219.645
2026-08-12 20:38:21.445706,5042.805,219.578,220.455
2026-08-12 20:38:22.445706,5043.805,220.455,220.928
2026-08-12 20:38:23.445706,5044.805,222.210,221.940
2026-08-12 20:38:24.445706,5045.805,220.928,222.210
2026-08-12 20:38:25.445706,5046.805,223.695,222.345
2026-08-12 20:38:26.445706,5047.805,224.370,223.695
2026-08-12 20:38:27.445706,5048.805,222.345,224.370
2026-08-12 20:38:28.445706,5049.805,224.370,224.370
2026-08-12 20:38:29.445706,5050.805,226.598,224.910
2026-08-12 20:38:30.445706,5051.805,227.003,226.395
2026-08-12 20:38:31.445706,5052.805,226.395,226.598
2026-08-12 20:38:32.445706,5053.805,226.665,226.665
2026-08-12 20:38:33.445706,5054.805,228.285,227.003
2026-08-12 20:38:34.445706,5055.805,224.910,227.205
2026-08-12 20:38:35.445706,5056.805,227.205,228.285
2026-08-12 20:38:36.445706,5057.805,230.715,228.690
2026-08-12 20:38:37.445706,5058.805,230.175,230.175
2026-08-12 20:38:38.445706,5059.805,228.690,230.175
2026-08-12 20:38:39.445706,5060.805,230.175,230.715
2026-08-12 20:38:40.445706,5061.805,230.715,230.715
2026-08-12 20:38:41.445706,5062.805,233.348,232.200
2026-08-12 20:38:42.445706,5063.805,232.200,233.348
2026-08-12 20:38:43.445706,5064.805,234.023,234.023
2026-08-12 20:38:44.445706,5065.805,234.630,234.630
2026-08-12 20:38:45.445706,5066.805,237.465,237.128
2026-08-12 20:38:46.445706,5067.805,237.533,237.465
2026-08-12 20:38:47.445706,5068.805,237.128,237.533
2026-08-12 20:38:48.445706,5069.805,237.803,237.803
2026-08-12 20:38:49.445706,5070.805,240.638,238.275
2026-08-12 20:38:50.445706,5071.805,238.275,238.545
2026-08-12 20:38:51.445706,5072.805,238.545,239.085
2026-08-12 20:38:52.445706,5073.805,239.085,240.638
2026-08-12 20:38:53.445706,5074.805,240.638,240.638
2026-08-12 20:38:54.445706,5075.805,241.785,241.785
2026-08-12 20:38:55.445706,5076.805,242.055,242.055
2026-08-12 20:38:56.445706,5077.805,242.325,242.258
2026-08-12 20:38:57.445706,5078.805,242.258,242.325
2026-08-12 20:38:58.445706,5079.805,245.295,243.945
2026-08-12 20:38:59.445706,5080.805,244.485,244.485
2026-08-12 20:39:00.445706,5081.805,244.958,244.823
2026-08-12 20:39:01.445706,5082.805,243.945,244.958
2026-08-12 20:39:02.445706,5083.805,244.823,245.228
2026-08-12 20:39:03.445706,5084.805,245.228,245.295
2026-08-12 20:39:04.445706,5085.805,247.995,247.995
2026-08-12 20:39:05.445706,5086.805,248.130,248.130
2026-08-12 20:39:06.445706,5087.805,248.468,248.468
2026-08-12 20:39:07.445706,5088.805,250.223,250.223
2026-08-12 20:39:08.445706,5089.805,250.290,250.290
2026-08-12 20:39:09.445706,5090.805,252.518,251.438
2026-08-12 20:39:10.445706,5091.805,251.438,252.518
2026-08-12 20:39:11.445706,5092.805,253.935,253.935
2026-08-12 20:39:12.445706,5093.805,254.678,254.138
2026-08-12 20:39:13.445706,5094.805,254.340,254.340
2026-08-12 20:39:14.445706,5095.805,254.138,254.678
2026-08-12 20:39:15.445706,5096.805,254.880,254.880
2026-08-12 20:39:16.445706,5097.805,255.623,255.353
2026-08-12 20:39:17.445706,5098.805,256.432,255.623
2026-08-12 20:39:18.445706,5099.805,255.353,256.432
2026-08-12 20:39:19.445706,5100.805,257.648,257.648
2026-08-12 20:39:20.445706,5101.805,258.390,258.390
2026-08-12 20:39:21.445706,5102.805,259.673,258.997
2026-08-12 20:39:22.445706,5103.805,259.133,259.133
2026-08-12 20:39:23.445706,5104.805,259.673,259.673
2026-08-12 20:39:24.445706,5105.805,258.997,259.673
2026-08-12 20:39:25.445706,5106.805,259.807,259.807
2026-08-12 20:39:26.445706,5107.805,261.562,260.955
2026-08-12 20:39:27.445706,5108.805,260.955,261.225
2026-08-12 20:39:28.445706,5109.805,261.225,261.562
2026-08-12 20:39:29.445706,5110.805,262.980,262.980
2026-08-12 20:39:30.445706,5111.805,263.183,263.183
2026-08-12 20:39:31.445706,5112.805,266.625,265.883
2026-08-12 20:39:32.445706,5113.805,266.895,265.883
2026-08-12 20:39:33.445706,5114.805,265.950,265.950
2026-08-12 20:39:34.445706,5115.805,265.883,266.220
2026-08-12 20:39:35.445706,5116.805,266.220,266.625
2026-08-12 20:39:36.445706,5117.805,265.883,266.895
2026-08-12 20:39:37.445706,5118.805,269.258,268.178
2026-08-12 20:39:38.445706,5119.805,268.178,269.258
2026-08-12 20:39:39.445706,5120.805,270.608,269.798
2026-08-12 20:39:40.445706,5121.805,270.945,269.865
2026-08-12 20:39:41.445706,5122.805,269.865,270.608
2026-08-12 20:39:42.445706,5123.805,269.798,270.945
2026-08-12 20:39:43.445706,5124.805,271.755,271.755
2026-08-12 20:39:44.445706,5125.805,274.050,274.050
2026-08-12 20:39:45.445706,5126.805,274.658,274.388
2026-08-12 20:39:46.445706,5127.805,274.860,274.658
2026-08-12 20:39:47.445706,5128.805,274.995,274.860
2026-08-12 20:39:48.445706,5129.805,275.333,274.995
2026-08-12 20:39:49.445706,5130.805,276.953,275.333
2026-08-12 20:39:50.445706,5131.805,274.388,275.535
2026-08-12 20:39:51.445706,5132.805,275.535,275.535
2026-08-12 20:39:52.445706,5133.805,275.535,276.953
2026-08-12 20:39:53.445706,5134.805,277.763,277.763
2026-08-12 20:39:54.445706,5135.805,279.450,279.383
2026-08-12 20:39:55.445706,5136.805,279.652,279.450
2026-08-12 20:39:56.445706,5137.805,282.285,279.652
2026-08-12 20:39:57.445706,5138.805,281.205,280.395
2026-08-12 20:39:58.445706,5139.805,280.395,281.205
2026-08-12 20:39:59.445706,5140.805,282.083,281.880
2026-08-12 20:40:00.445706,5141.805,279.383,282.083
2026-08-12 20:40:01.445706,5142.805,281.880,282.285
2026-08-12 20:40:02.445706,5143.805,285.255,282.893
2026-08-12 20:40:03.445706,5144.805,282.893,283.703
2026-08-12 20:40:04.445706,5145.805,283.703,285.255
2026-08-12 20:40:05.445706,5146.805,285.525,285.525
2026-08-12 20:40:06.445706,5147.805,286.335,285.795
2026-08-12 20:40:07.445706,5148.805,285.795,285.997
2026-08-12 20:40:08.445706,5149.805,287.145,286.335
2026-08-12 20:40:09.445706,5150.805,285.997,286.605
2026-08-12 20:40:10.445706,5151.805,286.605,287.145
2026-08-12 20:40:11.445706,5152.805,288.495,287.483
2026-08-12 20:40:12.445706,5153.805,287.483,288.495
2026-08-12 20:40:13.445706,5154.805,288.630,288.630
2026-08-12 20:40:14.445706,5155.805,290.048,290.048
2026-08-12 20:40:15.445706,5156.805,290.655,290.655
2026-08-12 20:40:16.445706,5157.805,291.398,291.398
2026-08-12 20:40:17.445706,5158.805,292.005,291.398
2026-08-12 20:40:18.445706,5159.805,291.870,291.870
2026-08-12 20:40:19.445706,5160.805,294.975,292.005
2026-08-12 20:40:20.445706,5161.805,292.950,292.950
2026-08-12 20:40:21.445706,5162.805,291.398,293.558
2026-08-12 20:40:22.445706,5163.805,294.368,294.368
2026-08-12 20:40:23.445706,5164.805,293.558,294.975
2026-08-12 20:40:24.445706,5165.805,295.920,295.920
2026-08-12 20:40:25.445706,5166.805,296.528,296.528
2026-08-12 20:40:26.445706,5167.805,297.203,296.528
2026-08-12 20:40:27.445706,5168.805,297.945,297.135
2026-08-12 20:40:28.445706,5169.805,296.528,297.203
2026-08-12 20:40:29.445706,5170.805,297.810,297.810
2026-08-12 20:40:30.445706,5171.805,297.135,297.945
2026-08-12 20:40:31.445706,5172.805,300.713,300.713
2026-08-12 20:40:32.445706,5173.805,302.130,301.388
2026-08-12 20:40:33.445706,5174.805,303.008,302.130
2026-08-12 20:40:34.445706,5175.805,301.388,302.805
2026-08-12 20:40:35.445706,5176.805,302.805,303.008
2026-08-12 20:40:36.445706,5177.805,304.965,304.695
2026-08-12 20:40:37.445706,5178.805,304.695,304.965
2026-08-12 20:40:38.445706,5179.805,307.328,307.328
2026-08-12 20:40:39.445706,5180.805,310.703,310.703
2026-08-12 20:40:40.445706,5181.805,326.633,312.795
2026-08-12 20:40:41.445706,5182.805,333.315,312.795
2026-08-12 20:40:42.445706,5183.805,344.453,312.795
2026-08-12 20:40:43.445706,5184.805,317.993,312.795
2026-08-12 20:40:44.445706,5185.805,320.288,312.795
2026-08-12 20:40:45.445706,5186.805,318.803,312.795
2026-08-12 20:40:46.445706,5187.805,318.465,312.795
2026-08-12 20:40:47.445706,5188.805,312.795,313.065
2026-08-12 20:40:48.445706,5189.805,310.365,312.795
2026-08-12 20:40:49.445706,5190.805,309.758,312.795
2026-08-12 20:40:50.445706,5191.805,311.040,312.795
2026-08-12 20:40:51.445706,5192.805,311.175,312.795
2026-08-12 20:40:52.445706,5193.805,312.255,312.795
2026-08-12 20:40:53.445706,5194.805,312.390,312.795
2026-08-12 20:40:54.445706,5195.805,313.065,312.795
2026-08-12 20:40:55.445706,5196.805,311.985,313.065
2026-08-12 20:40:56.445706,5197.805,316.372,314.145
2026-08-12 20:40:57.445706,5198.805,315.023,314.348
2026-08-12 20:40:58.445706,5199.805,314.145,314.483
2026-08-12 20:40:59.445706,5200.805,315.158,315.023
2026-08-12 20:41:00.445706,5201.805,314.483,315.158
2026-08-12 20:41:01.445706,5202.805,317.723,316.170
2026-08-12 20:41:02.445706,5203.805,314.348,316.238
2026-08-12 20:41:03.445706,5204.805,317.520,316.372
2026-08-12 20:41:04.445706,5205.805,316.170,317.520
2026-08-12 20:41:05.445706,5206.805,316.238,317.723
2026-08-12 20:41:06.445706,5207.805,319.680,319.005
2026-08-12 20:41:07.445706,5208.805,319.005,319.545
2026-08-12 20:41:08.445706,5209.805,322.853,319.680
2026-08-12 20:41:09.445706,5210.805,319.680,319.680
2026-08-12 20:41:10.445706,5211.805,319.545,320.355
2026-08-12 20:41:11.445706,5212.805,322.988,320.625
2026-08-12 20:41:12.445706,5213.805,320.355,322.380
2026-08-12 20:41:13.445706,5214.805,320.625,322.853
2026-08-12 20:41:14.445706,5215.805,322.920,322.920
2026-08-12 20:41:15.445706,5216.805,322.380,322.988
2026-08-12 20:41:16.445706,5217.805,325.755,325.350
2026-08-12 20:41:17.445706,5218.805,325.418,325.418
2026-08-12 20:41:18.445706,5219.805,326.160,325.755
2026-08-12 20:41:19.445706,5220.805,327.443,326.025
2026-08-12 20:41:20.445706,5221.805,325.350,326.160
2026-08-12 20:41:21.445706,5222.805,326.633,326.633
2026-08-12 20:41:22.445706,5223.805,327.105,327.105
2026-08-12 20:41:23.445706,5224.805,328.658,327.443
2026-08-12 20:41:24.445706,5225.805,332.033,328.658
2026-08-12 20:41:25.445706,5226.805,326.025,330.953
2026-08-12 20:41:26.445706,5227.805,331.155,331.155
2026-08-12 20:41:27.445706,5228.805,332.438,332.033
2026-08-12 20:41:28.445706,5229.805,333.383,332.438
2026-08-12 20:41:29.445706,5230.805,330.953,332.573
2026-08-12 20:41:30.445706,5231.805,332.573,332.708
2026-08-12 20:41:31.445706,5232.805,332.708,333.383
2026-08-12 20:41:32.445706,5233.805,333.720,333.383
2026-08-12 20:41:33.445706,5234.805,333.788,333.450
2026-08-12 20:41:34.445706,5235.805,333.450,333.720
2026-08-12 20:41:35.445706,5236.805,335.340,333.788
2026-08-12 20:41:36.445706,5237.805,333.383,335.340
2026-08-12 20:41:37.445706,5238.805,336.420,335.745
2026-08-12 20:41:38.445706,5239.805,336.353,336.353
2026-08-12 20:41:39.445706,5240.805,337.095,336.420
2026-08-12 20:41:40.445706,5241.805,335.745,337.095
2026-08-12 20:41:41.445706,5242.805,338.175,337.568
2026-08-12 20:41:42.445706,5243.805,337.568,337.905
2026-08-12 20:41:43.445706,5244.805,340.538,338.175
2026-08-12 20:41:44.445706,5245.805,337.905,339.592
2026-08-12 20:41:45.445706,5246.805,340.605,340.538
2026-08-12 20:41:46.445706,5247.805,343.373,340.605
2026-08-12 20:41:47.445706,5248.805,341.145,340.875
2026-08-12 20:41:48.445706,5249.805,340.875,341.145
2026-08-12 20:41:49.445706,5250.805,342.900,342.765
2026-08-12 20:41:50.445706,5251.805,342.765,342.900
2026-08-12 20:41:51.445706,5252.805,339.592,343.103
2026-08-12 20:41:52.445706,5253.805,345.465,343.373
2026-08-12 20:41:53.445706,5254.805,344.520,344.520
2026-08-12 20:41:54.445706,5255.805,343.103,344.588
2026-08-12 20:41:55.445706,5256.805,346.342,344.588
2026-08-12 20:41:56.445706,5257.805,345.060,345.060
2026-08-12 20:41:57.445706,5258.805,345.803,345.465
2026-08-12 20:41:58.445706,5259.805,344.588,345.803
2026-08-12 20:41:59.445706,5260.805,344.588,346.342
2026-08-12 20:42:00.445706,5261.805,348.638,347.558
2026-08-12 20:42:01.445706,5262.805,347.558,348.233
2026-08-12 20:42:02.445706,5263.805,348.638,348.503
2026-08-12 20:42:03.445706,5264.805,348.233,348.638
2026-08-12 20:42:04.445706,5265.805,350.393,348.638
2026-08-12 20:42:05.445706,5266.805,349.110,349.110
2026-08-12 20:42:06.445706,5267.805,350.730,350.393
2026-08-12 20:42:07.445706,5268.805,351.338,350.730
2026-08-12 20:42:08.445706,5269.805,348.503,350.730
2026-08-12 20:42:09.445706,5270.805,350.730,351.338
2026-08-12 20:42:10.445706,5271.805,352.350,352.080
2026-08-12 20:42:11.445706,5272.805,352.283,352.283
2026-08-12 20:42:12.445706,5273.805,353.092,352.350
2026-08-12 20:42:13.445706,5274.805,352.080,353.092
2026-08-12 20:42:14.445706,5275.805,353.430,353.430
2026-08-12 20:42:15.445706,5276.805,354.578,354.578
2026-08-12 20:42:16.445706,5277.805,354.713,354.713
2026-08-12 20:42:17.445706,5278.805,356.738,355.253
2026-08-12 20:42:18.445706,5279.805,355.253,355.928
2026-08-12 20:42:19.445706,5280.805,356.603,356.603
2026-08-12 20:42:20.445706,5281.805,358.425,356.603
2026-08-12 20:42:21.445706,5282.805,358.358,356.738
2026-08-12 20:42:22.445706,5283.805,356.603,358.155
2026-08-12 20:42:23.445706,5284.805,355.928,358.358
2026-08-12 20:42:24.445706,5285.805,358.155,358.425
2026-08-12 20:42:25.445706,5286.805,359.505,359.100
2026-08-12 20:42:26.445706,5287.805,359.100,359.370
2026-08-12 20:42:27.445706,5288.805,359.370,359.505
2026-08-12 20:42:28.445706,5289.805,359.910,359.910
2026-08-12 20:42:29.445706,5290.805,360.990,359.910
2026-08-12 20:42:30.445706,5291.805,359.910,360.113
2026-08-12 20:42:31.445706,5292.805,360.113,360.990
2026-08-12 20:42:32.445706,5293.805,361.530,361.530
2026-08-12 20:42:33.445706,5294.805,362.205,362.205
2026-08-12 20:42:34.445706,5295.805,362.475,362.475
2026-08-12 20:42:35.445706,5296.805,362.880,362.812
2026-08-12 20:42:36.445706,5297.805,364.433,362.880
2026-08-12 20:42:37.445706,5298.805,365.445,363.420
2026-08-12 20:42:38.445706,5299.805,363.420,364.433
2026-08-12 20:42:39.445706,5300.805,362.812,364.635
2026-08-12 20:42:40.445706,5301.805,364.635,365.445
2026-08-12 20:42:41.445706,5302.805,365.783,365.783
2026-08-12 20:42:42.445706,5303.805,369.833,367.403
2026-08-12 20:42:43.445706,5304.805,368.348,368.348
2026-08-12 20:42:44.445706,5305.805,369.225,368.955
2026-08-12 20:42:45.445706,5306.805,367.403,368.955
2026-08-12 20:42:46.445706,5307.805,368.955,369.023
2026-08-12 20:42:47.445706,5308.805,370.305,369.225
2026-08-12 20:42:48.445706,5309.805,370.643,369.833
2026-08-12 20:42:49.445706,5310.805,369.023,370.305
2026-08-12 20:42:50.445706,5311.805,371.183,370.643
2026-08-12 20:42:51.445706,5312.805,371.048,371.048
2026-08-12 20:42:52.445706,5313.805,368.685,371.183
2026-08-12 20:42:53.445706,5314.805,371.520,371.183
2026-08-12 20:42:54.445706,5315.805,371.183,371.520
2026-08-12 20:42:55.445706,5316.805,372.668,371.520
2026-08-12 20:42:56.445706,5317.805,371.520,372.263
2026-08-12 20:42:57.445706,5318.805,372.330,372.330
2026-08-12 20:42:58.445706,5319.805,372.600,372.600
2026-08-12 20:42:59.445706,5320.805,372.938,372.600
2026-08-12 20:43:00.445706,5321.805,372.600,372.668
2026-08-12 20:43:01.445706,5322.805,372.263,372.938
2026-08-12 20:43:02.445706,5323.805,374.153,373.748
2026-08-12 20:43:03.445706,5324.805,373.748,374.153
2026-08-12 20:43:04.445706,5325.805,378.135,376.583
2026-08-12 20:43:05.445706,5326.805,377.258,376.650
2026-08-12 20:43:06.445706,5327.805,376.583,376.920
2026-08-12 20:43:07.445706,5328.805,376.920,377.258
2026-08-12 20:43:08.445706,5329.805,378.338,378.135
2026-08-12 20:43:09.445706,5330.805,378.135,378.135
2026-08-12 20:43:10.445706,5331.805,376.650,378.338
2026-08-12 20:43:11.445706,5332.805,380.970,378.540
2026-08-12 20:43:12.445706,5333.805,378.540,380.025
2026-08-12 20:43:13.445706,5334.805,380.633,380.498
2026-08-12 20:43:14.445706,5335.805,380.025,380.633
2026-08-12 20:43:15.445706,5336.805,380.768,380.768
2026-08-12 20:43:16.445706,5337.805,382.185,380.970
2026-08-12 20:43:17.445706,5338.805,380.498,382.185
2026-08-12 20:43:18.445706,5339.805,383.333,382.388
2026-08-12 20:43:19.445706,5340.805,382.388,383.333
2026-08-12 20:43:20.445706,5341.805,385.290,383.873
2026-08-12 20:43:21.445706,5342.805,384.143,384.075
2026-08-12 20:43:22.445706,5343.805,383.873,384.143
2026-08-12 20:43:23.445706,5344.805,385.223,384.143
2026-08-12 20:43:24.445706,5345.805,385.695,384.278
2026-08-12 20:43:25.445706,5346.805,384.413,384.345
2026-08-12 20:43:26.445706,5347.805,384.278,384.413
2026-08-12 20:43:27.445706,5348.805,384.345,385.223
2026-08-12 20:43:28.445706,5349.805,384.075,385.223
2026-08-12 20:43:29.445706,5350.805,385.223,385.223
2026-08-12 20:43:30.445706,5351.805,383.333,385.695
2026-08-12 20:43:31.445706,5352.805,387.653,386.100
2026-08-12 20:43:32.445706,5353.805,386.235,386.235
2026-08-12 20:43:33.445706,5354.805,389.070,386.303
2026-08-12 20:43:34.445706,5355.805,386.303,387.045
2026-08-12 20:43:35.445706,5356.805,386.100,387.383
2026-08-12 20:43:36.445706,5357.805,389.003,387.653
2026-08-12 20:43:37.445706,5358.805,387.045,388.260
2026-08-12 20:43:38.445706,5359.805,387.383,389.003
2026-08-12 20:43:39.445706,5360.805,390.555,389.003
2026-08-12 20:43:40.445706,5361.805,388.260,389.070
2026-08-12 20:43:41.445706,5362.805,390.420,389.610
2026-08-12 20:43:42.445706,5363.805,390.893,390.083
2026-08-12 20:43:43.445706,5364.805,390.083,390.420
2026-08-12 20:43:44.445706,5365.805,391.433,390.555
2026-08-12 20:43:45.445706,5366.805,389.610,390.893
2026-08-12 20:43:46.445706,5367.805,387.990,391.433
2026-08-12 20:43:47.445706,5368.805,393.728,391.568
2026-08-12 20:43:48.445706,5369.805,393.593,392.108
2026-08-12 20:43:49.445706,5370.805,391.568,392.715
2026-08-12 20:43:50.445706,5371.805,392.108,392.850
2026-08-12 20:43:51.445706,5372.805,394.470,392.985
2026-08-12 20:43:52.445706,5373.805,392.850,393.323
2026-08-12 20:43:53.445706,5374.805,392.985,393.593
2026-08-12 20:43:54.445706,5375.805,396.765,393.728
2026-08-12 20:43:55.445706,5376.805,394.470,393.593
2026-08-12 20:43:56.445706,5377.805,392.715,394.470
2026-08-12 20:43:57.445706,5378.805,393.323,394.470
2026-08-12 20:43:58.445706,5379.805,396.158,394.943
2026-08-12 20:43:59.445706,5380.805,398.520,395.888
2026-08-12 20:44:00.445706,5381.805,394.943,395.955
2026-08-12 20:44:01.445706,5382.805,395.955,395.955
2026-08-12 20:44:02.445706,5383.805,392.040,395.955
2026-08-12 20:44:03.445706,5384.805,397.035,396.023
2026-08-12 20:44:04.445706,5385.805,396.630,396.158
2026-08-12 20:44:05.445706,5386.805,396.293,396.293
2026-08-12 20:44:06.445706,5387.805,395.888,396.630
2026-08-12 20:44:07.445706,5388.805,396.023,396.630
2026-08-12 20:44:08.445706,5389.805,395.483,397.035
2026-08-12 20:44:09.445706,5390.805,397.508,397.508
2026-08-12 20:44:10.445706,5391.805,400.545,397.845
2026-08-12 20:44:11.445706,5392.805,400.208,398.048
2026-08-12 20:44:12.445706,5393.805,397.845,398.723
2026-08-12 20:44:13.445706,5394.805,398.723,398.723
2026-08-12 20:44:14.445706,5395.805,398.048,398.993
2026-08-12 20:44:15.445706,5396.805,400.478,399.195
2026-08-12 20:44:16.445706,5397.805,398.993,399.195
2026-08-12 20:44:17.445706,5398.805,402.638,400.073
2026-08-12 20:44:18.445706,5399.805,399.195,400.073
2026-08-12 20:44:19.445706,5400.805,402.233,400.073
2026-08-12 20:44:20.445706,5401.805,397.845,400.478
2026-08-12 20:44:21.445706,5402.805,399.195,401.423
2026-08-12 20:44:22.445706,5403.805,400.073,401.760
2026-08-12 20:44:23.445706,5404.805,401.760,402.233
2026-08-12 20:44:24.445706,5405.805,402.570,402.570
2026-08-12 20:44:25.445706,5406.805,401.423,402.570
2026-08-12 20:44:26.445706,5407.805,402.705,402.705
2026-08-12 20:44:27.445706,5408.805,404.595,403.313
2026-08-12 20:44:28.445706,5409.805,405.068,403.853
2026-08-12 20:44:29.445706,5410.805,403.853,403.988
2026-08-12 20:44:30.445706,5411.805,405.338,404.595
2026-08-12 20:44:31.445706,5412.805,405.540,405.000
2026-08-12 20:44:32.445706,5413.805,405.743,405.068
2026-08-12 20:44:33.445706,5414.805,403.313,405.338
2026-08-12 20:44:34.445706,5415.805,403.988,405.405
2026-08-12 20:44:35.445706,5416.805,406.013,405.540
2026-08-12 20:44:36.445706,5417.805,405.000,405.743
2026-08-12 20:44:37.445706,5418.805,405.405,406.013
2026-08-12 20:44:38.445706,5419.805,406.013,406.013
2026-08-12 20:44:39.445706,5420.805,408.240,406.013
2026-08-12 20:44:40.445706,5421.805,407.295,406.013
2026-08-12 20:44:41.445706,5422.805,409.523,406.283
2026-08-12 20:44:42.445706,5423.805,407.903,406.283
2026-08-12 20:44:43.445706,5424.805,406.890,406.890
2026-08-12 20:44:44.445706,5425.805,409.185,407.295
2026-08-12 20:44:45.445706,5426.805,406.283,407.835
2026-08-12 20:44:46.445706,5427.805,405.675,407.903
2026-08-12 20:44:47.445706,5428.805,405.270,407.903
2026-08-12 20:44:48.445706,5429.805,407.835,407.903
2026-08-12 20:44:49.445706,5430.805,406.283,407.903
2026-08-12 20:44:50.445706,5431.805,408.510,407.970
2026-08-12 20:44:51.445706,5432.805,409.388,408.308
2026-08-12 20:44:52.445706,5433.805,410.265,408.308
2026-08-12 20:44:53.445706,5434.805,410.333,408.375
2026-08-12 20:44:54.445706,5435.805,407.970,408.510
2026-08-12 20:44:55.445706,5436.805,406.688,409.185
2026-08-12 20:44:56.445706,5437.805,408.308,409.388
2026-08-12 20:44:57.445706,5438.805,408.375,409.590
2026-08-12 20:44:58.445706,5439.805,409.590,409.590
2026-08-12 20:44:59.445706,5440.805,409.185,409.860
2026-08-12 20:45:00.445706,5441.805,412.493,409.590
2026-08-12 20:45:01.445706,5442.805,413.708,409.590
2026-08-12 20:45:02.445706,5443.805,409.860,409.860
2026-08-12 20:45:03.445706,5444.805,410.738,410.333
2026-08-12 20:45:04.445706,5445.805,410.333,410.738
2026-08-12 20:45:05.445706,5446.805,409.253,410.738
2026-08-12 20:45:06.445706,5447.805,410.940,410.940
2026-08-12 20:45:07.445706,5448.805,408.375,411.615
2026-08-12 20:45:08.445706,5449.805,411.615,411.615
2026-08-12 20:45:09.445706,5450.805,413.235,411.615
2026-08-12 20:45:10.445706,5451.805,412.493,412.020
2026-08-12 20:45:11.445706,5452.805,412.020,412.493
2026-08-12 20:45:12.445706,5453.805,408.848,412.560
2026-08-12 20:45:13.445706,5454.805,413.033,412.763
2026-08-12 20:45:14.445706,5455.805,412.763,413.033
2026-08-12 20:45:15.445706,5456.805,415.125,413.235
2026-08-12 20:45:16.445706,5457.805,413.640,413.640
2026-08-12 20:45:17.445706,5458.805,412.560,414.788
2026-08-12 20:45:18.445706,5459.805,416.340,415.125
2026-08-12 20:45:19.445706,5460.805,414.788,415.328
2026-08-12 20:45:20.445706,5461.805,416.880,415.328
2026-08-12 20:45:21.445706,5462.805,415.665,415.328
2026-08-12 20:45:22.445706,5463.805,417.083,415.328
2026-08-12 20:45:23.445706,5464.805,420.053,415.665
2026-08-12 20:45:24.445706,5465.805,420.525,415.665
2026-08-12 20:45:25.445706,5466.805,415.328,415.665
2026-08-12 20:45:26.445706,5467.805,416.138,415.665
2026-08-12 20:45:27.445706,5468.805,414.720,416.138
2026-08-12 20:45:28.445706,5469.805,415.058,416.138
2026-08-12 20:45:29.445706,5470.805,413.775,416.138
2026-08-12 20:45:30.445706,5471.805,417.083,416.138
2026-08-12 20:45:31.445706,5472.805,412.898,416.138
2026-08-12 20:45:32.445706,5473.805,415.260,415.328
2026-08-12 20:45:33.445706,5474.805,416.880,416.138
2026-08-12 20:45:34.445706,5475.805,419.783,415.800
2026-08-12 20:45:35.445706,5476.805,416.880,415.800
2026-08-12 20:45:36.445706,5477.805,414.383,415.800
2026-08-12 20:45:37.445706,5478.805,417.015,416.880
2026-08-12 20:45:38.445706,5479.805,417.218,416.408
2026-08-12 20:45:39.445706,5480.805,415.193,416.880
2026-08-12 20:45:40.445706,5481.805,416.880,416.880
2026-08-12 20:45:41.445706,5482.805,415.800,416.408
2026-08-12 20:45:42.445706,5483.805,415.058,416.408
2026-08-12 20:45:43.445706,5484.805,415.598,416.408
2026-08-12 20:45:44.445706,5485.805,418.635,416.880
2026-08-12 20:45:45.445706,5486.805,416.408,416.880
2026-08-12 20:45:46.445706,5487.805,416.880,416.880
2026-08-12 20:45:47.445706,5488.805,416.273,416.880
2026-08-12 20:45:48.445706,5489.805,415.733,416.880
2026-08-12 20:45:49.445706,5490.805,418.433,416.880
2026-08-12 20:45:50.445706,5491.805,416.880,417.218
2026-08-12 20:45:51.445706,5492.805,417.825,417.758
2026-08-12 20:45:52.445706,5493.805,419.243,417.218
2026-08-12 20:45:53.445706,5494.805,420.795,417.758
2026-08-12 20:45:54.445706,5495.805,415.125,417.758
2026-08-12 20:45:55.445706,5496.805,417.218,417.825
2026-08-12 20:45:56.445706,5497.805,421.470,417.960
2026-08-12 20:45:57.445706,5498.805,418.163,417.960
2026-08-12 20:45:58.445706,5499.805,417.758,417.960
2026-08-12 20:45:59.445706,5500.805,415.530,418.095
2026-08-12 20:46:00.445706,5501.805,420.525,417.960
2026-08-12 20:46:01.445706,5502.805,414.180,417.758
2026-08-12 20:46:02.445706,5503.805,417.960,417.960
2026-08-12 20:46:03.445706,5504.805,418.905,418.095
2026-08-12 20:46:04.445706,5505.805,418.095,417.960
2026-08-12 20:46:05.445706,5506.805,416.408,417.960
2026-08-12 20:46:06.445706,5507.805,419.648,417.960
2026-08-12 20:46:07.445706,5508.805,413.910,417.960
2026-08-12 20:46:08.445706,5509.805,416.408,417.960
2026-08-12 20:46:09.445706,5510.805,418.298,417.960
2026-08-12 20:46:10.445706,5511.805,419.648,418.095
2026-08-12 20:46:11.445706,5512.805,416.273,417.893
2026-08-12 20:46:12.445706,5513.805,419.445,417.893
2026-08-12 20:46:13.445706,5514.805,417.420,418.298
2026-08-12 20:46:14.445706,5515.805,417.623,417.893
2026-08-12 20:46:15.445706,5516.805,418.905,418.298
2026-08-12 20:46:16.445706,5517.805,416.813,418.568
2026-08-12 20:46:17.445706,5518.805,420.120,418.568
2026-08-12 20:46:18.445706,5519.805,417.893,418.568
2026-08-12 20:46:19.445706,5520.805,420.053,418.838
2026-08-12 20:46:20.445706,5521.805,418.568,418.838
2026-08-12 20:46:21.445706,5522.805,415.665,418.905
2026-08-12 20:46:22.445706,5523.805,418.838,419.513
2026-08-12 20:46:23.445706,5524.805,418.568,419.580
2026-08-12 20:46:24.445706,5525.805,420.255,419.580
2026-08-12 20:46:25.445706,5526.805,420.728,419.513
2026-08-12 20:46:26.445706,5527.805,420.930,419.580
2026-08-12 20:46:27.445706,5528.805,420.930,419.513
2026-08-12 20:46:28.445706,5529.805,422.010,419.580
2026-08-12 20:46:29.445706,5530.805,419.513,419.715
2026-08-12 20:46:30.445706,5531.805,419.580,420.255
2026-08-12 20:46:31.445706,5532.805,418.298,420.593
2026-08-12 20:46:32.445706,5533.805,419.445,420.660
2026-08-12 20:46:33.445706,5534.805,421.403,420.593
2026-08-12 20:46:34.445706,5535.805,414.788,419.918
2026-08-12 20:46:35.445706,5536.805,419.715,419.715
2026-08-12 20:46:36.445706,5537.805,421.065,419.715
2026-08-12 20:46:37.445706,5538.805,422.483,419.918
2026-08-12 20:46:38.445706,5539.805,420.593,420.458
2026-08-12 20:46:39.445706,5540.805,420.660,420.458
2026-08-12 20:46:40.445706,5541.805,419.918,420.458
2026-08-12 20:46:41.445706,5542.805,418.973,420.255
2026-08-12 20:46:42.445706,5543.805,418.500,420.458
2026-08-12 20:46:43.445706,5544.805,421.065,420.458
2026-08-12 20:46:44.445706,5545.805,420.728,420.458
2026-08-12 20:46:45.445706,5546.805,420.458,420.458
2026-08-12 20:46:46.445706,5547.805,418.703,420.255
2026-08-12 20:46:47.445706,5548.805,416.678,420.255
2026-08-12 20:46:48.445706,5549.805,420.255,420.390
2026-08-12 20:46:49.445706,5550.805,421.268,420.458
2026-08-12 20:46:50.445706,5551.805,419.985,420.728
2026-08-12 20:46:51.445706,5552.805,421.200,420.458
2026-08-12 20:46:52.445706,5553.805,421.065,420.390
2026-08-12 20:46:53.445706,5554.805,418.028,420.255
2026-08-12 20:46:54.445706,5555.805,420.795,420.390
2026-08-12 20:46:55.445706,5556.805,420.390,420.795
2026-08-12 20:46:56.445706,5557.805,421.470,421.065
2026-08-12 20:46:57.445706,5558.805,422.280,420.795
2026-08-12 20:46:58.445706,5559.805,419.648,420.795
2026-08-12 20:46:59.445706,5560.805,419.445,420.795
2026-08-12 20:47:00.445706,5561.805,419.918,420.795
2026-08-12 20:47:01.445706,5562.805,421.470,421.335
2026-08-12 20:47:02.445706,5563.805,421.335,421.470
2026-08-12 20:47:03.445706,5564.805,423.293,421.470
2026-08-12 20:47:04.445706,5565.805,420.120,421.470
2026-08-12 20:47:05.445706,5566.805,419.783,421.335
2026-08-12 20:47:06.445706,5567.805,423.495,421.335
2026-08-12 20:47:07.445706,5568.805,421.808,421.335
2026-08-12 20:47:08.445706,5569.805,423.225,421.335
2026-08-12 20:47:09.445706,5570.805,424.710,421.335
2026-08-12 20:47:10.445706,5571.805,421.065,421.470
2026-08-12 20:47:11.445706,5572.805,421.470,421.133
2026-08-12 20:47:12.445706,5573.805,421.133,421.335
2026-08-12 20:47:13.445706,5574.805,419.783,421.335
2026-08-12 20:47:14.445706,5575.805,420.795,421.335
2026-08-12 20:47:15.445706,5576.805,419.850,421.335
2026-08-12 20:47:16.445706,5577.805,422.078,421.335
2026-08-12 20:47:17.445706,5578.805,422.213,421.133
2026-08-12 20:47:18.445706,5579.805,418.095,421.335
2026-08-12 20:47:19.445706,5580.805,421.335,421.133
2026-08-12 20:47:20.445706,5581.805,420.053,421.065
2026-08-12 20:47:21.445706,5582.805,421.335,421.335
2026-08-12 20:47:22.445706,5583.805,422.010,421.335
2026-08-12 20:47:23.445706,5584.805,423.023,421.335
2026-08-12 20:47:24.445706,5585.805,419.175,421.335
2026-08-12 20:47:25.445706,5586.805,421.673,421.335
2026-08-12 20:47:26.445706,5587.805,421.065,421.673
2026-08-12 20:47:27.445706,5588.805,417.623,421.673
2026-08-12 20:47:28.445706,5589.805,422.078,421.943
2026-08-12 20:47:29.445706,5590.805,423.968,422.010
2026-08-12 20:47:30.445706,5591.805,420.998,421.943
2026-08-12 20:47:31.445706,5592.805,421.943,421.875
2026-08-12 20:47:32.445706,5593.805,423.023,421.875
2026-08-12 20:47:33.445706,5594.805,423.630,421.943
2026-08-12 20:47:34.445706,5595.805,413.843,421.943
2026-08-12 20:47:35.445706,5596.805,422.955,422.078
2026-08-12 20:47:36.445706,5597.805,424.778,422.685
2026-08-12 20:47:37.445706,5598.805,420.660,421.943
2026-08-12 20:47:38.445706,5599.805,421.875,422.685
2026-08-12 20:47:39.445706,5600.805,416.948,422.753
2026-08-12 20:47:40.445706,5601.805,422.685,422.685
2026-08-12 20:47:41.445706,5602.805,421.673,422.685
2026-08-12 20:47:42.445706,5603.805,424.373,422.753
2026-08-12 20:47:43.445706,5604.805,422.753,422.753
2026-08-12 20:47:44.445706,5605.805,417.960,422.685
2026-08-12 20:47:45.445706,5606.805,424.035,422.685
2026-08-12 20:47:46.445706,5607.805,423.833,422.753
2026-08-12 20:47:47.445706,5608.805,421.335,423.630
2026-08-12 20:47:48.445706,5609.805,425.520,423.833
2026-08-12 20:47:49.445706,5610.805,424.778,424.035
2026-08-12 20:47:50.445706,5611.805,424.845,424.035
2026-08-12 20:47:51.445706,5612.805,422.550,424.575
2026-08-12 20:47:52.445706,5613.805,421.740,424.710
2026-08-12 20:47:53.445706,5614.805,426.600,424.778
2026-08-12 20:47:54.445706,5615.805,423.630,424.778
2026-08-12 20:47:55.445706,5616.805,425.993,424.778
2026-08-12 20:47:56.445706,5617.805,425.115,424.710
2026-08-12 20:47:57.445706,5618.805,427.343,424.575
2026-08-12 20:47:58.445706,5619.805,424.575,423.968
2026-08-12 20:47:59.445706,5620.805,424.710,424.575
2026-08-12 20:48:00.445706,5621.805,425.993,424.710
2026-08-12 20:48:01.445706,5622.805,422.078,424.575
2026-08-12 20:48:02.445706,5623.805,423.968,424.710
2026-08-12 20:48:03.445706,5624.805,420.390,424.710
2026-08-12 20:48:04.445706,5625.805,423.698,424.575
2026-08-12 20:48:05.445706,5626.805,422.280,423.968
2026-08-12 20:48:06.445706,5627.805,428.288,423.968
2026-08-12 20:48:07.445706,5628.805,426.668,423.968
2026-08-12 20:48:08.445706,5629.805,422.213,423.968
2026-08-12 20:48:09.445706,5630.805,427.950,423.968
2026-08-12 20:48:10.445706,5631.805,425.183,423.968
2026-08-12 20:48:11.445706,5632.805,423.225,425.048
2026-08-12 20:48:12.445706,5633.805,423.968,425.048
2026-08-12 20:48:13.445706,5634.805,418.703,425.183
2026-08-12 20:48:14.445706,5635.805,425.385,425.183
2026-08-12 20:48:15.445706,5636.805,427.613,425.183
2026-08-12 20:48:16.445706,5637.805,426.735,425.385
2026-08-12 20:48:17.445706,5638.805,421.268,425.385
2026-08-12 20:48:18.445706,5639.805,425.048,426.330
2026-08-12 20:48:19.445706,5640.805,424.238,426.330
2026-08-12 20:48:20.445706,5641.805,427.950,426.735
2026-08-12 20:48:21.445706,5642.805,427.815,427.613
2026-08-12 20:48:22.445706,5643.805,428.895,427.748
2026-08-12 20:48:23.445706,5644.805,426.330,427.815
2026-08-12 20:48:24.445706,5645.805,427.950,427.815
2026-08-12 20:48:25.445706,5646.805,426.330,427.950
2026-08-12 20:48:26.445706,5647.805,427.815,427.950
2026-08-12 20:48:27.445706,5648.805,430.043,427.950
2026-08-12 20:48:28.445706,5649.805,427.748,427.950
2026-08-12 20:48:29.445706,5650.805,428.288,427.950
2026-08-12 20:48:30.445706,5651.805,428.625,427.815
2026-08-12 20:48:31.445706,5652.805,429.368,427.950
2026-08-12 20:48:32.445706,5653.805,428.963,427.815
2026-08-12 20:48:33.445706,5654.805,426.465,428.085
2026-08-12 20:48:34.445706,5655.805,428.085,428.085
2026-08-12 20:48:35.445706,5656.805,421.673,428.085
2026-08-12 20:48:36.445706,5657.805,421.605,428.085
2026-08-12 20:48:37.445706,5658.805,420.998,427.815
2026-08-12 20:48:38.445706,5659.805,428.288,427.815
2026-08-12 20:48:39.445706,5660.805,427.343,427.815
2026-08-12 20:48:40.445706,5661.805,429.638,427.815
2026-08-12 20:48:41.445706,5662.805,427.073,427.815
2026-08-12 20:48:42.445706,5663.805,429.908,427.815
2026-08-12 20:48:43.445706,5664.805,427.815,428.153
2026-08-12 20:48:44.445706,5665.805,427.815,428.153
2026-08-12 20:48:45.445706,5666.805,426.060,428.288
2026-08-12 20:48:46.445706,5667.805,428.490,428.490
2026-08-12 20:48:47.445706,5668.805,430.583,429.638
2026-08-12 20:48:48.445706,5669.805,430.853,429.638
2026-08-12 20:48:49.445706,5670.805,429.638,429.705
2026-08-12 20:48:50.445706,5671.805,428.153,429.705
2026-08-12 20:48:51.445706,5672.805,428.018,429.705
2026-08-12 20:48:52.445706,5673.805,429.705,430.583
2026-08-12 20:48:53.445706,5674.805,432.608,430.583
2026-08-12 20:48:54.445706,5675.805,430.920,430.583
2026-08-12 20:48:55.445706,5676.805,431.393,430.245
2026-08-12 20:48:56.445706,5677.805,430.785,429.705
2026-08-12 20:48:57.445706,5678.805,433.350,430.245
2026-08-12 20:48:58.445706,5679.805,428.153,430.245
2026-08-12 20:48:59.445706,5680.805,431.325,430.245
2026-08-12 20:49:00.445706,5681.805,424.845,430.245
2026-08-12 20:49:01.445706,5682.805,423.293,428.220
2026-08-12 20:49:02.445706,5683.805,430.245,428.153
2026-08-12 20:49:03.445706,5684.805,423.158,424.845
2026-08-12 20:49:04.445706,5685.805,431.865,423.293
2026-08-12 20:49:05.445706,5686.805,428.220,423.158
2026-08-12 20:49:06.445706,5687.805,422.213,423.158
2026-08-12 20:49:07.445706,5688.805,420.593,423.158
2026-08-12 20:49:08.445706,5689.805,421.335,423.158
2026-08-12 20:49:09.445706,5690.805,421.335,422.483
2026-08-12 20:49:10.445706,5691.805,421.403,422.483
2026-08-12 20:49:11.445706,5692.805,422.483,422.415
2026-08-12 20:49:12.445706,5693.805,421.605,422.415
2026-08-12 20:49:13.445706,5694.805,424.778,422.415
2026-08-12 20:49:14.445706,5695.805,424.778,422.483
2026-08-12 20:49:15.445706,5696.805,424.373,422.483
2026-08-12 20:49:16.445706,5697.805,422.483,422.753
2026-08-12 20:49:17.445706,5698.805,422.415,422.753
2026-08-12 20:49:18.445706,5699.805,419.918,423.833
2026-08-12 20:49:19.445706,5700.805,425.318,423.900
2026-08-12 20:49:20.445706,5701.805,422.753,423.900
2026-08-12 20:49:21.445706,5702.805,423.968,423.833
2026-08-12 20:49:22.445706,5703.805,425.790,423.495
2026-08-12 20:49:23.445706,5704.805,423.833,423.495
2026-08-12 20:49:24.445706,5705.805,421.538,423.495
2026-08-12 20:49:25.445706,5706.805,424.575,423.833
2026-08-12 20:49:26.445706,5707.805,423.900,423.833
2026-08-12 20:49:27.445706,5708.805,423.293,423.833
2026-08-12 20:49:28.445706,5709.805,423.495,423.900
2026-08-12 20:49:29.445706,5710.805,423.090,423.900
2026-08-12 20:49:30.445706,5711.805,424.575,423.900
2026-08-12 20:49:31.445706,5712.805,423.360,423.968
2026-08-12 20:49:32.445706,5713.805,424.440,424.440
2026-08-12 20:49:33.445706,5714.805,423.293,424.440
2026-08-12 20:49:34.445706,5715.805,424.440,424.440
2026-08-12 20:49:35.445706,5716.805,425.385,424.440
2026-08-12 20:49:36.445706,5717.805,424.913,424.440
2026-08-12 20:49:37.445706,5718.805,424.440,424.575
2026-08-12 20:49:38.445706,5719.805,423.968,424.913
2026-08-12 20:49:39.445706,5720.805,425.655,425.385
2026-08-12 20:49:40.445706,5721.805,427.613,425.385
2026-08-12 20:49:41.445706,5722.805,423.698,425.385
2026-08-12 20:49:42.445706,5723.805,429.503,425.588
2026-08-12 20:49:43.445706,5724.805,425.588,425.655
2026-08-12 20:49:44.445706,5725.805,426.263,426.060
2026-08-12 20:49:45.445706,5726.805,427.478,426.060
2026-08-12 20:49:46.445706,5727.805,426.060,426.263
2026-08-12 20:49:47.445706,5728.805,422.685,427.410
2026-08-12 20:49:48.445706,5729.805,424.170,427.073
2026-08-12 20:49:49.445706,5730.805,428.760,427.410
2026-08-12 20:49:50.445706,5731.805,429.300,427.410
2026-08-12 20:49:51.445706,5732.805,427.410,427.410
2026-08-12 20:49:52.445706,5733.805,425.858,427.478
2026-08-12 20:49:53.445706,5734.805,429.840,427.680
2026-08-12 20:49:54.445706,5735.805,428.085,428.085
2026-08-12 20:49:55.445706,5736.805,427.073,428.355
2026-08-12 20:49:56.445706,5737.805,429.908,428.760
2026-08-12 20:49:57.445706,5738.805,427.680,429.165
2026-08-12 20:49:58.445706,5739.805,427.343,429.165
2026-08-12 20:49:59.445706,5740.805,429.435,429.165
2026-08-12 20:50:00.445706,5741.805,429.165,429.165
2026-08-12 20:50:01.445706,5742.805,428.355,428.760
2026-08-12 20:50:02.445706,5743.805,430.110,429.165
2026-08-12 20:50:03.445706,5744.805,429.503,429.368
2026-08-12 20:50:04.445706,5745.805,430.110,429.368
2026-08-12 20:50:05.445706,5746.805,430.380,429.435
2026-08-12 20:50:06.445706,5747.805,428.760,429.503
2026-08-12 20:50:07.445706,5748.805,427.343,429.570
2026-08-12 20:50:08.445706,5749.805,426.735,429.975
2026-08-12 20:50:09.445706,5750.805,430.583,429.975
2026-08-12 20:50:10.445706,5751.805,429.368,429.570
2026-08-12 20:50:11.445706,5752.805,431.325,429.570
2026-08-12 20:50:12.445706,5753.805,431.393,429.368
2026-08-12 20:50:13.445706,5754.805,429.975,428.760
2026-08-12 20:50:14.445706,5755.805,429.570,429.368
2026-08-12 20:50:15.445706,5756.805,431.393,429.570
2026-08-12 20:50:16.445706,5757.805,418.568,429.975
2026-08-12 20:50:17.445706,5758.805,400.005,429.975
2026-08-12 20:50:18.445706,5759.805,400.613,429.975
2026-08-12 20:50:19.445706,5760.805,400.140,429.975
2026-08-12 20:50:20.445706,5761.805,400.545,429.975
2026-08-12 20:50:21.445706,5762.805,432.000,430.043
2026-08-12 20:50:22.445706,5763.805,430.043,431.393
2026-08-12 20:50:23.445706,5764.805,433.013,431.460
2026-08-12 20:50:24.445706,5765.805,429.975,431.460
2026-08-12 20:50:25.445706,5766.805,431.730,431.730
2026-08-12 20:50:26.445706,5767.805,431.798,431.730
2026-08-12 20:50:27.445706,5768.805,431.730,431.730
2026-08-12 20:50:28.445706,5769.805,434.025,431.798
2026-08-12 20:50:29.445706,5770.805,431.460,431.730
2026-08-12 20:50:30.445706,5771.805,432.608,431.730
2026-08-12 20:50:31.445706,5772.805,431.123,431.730
2026-08-12 20:50:32.445706,5773.805,433.823,431.730
2026-08-12 20:50:33.445706,5774.805,433.553,431.730
2026-08-12 20:50:34.445706,5775.805,430.718,431.730
2026-08-12 20:50:35.445706,5776.805,432.203,432.203
2026-08-12 20:50:36.445706,5777.805,430.853,432.203
2026-08-12 20:50:37.445706,5778.805,431.595,432.608
2026-08-12 20:50:38.445706,5779.805,430.988,432.203
2026-08-12 20:50:39.445706,5780.805,434.633,432.743
2026-08-12 20:50:40.445706,5781.805,430.853,432.743
2026-08-12 20:50:41.445706,5782.805,434.295,432.743
2026-08-12 20:50:42.445706,5783.805,435.578,432.810
2026-08-12 20:50:43.445706,5784.805,432.743,433.620
2026-08-12 20:50:44.445706,5785.805,432.810,433.755
2026-08-12 20:50:45.445706,5786.805,432.000,433.823
2026-08-12 20:50:46.445706,5787.805,433.958,433.823
2026-08-12 20:50:47.445706,5788.805,433.823,433.823
2026-08-12 20:50:48.445706,5789.805,433.620,433.823
2026-08-12 20:50:49.445706,5790.805,433.755,433.823
2026-08-12 20:50:50.445706,5791.805,434.093,433.755
2026-08-12 20:50:51.445706,5792.805,434.295,433.823
2026-08-12 20:50:52.445706,5793.805,434.903,433.958
2026-08-12 20:50:53.445706,5794.805,431.933,434.093
2026-08-12 20:50:54.445706,5795.805,434.228,434.093
2026-08-12 20:50:55.445706,5796.805,433.688,434.093
2026-08-12 20:50:56.445706,5797.805,435.713,434.228
2026-08-12 20:50:57.445706,5798.805,431.123,434.228
2026-08-12 20:50:58.445706,5799.805,436.253,434.295
2026-08-12 20:50:59.445706,5800.805,434.633,434.633
2026-08-12 20:51:00.445706,5801.805,434.093,434.633
2026-08-12 20:51:01.445706,5802.805,435.038,434.768
2026-08-12 20:51:02.445706,5803.805,433.350,434.768
2026-08-12 20:51:03.445706,5804.805,434.768,434.768
2026-08-12 20:51:04.445706,5805.805,432.608,434.633
2026-08-12 20:51:05.445706,5806.805,435.713,434.633
2026-08-12 20:51:06.445706,5807.805,434.903,434.633
2026-08-12 20:51:07.445706,5808.805,435.240,434.498
2026-08-12 20:51:08.445706,5809.805,435.578,434.633
2026-08-12 20:51:09.445706,5810.805,434.498,434.498
2026-08-12 20:51:10.445706,5811.805,433.620,434.633
2026-08-12 20:51:11.445706,5812.805,434.363,434.633
2026-08-12 20:51:12.445706,5813.805,433.553,434.903
2026-08-12 20:51:13.445706,5814.805,434.633,434.903
2026-08-12 20:51:14.445706,5815.805,434.160,435.240
2026-08-12 20:51:15.445706,5816.805,437.738,434.633
2026-08-12 20:51:16.445706,5817.805,431.055,434.498
2026-08-12 20:51:17.445706,5818.805,435.308,434.363
2026-08-12 20:51:18.445706,5819.805,437.535,434.363
2026-08-12 20:51:19.445706,5820.805,435.915,434.498
2026-08-12 20:51:20.445706,5821.805,444.150,434.633
2026-08-12 20:51:21.445706,5822.805,464.603,434.498
2026-08-12 20:51:22.445706,5823.805,433.350,434.498
2026-08-12 20:51:23.445706,5824.805,426.330,433.350
2026-08-12 20:51:24.445706,5825.805,424.913,434.498
2026-08-12 20:51:25.445706,5826.805,426.398,434.498
2026-08-12 20:51:26.445706,5827.805,434.498,434.498
2026-08-12 20:51:27.445706,5828.805,551.273,434.498
2026-08-12 20:51:28.445706,5829.805,395.145,434.498
2026-08-12 20:51:29.445706,5830.805,388.463,434.498
2026-08-12 20:51:30.445706,5831.805,389.003,491.603
2026-08-12 20:51:31.445706,5832.805,572.400,491.603
2026-08-12 20:51:32.445706,5833.805,503.348,492.480
2026-08-12 20:51:33.445706,5834.805,508.343,492.480
2026-08-12 20:51:34.445706,5835.805,494.235,492.480
2026-08-12 20:51:35.445706,5836.805,495.045,491.603
2026-08-12 20:51:36.445706,5837.805,492.480,491.603
2026-08-12 20:51:37.445706,5838.805,491.603,491.603
2026-08-12 20:51:38.445706,5839.805,481.680,491.603
2026-08-12 20:51:39.445706,5840.805,497.543,481.680
2026-08-12 20:51:40.445706,5841.805,462.308,462.308
2026-08-12 20:51:41.445706,5842.805,461.970,461.970
2026-08-12 20:51:42.445706,5843.805,451.170,451.170
2026-08-12 20:51:43.445706,5844.805,444.758,444.758
2026-08-12 20:51:44.445706,5845.805,444.285,444.285
2026-08-12 20:51:45.445706,5846.805,443.813,443.813
2026-08-12 20:51:46.445706,5847.805,443.813,443.813
2026-08-12 20:51:47.445706,5848.805,443.543,443.745
2026-08-12 20:51:48.445706,5849.805,443.070,443.543
2026-08-12 20:51:49.445706,5850.805,440.910,443.070
2026-08-12 20:51:50.445706,5851.805,441.450,442.868
2026-08-12 20:51:51.445706,5852.805,442.868,441.450
2026-08-12 20:51:52.445706,5853.805,443.745,440.910
2026-08-12 20:51:53.445706,5854.805,439.560,439.898
2026-08-12 20:51:54.445706,5855.805,439.898,439.560
2026-08-12 20:51:55.445706,5856.805,437.400,438.548
2026-08-12 20:51:56.445706,5857.805,438.548,438.008
2026-08-12 20:51:57.445706,5858.805,437.535,438.008
2026-08-12 20:51:58.445706,5859.805,437.535,438.008
2026-08-12 20:51:59.445706,5860.805,436.118,438.008
2026-08-12 20:52:00.445706,5861.805,435.443,437.535
2026-08-12 20:52:01.445706,5862.805,438.008,437.535
2026-08-12 20:52:02.445706,5863.805,437.198,437.400
2026-08-12 20:52:03.445706,5864.805,437.265,437.265
2026-08-12 20:52:04.445706,5865.805,438.885,437.265
2026-08-12 20:52:05.445706,5866.805,439.425,437.265
2026-08-12 20:52:06.445706,5867.805,438.345,437.265
2026-08-12 20:52:07.445706,5868.805,436.523,437.468
2026-08-12 20:52:08.445706,5869.805,436.928,437.468
2026-08-12 20:52:09.445706,5870.805,435.645,437.468
2026-08-12 20:52:10.445706,5871.805,435.848,437.468
2026-08-12 20:52:11.445706,5872.805,439.155,437.468
2026-08-12 20:52:12.445706,5873.805,437.738,437.468
2026-08-12 20:52:13.445706,5874.805,437.468,437.468
2026-08-12 20:52:14.445706,5875.805,438.480,437.468
2026-08-12 20:52:15.445706,5876.805,436.253,437.468
2026-08-12 20:52:16.445706,5877.805,437.940,437.535
2026-08-12 20:52:17.445706,5878.805,435.645,437.738
2026-08-12 20:52:18.445706,5879.805,437.468,437.738
2026-08-12 20:52:19.445706,5880.805,438.075,437.738
2026-08-12 20:52:20.445706,5881.805,437.535,437.670
2026-08-12 20:52:21.445706,5882.805,436.725,437.738
2026-08-12 20:52:22.445706,5883.805,440.100,437.738
2026-08-12 20:52:23.445706,5884.805,437.738,437.738
2026-08-12 20:52:24.445706,5885.805,440.708,437.738
2026-08-12 20:52:25.445706,5886.805,437.400,437.738
2026-08-12 20:52:26.445706,5887.805,439.695,437.738
2026-08-12 20:52:27.445706,5888.805,437.670,437.670
2026-08-12 20:52:28.445706,5889.805,438.008,437.738
2026-08-12 20:52:29.445706,5890.805,439.830,437.738
2026-08-12 20:52:30.445706,5891.805,436.793,437.670
2026-08-12 20:52:31.445706,5892.805,438.885,437.400
2026-08-12 20:52:32.445706,5893.805,437.400,437.400
2026-08-12 20:52:33.445706,5894.805,436.590,437.333
2026-08-12 20:52:34.445706,5895.805,434.498,437.333
2026-08-12 20:52:35.445706,5896.805,438.818,437.333
2026-08-12 20:52:36.445706,5897.805,436.523,436.793
2026-08-12 20:52:37.445706,5898.805,436.523,436.793
2026-08-12 20:52:38.445706,5899.805,436.388,436.793
2026-08-12 20:52:39.445706,5900.805,437.333,436.590
2026-08-12 20:52:40.445706,5901.805,436.523,436.590
2026-08-12 20:52:41.445706,5902.805,437.940,436.793
2026-08-12 20:52:42.445706,5903.805,437.940,437.198
2026-08-12 20:52:43.445706,5904.805,436.793,436.793
2026-08-12 20:52:44.445706,5905.805,435.578,437.198
2026-08-12 20:52:45.445706,5906.805,437.198,437.333
2026-08-12 20:52:46.445706,5907.805,435.848,437.940
2026-08-12 20:52:47.445706,5908.805,438.750,437.940
2026-08-12 20:52:48.445706,5909.805,438.683,437.940
2026-08-12 20:52:49.445706,5910.805,438.750,438.548
2026-08-12 20:52:50.445706,5911.805,436.320,438.683
2026-08-12 20:52:51.445706,5912.805,440.640,438.683
2026-08-12 20:52:52.445706,5913.805,438.548,438.683
2026-08-12 20:52:53.445706,5914.805,440.100,438.683
2026-08-12 20:52:54.445706,5915.805,435.915,438.683
2026-08-12 20:52:55.445706,5916.805,438.683,438.683
2026-08-12 20:52:56.445706,5917.805,439.628,438.683
2026-08-12 20:52:57.445706,5918.805,439.223,438.548
2026-08-12 20:52:58.445706,5919.805,437.738,438.683
2026-08-12 20:52:59.445706,5920.805,438.008,438.548
2026-08-12 20:53:00.445706,5921.805,438.480,438.480
2026-08-12 20:53:01.445706,5922.805,437.670,438.008
2026-08-12 20:53:02.445706,5923.805,438.953,438.278
2026-08-12 20:53:03.445706,5924.805,438.953,438.278
2026-08-12 20:53:04.445706,5925.805,436.320,438.008
2026-08-12 20:53:05.445706,5926.805,440.708,438.008
2026-08-12 20:53:06.445706,5927.805,436.725,438.278
2026-08-12 20:53:07.445706,5928.805,437.198,438.278
2026-08-12 20:53:08.445706,5929.805,436.793,438.278
2026-08-12 20:53:09.445706,5930.805,438.278,438.278
2026-08-12 20:53:10.445706,5931.805,438.480,438.278
2026-08-12 20:53:11.445706,5932.805,436.860,438.278
2026-08-12 20:53:12.445706,5933.805,438.345,438.278
2026-08-12 20:53:13.445706,5934.805,439.830,438.278
2026-08-12 20:53:14.445706,5935.805,437.198,438.278
2026-08-12 20:53:15.445706,5936.805,439.020,438.278
2026-08-12 20:53:16.445706,5937.805,434.903,438.345
2026-08-12 20:53:17.445706,5938.805,438.615,438.345
2026-08-12 20:53:18.445706,5939.805,439.155,437.940
2026-08-12 20:53:19.445706,5940.805,437.535,437.940
2026-08-12 20:53:20.445706,5941.805,439.155,437.940
2026-08-12 20:53:21.445706,5942.805,437.333,437.535
2026-08-12 20:53:22.445706,5943.805,437.400,437.940
2026-08-12 20:53:23.445706,5944.805,439.020,437.940
2026-08-12 20:53:24.445706,5945.805,435.510,438.210
2026-08-12 20:53:25.445706,5946.805,437.940,438.210
2026-08-12 20:53:26.445706,5947.805,434.430,437.940
2026-08-12 20:53:27.445706,5948.805,439.290,438.210
2026-08-12 20:53:28.445706,5949.805,436.253,437.940
2026-08-12 20:53:29.445706,5950.805,441.315,438.210
2026-08-12 20:53:30.445706,5951.805,438.210,438.953
2026-08-12 20:53:31.445706,5952.805,441.923,438.210
2026-08-12 20:53:32.445706,5953.805,438.953,438.953
2026-08-12 20:53:33.445706,5954.805,436.118,438.953
2026-08-12 20:53:34.445706,5955.805,439.223,438.953
2026-08-12 20:53:35.445706,5956.805,435.983,438.210
2026-08-12 20:53:36.445706,5957.805,439.493,438.953
2026-08-12 20:53:37.445706,5958.805,439.425,438.210
2026-08-12 20:53:38.445706,5959.805,437.400,438.953
2026-08-12 20:53:39.445706,5960.805,440.708,438.143
2026-08-12 20:53:40.445706,5961.805,435.308,437.873
2026-08-12 20:53:41.445706,5962.805,437.468,438.143
2026-08-12 20:53:42.445706,5963.805,438.143,438.143
2026-08-12 20:53:43.445706,5964.805,439.628,438.143
2026-08-12 20:53:44.445706,5965.805,437.873,438.143
2026-08-12 20:53:45.445706,5966.805,439.358,438.143
2026-08-12 20:53:46.445706,5967.805,437.400,438.143
2026-08-12 20:53:47.445706,5968.805,436.725,438.143
2026-08-12 20:53:48.445706,5969.805,438.683,438.210
2026-08-12 20:53:49.445706,5970.805,441.788,438.210
2026-08-12 20:53:50.445706,5971.805,438.008,438.615
2026-08-12 20:53:51.445706,5972.805,438.210,438.615
2026-08-12 20:53:52.445706,5973.805,439.155,438.683
2026-08-12 20:53:53.445706,5974.805,437.805,438.615
2026-08-12 20:53:54.445706,5975.805,439.560,438.683
2026-08-12 20:53:55.445706,5976.805,438.615,438.953
2026-08-12 20:53:56.445706,5977.805,436.725,439.155
2026-08-12 20:53:57.445706,5978.805,441.585,439.155
2026-08-12 20:53:58.445706,5979.805,440.100,439.155
2026-08-12 20:53:59.445706,5980.805,442.328,439.155
2026-08-12 20:54:00.445706,5981.805,436.928,439.020
2026-08-12 20:54:01.445706,5982.805,441.450,439.020
2026-08-12 20:54:02.445706,5983.805,438.953,438.953
2026-08-12 20:54:03.445706,5984.805,439.358,438.953
2026-08-12 20:54:04.445706,5985.805,440.235,439.020
2026-08-12 20:54:05.445706,5986.805,439.020,438.953
2026-08-12 20:54:06.445706,5987.805,436.793,438.480
2026-08-12 20:54:07.445706,5988.805,438.480,437.940
2026-08-12 20:54:08.445706,5989.805,437.873,437.940
2026-08-12 20:54:09.445706,5990.805,437.940,437.940
2026-08-12 20:54:10.445706,5991.805,436.388,437.873
2026-08-12 20:54:11.445706,5992.805,439.088,437.805
2026-08-12 20:54:12.445706,5993.805,437.805,437.805
2026-08-12 20:54:13.445706,5994.805,436.388,437.535
2026-08-12 20:54:14.445706,5995.805,435.443,437.535
2026-08-12 20:54:15.445706,5996.805,434.093,436.388
2026-08-12 20:54:16.445706,5997.805,438.413,436.388
2026-08-12 20:54:17.445706,5998.805,428.625,436.118
2026-08-12 20:54:18.445706,5999.805,437.535,436.118
2026-08-12 20:54:19.445706,6000.805,439.223,436.118
2026-08-12 20:54:20.445706,6001.805,436.118,435.443
2026-08-12 20:54:21.445706,6002.805,434.903,434.903
2026-08-12 20:54:22.445706,6003.805,429.908,434.835
2026-08-12 20:54:23.445706,6004.805,434.835,434.835
2026-08-12 20:54:24.445706,6005.805,436.118,433.485
2026-08-12 20:54:25.445706,6006.805,432.068,433.485
2026-08-12 20:54:26.445706,6007.805,436.928,433.148
2026-08-12 20:54:27.445706,6008.805,432.540,432.810
2026-08-12 20:54:28.445706,6009.805,432.810,432.540
2026-08-12 20:54:29.445706,6010.805,433.148,432.068
2026-08-12 20:54:30.445706,6011.805,433.485,432.068
2026-08-12 20:54:31.445706,6012.805,430.448,430.448
2026-08-12 20:54:32.445706,6013.805,429.300,429.300
2026-08-12 20:54:33.445706,6014.805,425.925,429.030
2026-08-12 20:54:34.445706,6015.805,423.495,426.263
2026-08-12 20:54:35.445706,6016.805,426.263,425.925
2026-08-12 20:54:36.445706,6017.805,422.820,425.385
2026-08-12 20:54:37.445706,6018.805,429.030,424.373
2026-08-12 20:54:38.445706,6019.805,425.385,423.495
2026-08-12 20:54:39.445706,6020.805,421.808,423.495
2026-08-12 20:54:40.445706,6021.805,424.373,422.820
2026-08-12 20:54:41.445706,6022.805,422.280,422.348
2026-08-12 20:54:42.445706,6023.805,420.120,422.280
2026-08-12 20:54:43.445706,6024.805,420.660,421.808
2026-08-12 20:54:44.445706,6025.805,419.850,420.863
2026-08-12 20:54:45.445706,6026.805,420.863,420.660
2026-08-12 20:54:46.445706,6027.805,424.913,420.390
2026-08-12 20:54:47.445706,6028.805,422.348,420.120
2026-08-12 20:54:48.445706,6029.805,420.390,419.850
2026-08-12 20:54:49.445706,6030.805,415.260,415.463
2026-08-12 20:54:50.445706,6031.805,415.463,415.260
2026-08-12 20:54:51.445706,6032.805,414.045,414.045
2026-08-12 20:54:52.445706,6033.805,411.885,412.223
2026-08-12 20:54:53.445706,6034.805,409.118,411.885
2026-08-12 20:54:54.445706,6035.805,412.223,410.265
2026-08-12 20:54:55.445706,6036.805,410.265,410.198
2026-08-12 20:54:56.445706,6037.805,407.093,409.388
2026-08-12 20:54:57.445706,6038.805,410.198,409.118
2026-08-12 20:54:58.445706,6039.805,409.388,407.093
2026-08-12 20:54:59.445706,6040.805,402.300,406.553
2026-08-12 20:55:00.445706,6041.805,406.215,406.215
2026-08-12 20:55:01.445706,6042.805,406.553,404.528
2026-08-12 20:55:02.445706,6043.805,404.528,403.110
2026-08-12 20:55:03.445706,6044.805,401.153,402.300
2026-08-12 20:55:04.445706,6045.805,398.993,402.098
2026-08-12 20:55:05.445706,6046.805,402.030,402.030
2026-08-12 20:55:06.445706,6047.805,399.263,401.153
2026-08-12 20:55:07.445706,6048.805,403.110,400.073
2026-08-12 20:55:08.445706,6049.805,402.098,400.073
2026-08-12 20:55:09.445706,6050.805,400.073,399.735
2026-08-12 20:55:10.445706,6051.805,398.858,399.263
2026-08-12 20:55:11.445706,6052.805,399.735,398.993
2026-08-12 20:55:12.445706,6053.805,395.888,398.858
2026-08-12 20:55:13.445706,6054.805,397.643,397.710
2026-08-12 20:55:14.445706,6055.805,397.710,397.710
2026-08-12 20:55:15.445706,6056.805,400.883,397.643
2026-08-12 20:55:16.445706,6057.805,396.630,397.103
2026-08-12 20:55:17.445706,6058.805,397.103,397.035
2026-08-12 20:55:18.445706,6059.805,396.968,397.035
2026-08-12 20:55:19.445706,6060.805,397.035,397.035
2026-08-12 20:55:20.445706,6061.805,397.035,397.035
2026-08-12 20:55:21.445706,6062.805,398.385,397.035
2026-08-12 20:55:22.445706,6063.805,394.470,397.035
2026-08-12 20:55:23.445706,6064.805,396.158,397.035
2026-08-12 20:55:24.445706,6065.805,396.630,397.035
2026-08-12 20:55:25.445706,6066.805,395.955,397.035
2026-08-12 20:55:26.445706,6067.805,397.508,397.103
2026-08-12 20:55:27.445706,6068.805,397.238,397.103
2026-08-12 20:55:28.445706,6069.805,397.103,397.238
2026-08-12 20:55:29.445706,6070.805,397.440,397.103
2026-08-12 20:55:30.445706,6071.805,398.318,397.238
2026-08-12 20:55:31.445706,6072.805,396.833,397.440
2026-08-12 20:55:32.445706,6073.805,399.600,397.440
2026-08-12 20:55:33.445706,6074.805,398.723,397.508
2026-08-12 20:55:34.445706,6075.805,396.900,397.440
2026-08-12 20:55:35.445706,6076.805,399.735,398.318
2026-08-12 20:55:36.445706,6077.805,396.900,398.723
2026-08-12 20:55:37.445706,6078.805,403.785,399.600
2026-08-12 20:55:38.445706,6079.805,399.735,399.735
2026-08-12 20:55:39.445706,6080.805,397.440,399.735
2026-08-12 20:55:40.445706,6081.805,401.760,401.760
2026-08-12 20:55:41.445706,6082.805,397.238,402.908
2026-08-12 20:55:42.445706,6083.805,402.908,403.380
2026-08-12 20:55:43.445706,6084.805,406.688,403.785
2026-08-12 20:55:44.445706,6085.805,405.068,405.068
2026-08-12 20:55:45.445706,6086.805,403.380,405.338
2026-08-12 20:55:46.445706,6087.805,406.148,406.148
2026-08-12 20:55:47.445706,6088.805,406.688,406.688
2026-08-12 20:55:48.445706,6089.805,405.338,406.688
2026-08-12 20:55:49.445706,6090.805,407.228,407.228
2026-08-12 20:55:50.445706,6091.805,408.443,408.038
2026-08-12 20:55:51.445706,6092.805,408.038,408.443
2026-08-12 20:55:52.445706,6093.805,408.578,408.578
2026-08-12 20:55:53.445706,6094.805,410.603,410.265
2026-08-12 20:55:54.445706,6095.805,410.468,410.468
2026-08-12 20:55:55.445706,6096.805,410.265,410.603
2026-08-12 20:55:56.445706,6097.805,413.168,413.168
2026-08-12 20:55:57.445706,6098.805,416.543,415.868
2026-08-12 20:55:58.445706,6099.805,415.868,415.868
2026-08-12 20:55:59.445706,6100.805,417.420,416.543
2026-08-12 20:56:00.445706,6101.805,417.218,416.948
2026-08-12 20:56:01.445706,6102.805,416.948,417.218
2026-08-12 20:56:02.445706,6103.805,415.868,417.420
2026-08-12 20:56:03.445706,6104.805,417.555,417.555
2026-08-12 20:56:04.445706,6105.805,419.648,419.648
2026-08-12 20:56:05.445706,6106.805,426.060,420.998
2026-08-12 20:56:06.445706,6107.805,429.368,421.268
2026-08-12 20:56:07.445706,6108.805,431.055,421.605
2026-08-12 20:56:08.445706,6109.805,421.268,424.980
2026-08-12 20:56:09.445706,6110.805,420.998,424.980
2026-08-12 20:56:10.445706,6111.805,426.330,426.060
2026-08-12 20:56:11.445706,6112.805,427.005,426.195
2026-08-12 20:56:12.445706,6113.805,421.605,426.330
2026-08-12 20:56:13.445706,6114.805,426.195,427.005
2026-08-12 20:56:14.445706,6115.805,429.165,427.005
2026-08-12 20:56:15.445706,6116.805,424.980,427.005
2026-08-12 20:56:16.445706,6117.805,422.685,427.883
2026-08-12 20:56:17.445706,6118.805,430.448,429.165
2026-08-12 20:56:18.445706,6119.805,432.203,430.448
2026-08-12 20:56:19.445706,6120.805,436.860,432.203
2026-08-12 20:56:20.445706,6121.805,427.883,432.203
2026-08-12 20:56:21.445706,6122.805,432.540,432.540
2026-08-12 20:56:22.445706,6123.805,434.498,432.540
2026-08-12 20:56:23.445706,6124.805,432.945,432.540
2026-08-12 20:56:24.445706,6125.805,434.835,432.540
2026-08-12 20:56:25.445706,6126.805,437.333,432.945
2026-08-12 20:56:26.445706,6127.805,433.013,432.945
2026-08-12 20:56:27.445706,6128.805,431.325,432.945
2026-08-12 20:56:28.445706,6129.805,433.823,433.013
2026-08-12 20:56:29.445706,6130.805,427.005,433.823
2026-08-12 20:56:30.445706,6131.805,431.325,433.823
2026-08-12 20:56:31.445706,6132.805,427.680,434.835
2026-08-12 20:56:32.445706,6133.805,436.928,434.835
2026-08-12 20:56:33.445706,6134.805,430.110,434.835
2026-08-12 20:56:34.445706,6135.805,438.075,435.240
2026-08-12 20:56:35.445706,6136.805,439.223,436.050
2026-08-12 20:56:36.445706,6137.805,436.320,436.320
2026-08-12 20:56:37.445706,6138.805,434.835,436.928
2026-08-12 20:56:38.445706,6139.805,437.333,437.063
2026-08-12 20:56:39.445706,6140.805,435.240,437.198
2026-08-12 20:56:40.445706,6141.805,436.050,437.333
2026-08-12 20:56:41.445706,6142.805,437.873,437.873
2026-08-12 20:56:42.445706,6143.805,439.628,437.333
2026-08-12 20:56:43.445706,6144.805,438.548,437.198
2026-08-12 20:56:44.445706,6145.805,439.155,437.198
2026-08-12 20:56:45.445706,6146.805,437.063,437.198
2026-08-12 20:56:46.445706,6147.805,437.198,437.198
2026-08-12 20:56:47.445706,6148.805,438.143,437.873
2026-08-12 20:56:48.445706,6149.805,438.480,437.940
2026-08-12 20:56:49.445706,6150.805,433.620,438.143
2026-08-12 20:56:50.445706,6151.805,432.338,438.143
2026-08-12 20:56:51.445706,6152.805,429.098,438.143
2026-08-12 20:56:52.445706,6153.805,435.780,438.143
2026-08-12 20:56:53.445706,6154.805,437.940,438.210
2026-08-12 20:56:54.445706,6155.805,438.210,438.480
2026-08-12 20:56:55.445706,6156.805,440.033,440.033
2026-08-12 20:56:56.445706,6157.805,461.093,444.420
2026-08-12 20:56:57.445706,6158.805,487.890,446.985
2026-08-12 20:56:58.445706,6159.805,477.023,447.053
2026-08-12 20:56:59.445706,6160.805,449.280,447.255
2026-08-12 20:57:00.445706,6161.805,444.420,447.323
2026-08-12 20:57:01.445706,6162.805,450.833,449.213
2026-08-12 20:57:02.445706,6163.805,449.213,449.280
2026-08-12 20:57:03.445706,6164.805,447.323,449.280
2026-08-12 20:57:04.445706,6165.805,446.985,449.280
2026-08-12 20:57:05.445706,6166.805,447.053,449.280
2026-08-12 20:57:06.445706,6167.805,447.255,449.213
2026-08-12 20:57:07.445706,6168.805,450.090,447.323
2026-08-12 20:57:08.445706,6169.805,451.980,447.323
2026-08-12 20:57:09.445706,6170.805,450.360,447.255
2026-08-12 20:57:10.445706,6171.805,440.505,447.053
2026-08-12 20:57:11.445706,6172.805,456.098,446.985
2026-08-12 20:57:12.445706,6173.805,455.288,447.053
2026-08-12 20:57:13.445706,6174.805,424.440,447.255
2026-08-12 20:57:14.445706,6175.805,425.520,450.090
2026-08-12 20:57:15.445706,6176.805,432.338,446.918
2026-08-12 20:57:16.445706,6177.805,433.350,440.505
2026-08-12 20:57:17.445706,6178.805,439.425,439.425
2026-08-12 20:57:18.445706,6179.805,446.918,437.130
2026-08-12 20:57:19.445706,6180.805,454.478,433.485
2026-08-12 20:57:20.445706,6181.805,481.343,433.350
2026-08-12 20:57:21.445706,6182.805,454.208,433.350
2026-08-12 20:57:22.445706,6183.805,437.130,433.350
2026-08-12 20:57:23.445706,6184.805,432.405,433.350
2026-08-12 20:57:24.445706,6185.805,433.485,432.405
2026-08-12 20:57:25.445706,6186.805,431.933,431.933
2026-08-12 20:57:26.445706,6187.805,429.773,431.055
2026-08-12 20:57:27.445706,6188.805,428.153,430.313
2026-08-12 20:57:28.445706,6189.805,431.055,429.840
2026-08-12 20:57:29.445706,6190.805,428.153,429.840
2026-08-12 20:57:30.445706,6191.805,429.773,429.773
2026-08-12 20:57:31.445706,6192.805,429.840,429.773
2026-08-12 20:57:32.445706,6193.805,426.870,429.638
2026-08-12 20:57:33.445706,6194.805,429.098,429.098
2026-08-12 20:57:34.445706,6195.805,430.313,428.760
2026-08-12 20:57:35.445706,6196.805,429.638,428.760
2026-08-12 20:57:36.445706,6197.805,430.313,428.153
2026-08-12 20:57:37.445706,6198.805,428.760,427.073
2026-08-12 20:57:38.445706,6199.805,426.330,427.005
2026-08-12 20:57:39.445706,6200.805,426.263,426.870
2026-08-12 20:57:40.445706,6201.805,427.005,426.803
2026-08-12 20:57:41.445706,6202.805,425.183,426.803
2026-08-12 20:57:42.445706,6203.805,427.073,426.803
2026-08-12 20:57:43.445706,6204.805,425.183,426.330
2026-08-12 20:57:44.445706,6205.805,426.803,426.330
2026-08-12 20:57:45.445706,6206.805,424.440,426.263
2026-08-12 20:57:46.445706,6207.805,426.128,426.128
2026-08-12 20:57:47.445706,6208.805,426.060,426.060
2026-08-12 20:57:48.445706,6209.805,428.490,425.318
2026-08-12 20:57:49.445706,6210.805,428.760,425.453
2026-08-12 20:57:50.445706,6211.805,425.250,425.318
2026-08-12 20:57:51.445706,6212.805,426.735,425.318
2026-08-12 20:57:52.445706,6213.805,424.238,425.318
2026-08-12 20:57:53.445706,6214.805,425.048,425.318
2026-08-12 20:57:54.445706,6215.805,425.318,425.250
2026-08-12 20:57:55.445706,6216.805,419.243,425.048
2026-08-12 20:57:56.445706,6217.805,425.453,424.575
2026-08-12 20:57:57.445706,6218.805,424.305,424.575
2026-08-12 20:57:58.445706,6219.805,422.753,424.440
2026-08-12 20:57:59.445706,6220.805,426.330,424.305
2026-08-12 20:58:00.445706,6221.805,422.415,424.305
2026-08-12 20:58:01.445706,6222.805,424.575,424.305
2026-08-12 20:58:02.445706,6223.805,424.238,424.238
2026-08-12 20:58:03.445706,6224.805,424.440,424.238
2026-08-12 20:58:04.445706,6225.805,425.115,423.698
2026-08-12 20:58:05.445706,6226.805,422.348,423.698
2026-08-12 20:58:06.445706,6227.805,421.538,423.698
2026-08-12 20:58:07.445706,6228.805,421.335,423.698
2026-08-12 20:58:08.445706,6229.805,427.883,423.698
2026-08-12 20:58:09.445706,6230.805,423.698,423.630
2026-08-12 20:58:10.445706,6231.805,422.618,423.225
2026-08-12 20:58:11.445706,6232.805,421.605,422.685
2026-08-12 20:58:12.445706,6233.805,423.698,422.685
2026-08-12 20:58:13.445706,6234.805,424.710,422.685
2026-08-12 20:58:14.445706,6235.805,423.225,422.685
2026-08-12 20:58:15.445706,6236.805,423.630,422.685
2026-08-12 20:58:16.445706,6237.805,422.685,422.618
2026-08-12 20:58:17.445706,6238.805,422.348,422.348
2026-08-12 20:58:18.445706,6239.805,422.685,421.808
2026-08-12 20:58:19.445706,6240.805,421.808,421.808
2026-08-12 20:58:20.445706,6241.805,421.808,421.808
2026-08-12 20:58:21.445706,6242.805,418.028,421.268
2026-08-12 20:58:22.445706,6243.805,420.930,421.133
2026-08-12 20:58:23.445706,6244.805,421.133,420.930
2026-08-12 20:58:24.445706,6245.805,419.715,419.715
2026-08-12 20:58:25.445706,6246.805,421.268,418.770
2026-08-12 20:58:26.445706,6247.805,418.770,418.770
2026-08-12 20:58:27.445706,6248.805,416.408,418.433
2026-08-12 20:58:28.445706,6249.805,417.218,418.433
2026-08-12 20:58:29.445706,6250.805,416.205,418.770
2026-08-12 20:58:30.445706,6251.805,417.690,418.770
2026-08-12 20:58:31.445706,6252.805,418.770,418.433
2026-08-12 20:58:32.445706,6253.805,418.433,418.095
2026-08-12 20:58:33.445706,6254.805,416.003,418.095
2026-08-12 20:58:34.445706,6255.805,418.095,417.690
2026-08-12 20:58:35.445706,6256.805,419.175,417.690
2026-08-12 20:58:36.445706,6257.805,419.310,417.690
2026-08-12 20:58:37.445706,6258.805,420.998,418.095
2026-08-12 20:58:38.445706,6259.805,417.218,418.095
2026-08-12 20:58:39.445706,6260.805,417.420,417.555
2026-08-12 20:58:40.445706,6261.805,418.635,417.420
2026-08-12 20:58:41.445706,6262.805,417.555,417.555
2026-08-12 20:58:42.445706,6263.805,414.923,417.555
2026-08-12 20:58:43.445706,6264.805,416.948,417.420
2026-08-12 20:58:44.445706,6265.805,418.770,417.218
2026-08-12 20:58:45.445706,6266.805,416.340,417.218
2026-08-12 20:58:46.445706,6267.805,414.855,416.948
2026-08-12 20:58:47.445706,6268.805,412.425,416.678
2026-08-12 20:58:48.445706,6269.805,417.960,416.340
2026-08-12 20:58:49.445706,6270.805,418.568,415.733
2026-08-12 20:58:50.445706,6271.805,416.678,415.733
2026-08-12 20:58:51.445706,6272.805,413.708,414.855
2026-08-12 20:58:52.445706,6273.805,417.285,414.248
2026-08-12 20:58:53.445706,6274.805,414.045,414.045
2026-08-12 20:58:54.445706,6275.805,415.733,413.978
2026-08-12 20:58:55.445706,6276.805,412.088,413.978
2026-08-12 20:58:56.445706,6277.805,412.020,413.708
2026-08-12 20:58:57.445706,6278.805,413.303,413.303
2026-08-12 20:58:58.445706,6279.805,413.978,412.695
2026-08-12 20:58:59.445706,6280.805,414.248,412.088
2026-08-12 20:59:00.445706,6281.805,412.695,412.088
2026-08-12 20:59:01.445706,6282.805,412.020,412.020
2026-08-12 20:59:02.445706,6283.805,411.278,412.020
2026-08-12 20:59:03.445706,6284.805,410.333,411.683
2026-08-12 20:59:04.445706,6285.805,411.683,411.683
2026-08-12 20:59:05.445706,6286.805,411.075,411.278
2026-08-12 20:59:06.445706,6287.805,409.455,411.075
2026-08-12 20:59:07.445706,6288.805,412.358,411.008
2026-08-12 20:59:08.445706,6289.805,409.050,410.333
2026-08-12 20:59:09.445706,6290.805,408.780,409.860
2026-08-12 20:59:10.445706,6291.805,411.683,409.793
2026-08-12 20:59:11.445706,6292.805,409.860,409.658
2026-08-12 20:59:12.445706,6293.805,409.658,409.455
2026-08-12 20:59:13.445706,6294.805,411.008,409.050
2026-08-12 20:59:14.445706,6295.805,408.443,408.780
2026-08-12 20:59:15.445706,6296.805,408.645,408.645
2026-08-12 20:59:16.445706,6297.805,409.793,408.443
2026-08-12 20:59:17.445706,6298.805,405.878,406.553
2026-08-12 20:59:18.445706,6299.805,404.393,405.878
2026-08-12 20:59:19.445706,6300.805,405.405,405.675
2026-08-12 20:59:20.445706,6301.805,405.675,405.608
2026-08-12 20:59:21.445706,6302.805,405.405,405.405
2026-08-12 20:59:22.445706,6303.805,405.338,405.405
2026-08-12 20:59:23.445706,6304.805,404.865,405.338
2026-08-12 20:59:24.445706,6305.805,406.553,405.338
2026-08-12 20:59:25.445706,6306.805,405.608,404.865
2026-08-12 20:59:26.445706,6307.805,402.975,404.865
2026-08-12 20:59:27.445706,6308.805,404.865,404.865
2026-08-12 20:59:28.445706,6309.805,405.338,404.190
2026-08-12 20:59:29.445706,6310.805,402.368,403.448
2026-08-12 20:59:30.445706,6311.805,402.368,402.975
2026-08-12 20:59:31.445706,6312.805,404.190,402.908
2026-08-12 20:59:32.445706,6313.805,401.760,402.368
2026-08-12 20:59:33.445706,6314.805,402.908,402.368
2026-08-12 20:59:34.445706,6315.805,401.693,402.098
2026-08-12 20:59:35.445706,6316.805,403.448,402.030
2026-08-12 20:59:36.445706,6317.805,401.490,401.760
2026-08-12 20:59:37.445706,6318.805,402.030,401.693
2026-08-12 20:59:38.445706,6319.805,401.625,401.625
2026-08-12 20:59:39.445706,6320.805,402.098,401.490
2026-08-12 20:59:40.445706,6321.805,399.263,400.748
2026-08-12 20:59:41.445706,6322.805,399.060,400.343
2026-08-12 20:59:42.445706,6323.805,400.748,399.668
2026-08-12 20:59:43.445706,6324.805,400.343,399.263
2026-08-12 20:59:44.445706,6325.805,398.115,399.060
2026-08-12 20:59:45.445706,6326.805,399.668,398.385
2026-08-12 20:59:46.445706,6327.805,396.428,398.115
2026-08-12 20:59:47.445706,6328.805,395.888,396.765
2026-08-12 20:59:48.445706,6329.805,398.385,396.428
2026-08-12 20:59:49.445706,6330.805,396.765,395.888
2026-08-12 20:59:50.445706,6331.805,395.415,395.415
2026-08-12 20:59:51.445706,6332.805,391.500,395.280
2026-08-12 20:59:52.445706,6333.805,395.280,394.268
2026-08-12 20:59:53.445706,6334.805,394.268,393.053
2026-08-12 20:59:54.445706,6335.805,393.053,391.500
2026-08-12 20:59:55.445706,6336.805,389.340,390.893
2026-08-12 20:59:56.445706,6337.805,389.678,390.893
2026-08-12 20:59:57.445706,6338.805,390.893,390.690
2026-08-12 20:59:58.445706,6339.805,390.690,390.690
2026-08-12 20:59:59.445706,6340.805,390.690,390.690
2026-08-12 21:00:00.445706,6341.805,387.990,390.690
2026-08-12 21:00:01.445706,6342.805,390.690,390.083
2026-08-12 21:00:02.445706,6343.805,390.893,390.083
2026-08-12 21:00:03.445706,6344.805,390.083,390.083
2026-08-12 21:00:04.445706,6345.805,388.935,390.083
2026-08-12 21:00:05.445706,6346.805,390.825,388.935
2026-08-12 21:00:06.445706,6347.805,384.480,387.990
2026-08-12 21:00:07.445706,6348.805,386.100,387.450
2026-08-12 21:00:08.445706,6349.805,387.450,386.910
2026-08-12 21:00:09.445706,6350.805,390.218,386.303
2026-08-12 21:00:10.445706,6351.805,386.910,386.100
2026-08-12 21:00:11.445706,6352.805,385.830,385.830
2026-08-12 21:00:12.445706,6353.805,386.303,384.480
2026-08-12 21:00:13.445706,6354.805,382.725,382.928
2026-08-12 21:00:14.445706,6355.805,381.848,382.725
2026-08-12 21:00:15.445706,6356.805,379.485,382.658
2026-08-12 21:00:16.445706,6357.805,381.645,381.848
2026-08-12 21:00:17.445706,6358.805,382.928,381.645
2026-08-12 21:00:18.445706,6359.805,380.430,381.443
2026-08-12 21:00:19.445706,6360.805,381.443,381.240
2026-08-12 21:00:20.445706,6361.805,382.658,380.903
2026-08-12 21:00:21.445706,6362.805,380.903,380.430
2026-08-12 21:00:22.445706,6363.805,380.430,380.430
2026-08-12 21:00:23.445706,6364.805,380.160,380.430
2026-08-12 21:00:24.445706,6365.805,381.240,380.160
2026-08-12 21:00:25.445706,6366.805,379.080,379.080
2026-08-12 21:00:26.445706,6367.805,378.608,378.675
2026-08-12 21:00:27.445706,6368.805,378.068,378.608
2026-08-12 21:00:28.445706,6369.805,377.865,378.068
2026-08-12 21:00:29.445706,6370.805,378.675,377.865
2026-08-12 21:00:30.445706,6371.805,376.853,377.393
2026-08-12 21:00:31.445706,6372.805,376.583,376.920
2026-08-12 21:00:32.445706,6373.805,376.448,376.853
2026-08-12 21:00:33.445706,6374.805,375.773,376.583
2026-08-12 21:00:34.445706,6375.805,377.393,376.448
2026-08-12 21:00:35.445706,6376.805,376.448,376.448
2026-08-12 21:00:36.445706,6377.805,375.368,375.773
2026-08-12 21:00:37.445706,6378.805,376.920,375.368
2026-08-12 21:00:38.445706,6379.805,371.318,374.490
2026-08-12 21:00:39.445706,6380.805,374.490,374.288
2026-08-12 21:00:40.445706,6381.805,373.748,373.748
2026-08-12 21:00:41.445706,6382.805,374.288,372.600
2026-08-12 21:00:42.445706,6383.805,371.385,372.060
2026-08-12 21:00:43.445706,6384.805,372.600,371.385
2026-08-12 21:00:44.445706,6385.805,372.060,371.318
2026-08-12 21:00:45.445706,6386.805,371.183,371.183
2026-08-12 21:00:46.445706,6387.805,370.373,371.115
2026-08-12 21:00:47.445706,6388.805,371.115,371.048
2026-08-12 21:00:48.445706,6389.805,367.673,370.373
2026-08-12 21:00:49.445706,6390.805,368.753,369.833
2026-08-12 21:00:50.445706,6391.805,371.048,369.562
2026-08-12 21:00:51.445706,6392.805,369.360,369.360
2026-08-12 21:00:52.445706,6393.805,369.562,369.225
2026-08-12 21:00:53.445706,6394.805,369.833,368.753
2026-08-12 21:00:54.445706,6395.805,368.348,368.348
2026-08-12 21:00:55.445706,6396.805,369.225,367.673
2026-08-12 21:00:56.445706,6397.805,367.335,367.335
2026-08-12 21:00:57.445706,6398.805,365.850,367.335
2026-08-12 21:00:58.445706,6399.805,367.335,366.728
2026-08-12 21:00:59.445706,6400.805,365.513,366.660
2026-08-12 21:01:00.445706,6401.805,363.960,366.053
2026-08-12 21:01:01.445706,6402.805,366.660,365.850
2026-08-12 21:01:02.445706,6403.805,364.770,365.513
2026-08-12 21:01:03.445706,6404.805,364.905,365.513
2026-08-12 21:01:04.445706,6405.805,366.728,365.108
2026-08-12 21:01:05.445706,6406.805,366.053,364.905
2026-08-12 21:01:06.445706,6407.805,364.703,364.770
2026-08-12 21:01:07.445706,6408.805,365.513,364.703
2026-08-12 21:01:08.445706,6409.805,363.150,364.703
2026-08-12 21:01:09.445706,6410.805,364.163,364.163
2026-08-12 21:01:10.445706,6411.805,362.138,363.150
2026-08-12 21:01:11.445706,6412.805,365.108,362.138
2026-08-12 21:01:12.445706,6413.805,360.450,361.598
2026-08-12 21:01:13.445706,6414.805,361.598,361.598
2026-08-12 21:01:14.445706,6415.805,361.598,361.598
2026-08-12 21:01:15.445706,6416.805,360.518,361.598
2026-08-12 21:01:16.445706,6417.805,359.573,361.463
2026-08-12 21:01:17.445706,6418.805,359.168,360.923
2026-08-12 21:01:18.445706,6419.805,359.910,360.518
2026-08-12 21:01:19.445706,6420.805,359.370,360.450
2026-08-12 21:01:20.445706,6421.805,362.543,360.248
2026-08-12 21:01:21.445706,6422.805,361.463,359.910
2026-08-12 21:01:22.445706,6423.805,362.205,359.843
2026-08-12 21:01:23.445706,6424.805,360.923,359.573
2026-08-12 21:01:24.445706,6425.805,360.248,359.843
2026-08-12 21:01:25.445706,6426.805,359.100,359.843
2026-08-12 21:01:26.445706,6427.805,359.370,359.708
2026-08-12 21:01:27.445706,6428.805,358.898,359.708
2026-08-12 21:01:28.445706,6429.805,357.008,359.370
2026-08-12 21:01:29.445706,6430.805,359.843,359.100
2026-08-12 21:01:30.445706,6431.805,359.033,359.033
2026-08-12 21:01:31.445706,6432.805,359.843,358.898
2026-08-12 21:01:32.445706,6433.805,359.708,358.493
2026-08-12 21:01:33.445706,6434.805,358.493,358.290
2026-08-12 21:01:34.445706,6435.805,358.290,358.020
2026-08-12 21:01:35.445706,6436.805,356.940,357.008
2026-08-12 21:01:36.445706,6437.805,356.873,356.940
2026-08-12 21:01:37.445706,6438.805,356.603,356.873
2026-08-12 21:01:38.445706,6439.805,356.535,356.603
2026-08-12 21:01:39.445706,6440.805,358.020,356.535
2026-08-12 21:01:40.445706,6441.805,355.860,355.860
2026-08-12 21:01:41.445706,6442.805,352.620,355.185
2026-08-12 21:01:42.445706,6443.805,355.185,354.780
2026-08-12 21:01:43.445706,6444.805,353.430,354.443
2026-08-12 21:01:44.445706,6445.805,352.620,354.443
2026-08-12 21:01:45.445706,6446.805,353.633,354.038
2026-08-12 21:01:46.445706,6447.805,351.810,353.633
2026-08-12 21:01:47.445706,6448.805,354.780,353.498
2026-08-12 21:01:48.445706,6449.805,352.080,353.430
2026-08-12 21:01:49.445706,6450.805,354.038,353.430
2026-08-12 21:01:50.445706,6451.805,354.443,352.620
2026-08-12 21:01:51.445706,6452.805,355.860,352.148
2026-08-12 21:01:52.445706,6453.805,353.498,352.148
2026-08-12 21:01:53.445706,6454.805,352.148,352.080
2026-08-12 21:01:54.445706,6455.805,351.473,352.080
2026-08-12 21:01:55.445706,6456.805,352.080,352.080
2026-08-12 21:01:56.445706,6457.805,351.945,351.945
2026-08-12 21:01:57.445706,6458.805,351.270,351.675
2026-08-12 21:01:58.445706,6459.805,351.675,351.473
2026-08-12 21:01:59.445706,6460.805,352.755,351.270
2026-08-12 21:02:00.445706,6461.805,351.203,351.203
2026-08-12 21:02:01.445706,6462.805,350.055,350.258
2026-08-12 21:02:02.445706,6463.805,348.435,350.123
2026-08-12 21:02:03.445706,6464.805,350.123,350.123
2026-08-12 21:02:04.445706,6465.805,350.258,350.123
2026-08-12 21:02:05.445706,6466.805,348.975,350.123
2026-08-12 21:02:06.445706,6467.805,348.570,350.123
2026-08-12 21:02:07.445706,6468.805,350.123,350.055
2026-08-12 21:02:08.445706,6469.805,348.570,349.448
2026-08-12 21:02:09.445706,6470.805,348.233,348.975
2026-08-12 21:02:10.445706,6471.805,350.730,348.975
2026-08-12 21:02:11.445706,6472.805,350.798,348.570
2026-08-12 21:02:12.445706,6473.805,350.528,348.570
2026-08-12 21:02:13.445706,6474.805,347.693,348.435
2026-08-12 21:02:14.445706,6475.805,349.448,348.435
2026-08-12 21:02:15.445706,6476.805,347.895,348.435
2026-08-12 21:02:16.445706,6477.805,348.435,348.435
2026-08-12 21:02:17.445706,6478.805,347.423,348.435
2026-08-12 21:02:18.445706,6479.805,348.233,348.435
2026-08-12 21:02:19.445706,6480.805,348.435,348.435
2026-08-12 21:02:20.445706,6481.805,346.545,348.233
2026-08-12 21:02:21.445706,6482.805,347.625,348.233
2026-08-12 21:02:22.445706,6483.805,348.773,348.233
2026-08-12 21:02:23.445706,6484.805,350.393,348.233
2026-08-12 21:02:24.445706,6485.805,350.460,348.165
2026-08-12 21:02:25.445706,6486.805,345.533,348.165
2026-08-12 21:02:26.445706,6487.805,349.178,347.963
2026-08-12 21:02:27.445706,6488.805,344.858,347.963
2026-08-12 21:02:28.445706,6489.805,348.165,347.963
2026-08-12 21:02:29.445706,6490.805,348.975,347.963
2026-08-12 21:02:30.445706,6491.805,347.625,347.963
2026-08-12 21:02:31.445706,6492.805,347.963,347.625
2026-08-12 21:02:32.445706,6493.805,347.963,347.625
2026-08-12 21:02:33.445706,6494.805,346.950,347.625
2026-08-12 21:02:34.445706,6495.805,347.625,347.625
2026-08-12 21:02:35.445706,6496.805,346.748,347.625
2026-08-12 21:02:36.445706,6497.805,345.668,347.490
2026-08-12 21:02:37.445706,6498.805,348.233,347.220
2026-08-12 21:02:38.445706,6499.805,344.925,347.220
2026-08-12 21:02:39.445706,6500.805,344.858,347.085
2026-08-12 21:02:40.445706,6501.805,348.233,347.018
2026-08-12 21:02:41.445706,6502.805,346.748,347.085
2026-08-12 21:02:42.445706,6503.805,347.490,347.018
2026-08-12 21:02:43.445706,6504.805,347.220,347.018
2026-08-12 21:02:44.445706,6505.805,347.085,347.018
2026-08-12 21:02:45.445706,6506.805,347.220,346.815
2026-08-12 21:02:46.445706,6507.805,346.815,346.815
2026-08-12 21:02:47.445706,6508.805,347.018,346.815
2026-08-12 21:02:48.445706,6509.805,347.355,346.815
2026-08-12 21:02:49.445706,6510.805,346.275,346.815
2026-08-12 21:02:50.445706,6511.805,345.938,346.275
2026-08-12 21:02:51.445706,6512.805,345.870,345.938
2026-08-12 21:02:52.445706,6513.805,345.938,345.938
2026-08-12 21:02:53.445706,6514.805,345.060,345.938
2026-08-12 21:02:54.445706,6515.805,345.533,345.938
2026-08-12 21:02:55.445706,6516.805,347.490,345.938
2026-08-12 21:02:56.445706,6517.805,343.980,345.938
2026-08-12 21:02:57.445706,6518.805,345.060,345.938
2026-08-12 21:02:58.445706,6519.805,344.250,345.870
2026-08-12 21:02:59.445706,6520.805,346.208,345.938
2026-08-12 21:03:00.445706,6521.805,347.895,345.600
2026-08-12 21:03:01.445706,6522.805,347.355,345.600
2026-08-12 21:03:02.445706,6523.805,346.410,345.600
2026-08-12 21:03:03.445706,6524.805,346.545,345.263
2026-08-12 21:03:04.445706,6525.805,345.600,345.263
2026-08-12 21:03:05.445706,6526.805,345.263,345.263
2026-08-12 21:03:06.445706,6527.805,346.883,345.263
2026-08-12 21:03:07.445706,6528.805,341.753,344.723
2026-08-12 21:03:08.445706,6529.805,343.845,344.385
2026-08-12 21:03:09.445706,6530.805,342.023,344.183
2026-08-12 21:03:10.445706,6531.805,343.778,343.845
2026-08-12 21:03:11.445706,6532.805,342.225,343.845
2026-08-12 21:03:12.445706,6533.805,344.723,343.778
2026-08-12 21:03:13.445706,6534.805,344.183,343.508
2026-08-12 21:03:14.445706,6535.805,343.508,343.508
2026-08-12 21:03:15.445706,6536.805,344.385,343.508
2026-08-12 21:03:16.445706,6537.805,343.508,343.373
2026-08-12 21:03:17.445706,6538.805,342.967,343.373
2026-08-12 21:03:18.445706,6539.805,344.925,343.373
2026-08-12 21:03:19.445706,6540.805,342.765,343.373
2026-08-12 21:03:20.445706,6541.805,341.213,342.967
2026-08-12 21:03:21.445706,6542.805,342.833,342.833
2026-08-12 21:03:22.445706,6543.805,341.618,342.765
2026-08-12 21:03:23.445706,6544.805,343.373,342.765
2026-08-12 21:03:24.445706,6545.805,342.698,342.765
2026-08-12 21:03:25.445706,6546.805,343.373,342.698
2026-08-12 21:03:26.445706,6547.805,340.268,342.158
2026-08-12 21:03:27.445706,6548.805,340.673,341.618
2026-08-12 21:03:28.445706,6549.805,342.765,341.618
2026-08-12 21:03:29.445706,6550.805,342.158,341.550
2026-08-12 21:03:30.445706,6551.805,342.765,341.213
2026-08-12 21:03:31.445706,6552.805,338.715,340.673
2026-08-12 21:03:32.445706,6553.805,339.525,340.268
2026-08-12 21:03:33.445706,6554.805,339.863,340.268
2026-08-12 21:03:34.445706,6555.805,341.550,339.863
2026-08-12 21:03:35.445706,6556.805,338.985,339.525
2026-08-12 21:03:36.445706,6557.805,341.213,339.458
2026-08-12 21:03:37.445706,6558.805,340.268,339.323
2026-08-12 21:03:38.445706,6559.805,337.703,339.188
2026-08-12 21:03:39.445706,6560.805,339.323,339.323
2026-08-12 21:03:40.445706,6561.805,337.770,339.188
2026-08-12 21:03:41.445706,6562.805,338.850,339.053
2026-08-12 21:03:42.445706,6563.805,339.458,339.053
2026-08-12 21:03:43.445706,6564.805,339.188,339.188
2026-08-12 21:03:44.445706,6565.805,339.053,339.053
2026-08-12 21:03:45.445706,6566.805,337.635,338.850
2026-08-12 21:03:46.445706,6567.805,339.998,338.850
2026-08-12 21:03:47.445706,6568.805,338.445,338.580
2026-08-12 21:03:48.445706,6569.805,335.880,338.580
2026-08-12 21:03:49.445706,6570.805,339.592,338.445
2026-08-12 21:03:50.445706,6571.805,339.863,337.635
2026-08-12 21:03:51.445706,6572.805,338.580,337.433
2026-08-12 21:03:52.445706,6573.805,337.433,337.028
2026-08-12 21:03:53.445706,6574.805,336.893,336.960
2026-08-12 21:03:54.445706,6575.805,336.893,336.893
2026-08-12 21:03:55.445706,6576.805,337.028,336.893
2026-08-12 21:03:56.445706,6577.805,336.825,336.893
2026-08-12 21:03:57.445706,6578.805,336.623,336.825
2026-08-12 21:03:58.445706,6579.805,335.070,336.623
2026-08-12 21:03:59.445706,6580.805,336.960,336.623
2026-08-12 21:04:00.445706,6581.805,336.623,336.285
2026-08-12 21:04:01.445706,6582.805,334.395,335.880
2026-08-12 21:04:02.445706,6583.805,336.285,335.138
2026-08-12 21:04:03.445706,6584.805,335.880,335.070
2026-08-12 21:04:04.445706,6585.805,334.395,335.070
2026-08-12 21:04:05.445706,6586.805,334.733,334.733
2026-08-12 21:04:06.445706,6587.805,334.260,334.665
2026-08-12 21:04:07.445706,6588.805,335.138,334.395
2026-08-12 21:04:08.445706,6589.805,335.070,334.395
2026-08-12 21:04:09.445706,6590.805,331.560,334.260
2026-08-12 21:04:10.445706,6591.805,332.978,334.125
2026-08-12 21:04:11.445706,6592.805,333.990,333.990
2026-08-12 21:04:12.445706,6593.805,334.665,333.990
2026-08-12 21:04:13.445706,6594.805,334.125,333.518
2026-08-12 21:04:14.445706,6595.805,331.155,332.978
2026-08-12 21:04:15.445706,6596.805,333.518,332.235
2026-08-12 21:04:16.445706,6597.805,331.290,331.560
2026-08-12 21:04:17.445706,6598.805,332.235,331.290
2026-08-12 21:04:18.445706,6599.805,329.940,331.223
2026-08-12 21:04:19.445706,6600.805,334.598,331.155
2026-08-12 21:04:20.445706,6601.805,330.480,330.818
2026-08-12 21:04:21.445706,6602.805,330.818,330.480
2026-08-12 21:04:22.445706,6603.805,329.400,329.940
2026-08-12 21:04:23.445706,6604.805,331.223,329.940
2026-08-12 21:04:24.445706,6605.805,329.467,329.940
2026-08-12 21:04:25.445706,6606.805,329.940,329.940
2026-08-12 21:04:26.445706,6607.805,329.738,329.738
2026-08-12 21:04:27.445706,6608.805,328.523,329.467
2026-08-12 21:04:28.445706,6609.805,327.983,329.400
2026-08-12 21:04:29.445706,6610.805,329.130,329.130
2026-08-12 21:04:30.445706,6611.805,330.008,328.793
2026-08-12 21:04:31.445706,6612.805,327.645,328.523
2026-08-12 21:04:32.445706,6613.805,331.088,327.983
2026-08-12 21:04:33.445706,6614.805,327.173,327.983
2026-08-12 21:04:34.445706,6615.805,326.565,327.713
2026-08-12 21:04:35.445706,6616.805,328.793,327.645
2026-08-12 21:04:36.445706,6617.805,327.443,327.645
2026-08-12 21:04:37.445706,6618.805,327.713,327.510
2026-08-12 21:04:38.445706,6619.805,327.983,327.443
2026-08-12 21:04:39.445706,6620.805,327.510,327.443
2026-08-12 21:04:40.445706,6621.805,326.430,327.173
2026-08-12 21:04:41.445706,6622.805,326.025,326.633
2026-08-12 21:04:42.445706,6623.805,327.645,326.633
2026-08-12 21:04:43.445706,6624.805,326.633,326.430
2026-08-12 21:04:44.445706,6625.805,327.443,326.025
2026-08-12 21:04:45.445706,6626.805,324.405,324.405
2026-08-12 21:04:46.445706,6627.805,322.312,324.405
2026-08-12 21:04:47.445706,6628.805,324.338,324.338
2026-08-12 21:04:48.445706,6629.805,323.123,323.190
2026-08-12 21:04:49.445706,6630.805,321.638,323.123
2026-08-12 21:04:50.445706,6631.805,322.650,322.650
2026-08-12 21:04:51.445706,6632.805,324.405,322.448
2026-08-12 21:04:52.445706,6633.805,322.448,322.312
2026-08-12 21:04:53.445706,6634.805,321.705,321.705
2026-08-12 21:04:54.445706,6635.805,320.558,321.638
2026-08-12 21:04:55.445706,6636.805,323.190,321.503
2026-08-12 21:04:56.445706,6637.805,321.503,320.558
2026-08-12 21:04:57.445706,6638.805,320.220,320.220
2026-08-12 21:04:58.445706,6639.805,320.153,320.153
2026-08-12 21:04:59.445706,6640.805,318.668,320.153
2026-08-12 21:05:00.445706,6641.805,320.153,319.815
2026-08-12 21:05:01.445706,6642.805,317.655,319.275
2026-08-12 21:05:02.445706,6643.805,319.815,318.668
2026-08-12 21:05:03.445706,6644.805,319.275,318.398
2026-08-12 21:05:04.445706,6645.805,318.398,318.263
2026-08-12 21:05:05.445706,6646.805,317.588,317.790
2026-08-12 21:05:06.445706,6647.805,318.263,317.655
2026-08-12 21:05:07.445706,6648.805,316.845,317.588
2026-08-12 21:05:08.445706,6649.805,317.790,316.845
2026-08-12 21:05:09.445706,6650.805,316.710,316.845
2026-08-12 21:05:10.445706,6651.805,316.103,316.710
2026-08-12 21:05:11.445706,6652.805,315.090,316.103
2026-08-12 21:05:12.445706,6653.805,315.900,315.900
2026-08-12 21:05:13.445706,6654.805,316.845,315.630
2026-08-12 21:05:14.445706,6655.805,315.630,315.090
2026-08-12 21:05:15.445706,6656.805,314.888,314.888
2026-08-12 21:05:16.445706,6657.805,314.415,314.685
2026-08-12 21:05:17.445706,6658.805,314.685,314.618
2026-08-12 21:05:18.445706,6659.805,314.618,314.415
2026-08-12 21:05:19.445706,6660.805,313.740,314.348
2026-08-12 21:05:20.445706,6661.805,312.592,313.740
2026-08-12 21:05:21.445706,6662.805,314.348,312.592
2026-08-12 21:05:22.445706,6663.805,312.525,312.525
2026-08-12 21:05:23.445706,6664.805,311.850,312.458
2026-08-12 21:05:24.445706,6665.805,312.458,311.850
2026-08-12 21:05:25.445706,6666.805,311.310,311.310
2026-08-12 21:05:26.445706,6667.805,308.408,310.973
2026-08-12 21:05:27.445706,6668.805,310.973,310.905
2026-08-12 21:05:28.445706,6669.805,309.353,310.568
2026-08-12 21:05:29.445706,6670.805,308.812,309.353
2026-08-12 21:05:30.445706,6671.805,310.568,308.880
2026-08-12 21:05:31.445706,6672.805,308.880,308.812
2026-08-12 21:05:32.445706,6673.805,310.905,308.408
2026-08-12 21:05:33.445706,6674.805,308.070,308.340
2026-08-12 21:05:34.445706,6675.805,307.800,308.340
2026-08-12 21:05:35.445706,6676.805,308.340,308.070
2026-08-12 21:05:36.445706,6677.805,306.113,307.800
2026-08-12 21:05:37.445706,6678.805,308.340,307.665
2026-08-12 21:05:38.445706,6679.805,307.665,307.328
2026-08-12 21:05:39.445706,6680.805,304.560,307.125
2026-08-12 21:05:40.445706,6681.805,307.328,306.990
2026-08-12 21:05:41.445706,6682.805,307.125,306.247
2026-08-12 21:05:42.445706,6683.805,306.990,306.113
2026-08-12 21:05:43.445706,6684.805,305.842,305.842
2026-08-12 21:05:44.445706,6685.805,306.247,304.560
2026-08-12 21:05:45.445706,6686.805,304.020,304.358
2026-08-12 21:05:46.445706,6687.805,304.088,304.088
2026-08-12 21:05:47.445706,6688.805,304.358,304.020
2026-08-12 21:05:48.445706,6689.805,303.143,303.615
2026-08-12 21:05:49.445706,6690.805,303.615,303.413
2026-08-12 21:05:50.445706,6691.805,303.413,303.278
2026-08-12 21:05:51.445706,6692.805,303.278,303.143
2026-08-12 21:05:52.445706,6693.805,300.848,301.725
2026-08-12 21:05:53.445706,6694.805,299.970,300.848
2026-08-12 21:05:54.445706,6695.805,300.645,300.645
2026-08-12 21:05:55.445706,6696.805,299.497,300.578
2026-08-12 21:05:56.445706,6697.805,299.970,299.970
2026-08-12 21:05:57.445706,6698.805,300.578,299.970
2026-08-12 21:05:58.445706,6699.805,301.725,299.835
2026-08-12 21:05:59.445706,6700.805,299.295,299.497
2026-08-12 21:06:00.445706,6701.805,299.025,299.295
2026-08-12 21:06:01.445706,6702.805,296.055,299.025
2026-08-12 21:06:02.445706,6703.805,299.835,298.283
2026-08-12 21:06:03.445706,6704.805,296.460,298.080
2026-08-12 21:06:04.445706,6705.805,297.000,297.810
2026-08-12 21:06:05.445706,6706.805,297.675,297.675
2026-08-12 21:06:06.445706,6707.805,297.270,297.270
2026-08-12 21:06:07.445706,6708.805,298.080,297.000
2026-08-12 21:06:08.445706,6709.805,297.810,296.460
2026-08-12 21:06:09.445706,6710.805,298.283,296.460
2026-08-12 21:06:10.445706,6711.805,295.043,295.043
2026-08-12 21:06:11.445706,6712.805,294.368,294.368
2026-08-12 21:06:12.445706,6713.805,292.950,293.153
2026-08-12 21:06:13.445706,6714.805,292.883,292.950
2026-08-12 21:06:14.445706,6715.805,293.153,292.883
2026-08-12 21:06:15.445706,6716.805,291.533,292.478
2026-08-12 21:06:16.445706,6717.805,290.520,291.803
2026-08-12 21:06:17.445706,6718.805,291.803,291.533
2026-08-12 21:06:18.445706,6719.805,290.453,290.723
2026-08-12 21:06:19.445706,6720.805,292.478,290.520
2026-08-12 21:06:20.445706,6721.805,290.723,290.453
2026-08-12 21:06:21.445706,6722.805,289.575,290.385
2026-08-12 21:06:22.445706,6723.805,290.385,289.710
2026-08-12 21:06:23.445706,6724.805,289.238,289.575
2026-08-12 21:06:24.445706,6725.805,288.900,289.238
2026-08-12 21:06:25.445706,6726.805,289.710,288.900
2026-08-12 21:06:26.445706,6727.805,287.415,288.900
2026-08-12 21:06:27.445706,6728.805,287.415,288.360
2026-08-12 21:06:28.445706,6729.805,288.360,287.415
2026-08-12 21:06:29.445706,6730.805,286.943,287.415
2026-08-12 21:06:30.445706,6731.805,288.900,286.943
2026-08-12 21:06:31.445706,6732.805,283.365,285.795
2026-08-12 21:06:32.445706,6733.805,284.243,285.255
2026-08-12 21:06:33.445706,6734.805,285.795,284.445
2026-08-12 21:06:34.445706,6735.805,285.255,284.243
2026-08-12 21:06:35.445706,6736.805,283.568,283.568
2026-08-12 21:06:36.445706,6737.805,282.488,283.365
2026-08-12 21:06:37.445706,6738.805,281.880,282.488
2026-08-12 21:06:38.445706,6739.805,280.598,282.015
2026-08-12 21:06:39.445706,6740.805,284.445,281.880
2026-08-12 21:06:40.445706,6741.805,281.610,281.610
2026-08-12 21:06:41.445706,6742.805,282.015,280.733
2026-08-12 21:06:42.445706,6743.805,280.665,280.665
2026-08-12 21:06:43.445706,6744.805,280.733,280.598
2026-08-12 21:06:44.445706,6745.805,277.155,280.463
2026-08-12 21:06:45.445706,6746.805,280.463,278.978
2026-08-12 21:06:46.445706,6747.805,278.978,278.235
2026-08-12 21:06:47.445706,6748.805,278.235,278.168
2026-08-12 21:06:48.445706,6749.805,278.168,277.695
2026-08-12 21:06:49.445706,6750.805,277.088,277.290
2026-08-12 21:06:50.445706,6751.805,277.695,277.155
2026-08-12 21:06:51.445706,6752.805,276.953,277.088
2026-08-12 21:06:52.445706,6753.805,276.413,276.953
2026-08-12 21:06:53.445706,6754.805,275.062,276.413
2026-08-12 21:06:54.445706,6755.805,277.290,276.277
2026-08-12 21:06:55.445706,6756.805,274.253,275.062
2026-08-12 21:06:56.445706,6757.805,274.185,274.388
2026-08-12 21:06:57.445706,6758.805,274.118,274.253
2026-08-12 21:06:58.445706,6759.805,274.388,274.185
2026-08-12 21:06:59.445706,6760.805,272.700,274.118
2026-08-12 21:07:00.445706,6761.805,276.277,272.700
2026-08-12 21:07:01.445706,6762.805,270.675,270.743
2026-08-12 21:07:02.445706,6763.805,270.270,270.675
2026-08-12 21:07:03.445706,6764.805,270.743,270.270
2026-08-12 21:07:04.445706,6765.805,269.798,269.798
2026-08-12 21:07:05.445706,6766.805,269.122,269.122
2026-08-12 21:07:06.445706,6767.805,268.988,268.988
2026-08-12 21:07:07.445706,6768.805,268.312,268.312
2026-08-12 21:07:08.445706,6769.805,265.747,266.085
2026-08-12 21:07:09.445706,6770.805,265.747,266.085
2026-08-12 21:07:10.445706,6771.805,264.330,265.747
2026-08-12 21:07:11.445706,6772.805,266.085,265.747
2026-08-12 21:07:12.445706,6773.805,265.208,265.478
2026-08-12 21:07:13.445706,6774.805,265.478,265.342
2026-08-12 21:07:14.445706,6775.805,265.342,265.208
2026-08-12 21:07:15.445706,6776.805,265.208,265.208
2026-08-12 21:07:16.445706,6777.805,266.288,264.330
2026-08-12 21:07:17.445706,6778.805,264.060,264.060
2026-08-12 21:07:18.445706,6779.805,263.858,263.858
2026-08-12 21:07:19.445706,6780.805,262.508,263.115
2026-08-12 21:07:20.445706,6781.805,263.115,262.575
2026-08-12 21:07:21.445706,6782.805,260.483,262.508
2026-08-12 21:07:22.445706,6783.805,262.103,262.103
2026-08-12 21:07:23.445706,6784.805,262.575,261.900
2026-08-12 21:07:24.445706,6785.805,260.888,261.562
2026-08-12 21:07:25.445706,6786.805,261.562,260.888
2026-08-12 21:07:26.445706,6787.805,261.900,260.483
2026-08-12 21:07:27.445706,6788.805,258.188,258.188
2026-08-12 21:07:28.445706,6789.805,257.445,257.783
2026-08-12 21:07:29.445706,6790.805,256.973,257.648
2026-08-12 21:07:30.445706,6791.805,257.783,257.445
2026-08-12 21:07:31.445706,6792.805,255.893,256.973
2026-08-12 21:07:32.445706,6793.805,256.500,256.500
2026-08-12 21:07:33.445706,6794.805,257.648,256.163
2026-08-12 21:07:34.445706,6795.805,256.163,255.893
2026-08-12 21:07:35.445706,6796.805,254.610,254.610
2026-08-12 21:07:36.445706,6797.805,253.935,253.935
2026-08-12 21:07:37.445706,6798.805,250.223,253.193
2026-08-12 21:07:38.445706,6799.805,252.383,252.450
2026-08-12 21:07:39.445706,6800.805,252.450,252.383
2026-08-12 21:07:40.445706,6801.805,253.193,251.235
2026-08-12 21:07:41.445706,6802.805,251.235,251.100
2026-08-12 21:07:42.445706,6803.805,251.100,250.223
2026-08-12 21:07:43.445706,6804.805,249.818,250.155
2026-08-12 21:07:44.445706,6805.805,249.615,249.818
2026-08-12 21:07:45.445706,6806.805,248.535,249.615
2026-08-12 21:07:46.445706,6807.805,250.155,248.535
2026-08-12 21:07:47.445706,6808.805,248.535,248.535
2026-08-12 21:07:48.445706,6809.805,246.443,247.793
2026-08-12 21:07:49.445706,6810.805,247.793,246.780
2026-08-12 21:07:50.445706,6811.805,246.240,246.443
2026-08-12 21:07:51.445706,6812.805,246.780,246.240
2026-08-12 21:07:52.445706,6813.805,244.890,244.890
2026-08-12 21:07:53.445706,6814.805,244.890,244.890
2026-08-12 21:07:54.445706,6815.805,244.013,244.823
2026-08-12 21:07:55.445706,6816.805,244.823,244.283
2026-08-12 21:07:56.445706,6817.805,244.283,244.013
2026-08-12 21:07:57.445706,6818.805,242.798,242.798
2026-08-12 21:07:58.445706,6819.805,242.595,242.595
2026-08-12 21:07:59.445706,6820.805,241.785,241.988
2026-08-12 21:08:00.445706,6821.805,241.988,241.785
2026-08-12 21:08:01.445706,6822.805,240.165,240.908
2026-08-12 21:08:02.445706,6823.805,240.908,240.165
2026-08-12 21:08:03.445706,6824.805,238.680,239.153
2026-08-12 21:08:04.445706,6825.805,237.668,238.680
2026-08-12 21:08:05.445706,6826.805,239.153,237.668
2026-08-12 21:08:06.445706,6827.805,236.048,237.465
2026-08-12 21:08:07.445706,6828.805,235.575,236.250
2026-08-12 21:08:08.445706,6829.805,237.465,236.048
2026-08-12 21:08:09.445706,6830.805,236.048,236.048
2026-08-12 21:08:10.445706,6831.805,236.250,235.575
2026-08-12 21:08:11.445706,6832.805,233.618,235.373
2026-08-12 21:08:12.445706,6833.805,235.373,233.888
2026-08-12 21:08:13.445706,6834.805,233.415,233.618
2026-08-12 21:08:14.445706,6835.805,233.888,233.415
2026-08-12 21:08:15.445706,6836.805,231.728,233.280
2026-08-12 21:08:16.445706,6837.805,231.458,231.728
2026-08-12 21:08:17.445706,6838.805,233.280,231.458
2026-08-12 21:08:18.445706,6839.805,230.513,230.715
2026-08-12 21:08:19.445706,6840.805,230.715,230.513
2026-08-12 21:08:20.445706,6841.805,228.420,229.298
2026-08-12 21:08:21.445706,6842.805,229.298,228.623
2026-08-12 21:08:22.445706,6843.805,226.530,228.488
2026-08-12 21:08:23.445706,6844.805,228.488,228.420
2026-08-12 21:08:24.445706,6845.805,228.150,228.218
2026-08-12 21:08:25.445706,6846.805,228.218,228.150
2026-08-12 21:08:26.445706,6847.805,228.623,227.813
2026-08-12 21:08:27.445706,6848.805,225.855,226.530
2026-08-12 21:08:28.445706,6849.805,227.813,226.193
2026-08-12 21:08:29.445706,6850.805,224.640,225.855
2026-08-12 21:08:30.445706,6851.805,226.193,225.315
2026-08-12 21:08:31.445706,6852.805,225.315,225.248
2026-08-12 21:08:32.445706,6853.805,225.248,224.640
2026-08-12 21:08:33.445706,6854.805,222.075,224.303
2026-08-12 21:08:34.445706,6855.805,224.303,222.143
2026-08-12 21:08:35.445706,6856.805,222.075,222.075
2026-08-12 21:08:36.445706,6857.805,222.143,222.075
2026-08-12 21:08:37.445706,6858.805,219.375,221.198
2026-08-12 21:08:38.445706,6859.805,221.198,221.130
2026-08-12 21:08:39.445706,6860.805,221.063,221.063
2026-08-12 21:08:40.445706,6861.805,220.860,220.860
2026-08-12 21:08:41.445706,6862.805,220.050,220.860
2026-08-12 21:08:42.445706,6863.805,220.185,220.185
2026-08-12 21:08:43.445706,6864.805,221.130,220.050
2026-08-12 21:08:44.445706,6865.805,220.860,219.375
2026-08-12 21:08:45.445706,6866.805,218.228,218.228
2026-08-12 21:08:46.445706,6867.805,215.933,217.823
2026-08-12 21:08:47.445706,6868.805,216.608,216.608
2026-08-12 21:08:48.445706,6869.805,214.920,215.933
2026-08-12 21:08:49.445706,6870.805,215.460,215.696
2026-08-12 21:08:50.445706,6871.805,217.823,215.460
2026-08-12 21:08:51.445706,6872.805,214.785,215.190
2026-08-12 21:08:52.445706,6873.805,211.613,214.920
2026-08-12 21:08:53.445706,6874.805,171.518,214.853
2026-08-12 21:08:54.445706,6875.805,138.038,214.785
2026-08-12 21:08:55.445706,6876.805,124.943,213.199
